trading_day,contract,start_utc,end_utc,rth_end_utc,or5_15s_bars,distinct_slots,invalid_slots,invalid_bars,raw_tick_rows,tick_contract_count,tick_contract,invalid_ticks,off_tick_grid,first_tick_utc,last_tick_utc,bad_footprint_bars,rth_15s_bars,status,reason,or5_red,score_v2,vbp_imbalance,f3_0,original_fixture_present,volroll_feature_source,legacy_preserved_row_source,legacy_vs_volroll_feature_mismatch,historical_regression_input
2025-06-17,NQU25,2025-06-17 13:30:00,2025-06-17 13:35:00,2025-06-17 20:00:00,20,20,0,0,8822,1,NQU25,0,0,2025-06-17 13:30:00.000,2025-06-17 13:34:59.983000,0,1560,"non-red OR5, excluded from F3",,False,1.0,-0.525253,False,False,VolRoll ticks and 15-second bars; original v2 formula,new VolRoll original-code generation,False,not in original fixture
2025-06-18,NQU25,2025-06-18 13:30:00,2025-06-18 13:35:00,2025-06-18 20:00:00,20,20,0,0,10896,1,NQU25,0,0,2025-06-18 13:30:00.000,2025-06-18 13:34:59.951000,0,1560,features generated,,True,-8.0,-0.601811,True,False,VolRoll ticks and 15-second bars; original v2 formula,new VolRoll original-code generation,False,not in original fixture
2025-06-19,NQU25,2025-06-19 13:30:00,2025-06-19 13:35:00,2025-06-19 20:00:00,20,20,0,0,1686,1,NQU25,0,0,2025-06-19 13:30:00.293,2025-06-19 13:34:59.454004,0,840,features generated,,True,-9.0,-0.423323,True,False,VolRoll ticks and 15-second bars; original v2 formula,new VolRoll original-code generation,False,not in original fixture
2025-06-20,NQU25,2025-06-20 13:30:00,2025-06-20 13:35:00,2025-06-20 20:00:00,20,20,0,0,11663,1,NQU25,0,0,2025-06-20 13:30:00.000,2025-06-20 13:34:59.983003,0,1560,"non-red OR5, excluded from F3",,False,7.0,0.558461,False,False,VolRoll ticks and 15-second bars; original v2 formula,new VolRoll original-code generation,False,not in original fixture
2025-06-23,NQU25,2025-06-23 13:30:00,2025-06-23 13:35:00,2025-06-23 20:00:00,20,20,0,0,15531,1,NQU25,0,0,2025-06-23 13:30:00.001,2025-06-23 13:34:59.847000,0,1560,features generated,,True,-6.0,0.022699,False,False,VolRoll ticks and 15-second bars; original v2 formula,new VolRoll original-code generation,False,not in original fixture
2025-06-24,NQU25,2025-06-24 13:30:00,2025-06-24 13:35:00,2025-06-24 20:00:00,20,20,0,0,13824,1,NQU25,0,0,2025-06-24 13:30:00.001,2025-06-24 13:34:59.949000,0,1560,"non-red OR5, excluded from F3",,False,4.0,0.432564,False,False,VolRoll ticks and 15-second bars; original v2 formula,new VolRoll original-code generation,False,not in original fixture
2025-06-25,NQU25,2025-06-25 13:30:00,2025-06-25 13:35:00,2025-06-25 20:00:00,20,20,0,0,12814,1,NQU25,0,0,2025-06-25 13:30:00.000,2025-06-25 13:34:59.948000,0,1560,"non-red OR5, excluded from F3",,False,1.0,-0.287331,False,False,VolRoll ticks and 15-second bars; original v2 formula,new VolRoll original-code generation,False,not in original fixture
2025-06-26,NQU25,2025-06-26 13:30:00,2025-06-26 13:35:00,2025-06-26 20:00:00,20,20,0,0,12068,1,NQU25,0,0,2025-06-26 13:30:00.000,2025-06-26 13:34:59.928000,0,1560,features generated,,True,-5.0,-0.387886,True,False,VolRoll ticks and 15-second bars; original v2 formula,new VolRoll original-code generation,False,not in original fixture
2025-06-27,NQU25,2025-06-27 13:30:00,2025-06-27 13:35:00,2025-06-27 20:00:00,20,20,0,0,11509,1,NQU25,0,0,2025-06-27 13:30:00.000,2025-06-27 13:34:59.997001,0,1560,"non-red OR5, excluded from F3",,False,7.0,0.273236,False,False,VolRoll ticks and 15-second bars; original v2 formula,new VolRoll original-code generation,False,not in original fixture
2025-06-30,NQU25,2025-06-30 13:30:00,2025-06-30 13:35:00,2025-06-30 20:00:00,20,20,0,0,12999,1,NQU25,0,0,2025-06-30 13:30:00.000,2025-06-30 13:34:59.851001,0,1560,features generated,,True,-6.0,-0.408979,True,False,VolRoll ticks and 15-second bars; original v2 formula,new VolRoll original-code generation,False,not in original fixture
2025-07-01,NQU25,2025-07-01 13:30:00,2025-07-01 13:35:00,2025-07-01 20:00:00,20,20,0,0,10564,1,NQU25,0,0,2025-07-01 13:30:00.000,2025-07-01 13:34:59.977000,0,1560,"non-red OR5, excluded from F3",,False,-3.0,-0.100836,False,False,VolRoll ticks and 15-second bars; original v2 formula,new VolRoll original-code generation,False,not in original fixture
2025-07-02,NQU25,2025-07-02 13:30:00,2025-07-02 13:35:00,2025-07-02 20:00:00,20,20,0,0,11061,1,NQU25,0,0,2025-07-02 13:30:00.000,2025-07-02 13:34:59.763004,0,1560,"non-red OR5, excluded from F3",,False,0.0,-0.516219,False,False,VolRoll ticks and 15-second bars; original v2 formula,new VolRoll original-code generation,False,not in original fixture
2025-07-03,NQU25,2025-07-03 13:30:00,2025-07-03 13:35:00,2025-07-03 20:00:00,20,20,0,0,12008,1,NQU25,0,0,2025-07-03 13:30:00.002,2025-07-03 13:34:59.984001,0,900,"non-red OR5, excluded from F3",,False,0.0,-0.599987,False,False,VolRoll ticks and 15-second bars; original v2 formula,new VolRoll original-code generation,False,not in original fixture
2025-07-04,NQU25,2025-07-04 13:30:00,2025-07-04 13:35:00,2025-07-04 20:00:00,20,20,0,0,1087,1,NQU25,0,0,2025-07-04 13:30:00.108,2025-07-04 13:34:59.392000,0,835,features generated,,True,-3.0,0.255041,False,False,VolRoll ticks and 15-second bars; original v2 formula,new VolRoll original-code generation,False,not in original fixture
2025-07-07,NQU25,2025-07-07 13:30:00,2025-07-07 13:35:00,2025-07-07 20:00:00,20,20,0,0,15353,1,NQU25,0,0,2025-07-07 13:30:00.001,2025-07-07 13:34:59.958000,0,1560,features generated,,True,-5.0,-0.49032,True,False,VolRoll ticks and 15-second bars; original v2 formula,new VolRoll original-code generation,False,not in original fixture
2025-07-08,NQU25,2025-07-08 13:30:00,2025-07-08 13:35:00,2025-07-08 20:00:00,20,20,0,0,10390,1,NQU25,0,0,2025-07-08 13:30:00.000,2025-07-08 13:34:59.982000,0,1560,features generated,,True,-8.0,-0.461756,True,False,VolRoll ticks and 15-second bars; original v2 formula,new VolRoll original-code generation,False,not in original fixture
2025-07-09,NQU25,2025-07-09 13:30:00,2025-07-09 13:35:00,2025-07-09 20:00:00,20,20,0,0,12387,1,NQU25,0,0,2025-07-09 13:30:00.000,2025-07-09 13:34:59.968003,0,1560,"non-red OR5, excluded from F3",,False,8.0,0.389372,False,False,VolRoll ticks and 15-second bars; original v2 formula,new VolRoll original-code generation,False,not in original fixture
2025-07-10,NQU25,2025-07-10 13:30:00,2025-07-10 13:35:00,2025-07-10 20:00:00,20,20,0,0,13006,1,NQU25,0,0,2025-07-10 13:30:00.000,2025-07-10 13:34:59.999001,0,1560,features generated,,True,-7.0,-0.442964,True,False,VolRoll ticks and 15-second bars; original v2 formula,new VolRoll original-code generation,False,not in original fixture
2025-07-11,NQU25,2025-07-11 13:30:00,2025-07-11 13:35:00,2025-07-11 20:00:00,20,20,0,0,11768,1,NQU25,0,0,2025-07-11 13:30:00.000,2025-07-11 13:34:59.929001,0,1560,"non-red OR5, excluded from F3",,False,-3.0,-0.621127,False,False,VolRoll ticks and 15-second bars; original v2 formula,new VolRoll original-code generation,False,not in original fixture
2025-07-14,NQU25,2025-07-14 13:30:00,2025-07-14 13:35:00,2025-07-14 20:00:00,20,20,0,0,17023,1,NQU25,0,0,2025-07-14 13:30:00.000,2025-07-14 13:34:59.979000,0,1560,features generated,,True,-7.0,-0.78588,True,False,VolRoll ticks and 15-second bars; original v2 formula,new VolRoll original-code generation,False,not in original fixture
2025-07-15,NQU25,2025-07-15 13:30:00,2025-07-15 13:35:00,2025-07-15 20:00:00,20,20,0,0,15776,1,NQU25,0,0,2025-07-15 13:30:00.000,2025-07-15 13:34:59.972003,0,1560,features generated,,True,-7.0,-0.816065,True,False,VolRoll ticks and 15-second bars; original v2 formula,new VolRoll original-code generation,False,not in original fixture
2025-07-16,NQU25,2025-07-16 13:30:00,2025-07-16 13:35:00,2025-07-16 20:00:00,20,20,0,0,16492,1,NQU25,0,0,2025-07-16 13:30:00.000,2025-07-16 13:34:59.833000,0,1560,features generated,,True,-7.0,-0.260789,True,False,VolRoll ticks and 15-second bars; original v2 formula,new VolRoll original-code generation,False,not in original fixture
2025-07-17,NQU25,2025-07-17 13:30:00,2025-07-17 13:35:00,2025-07-17 20:00:00,20,20,0,0,13850,1,NQU25,0,0,2025-07-17 13:30:00.000,2025-07-17 13:34:59.988000,0,1560,features generated,,True,-5.0,-0.198503,True,False,VolRoll ticks and 15-second bars; original v2 formula,new VolRoll original-code generation,False,not in original fixture
2025-07-18,NQU25,2025-07-18 13:30:00,2025-07-18 13:35:00,2025-07-18 20:00:00,20,20,0,0,16892,1,NQU25,0,0,2025-07-18 13:30:00.000,2025-07-18 13:34:59.970000,0,1560,features generated,,True,1.0,0.382268,False,False,VolRoll ticks and 15-second bars; original v2 formula,new VolRoll original-code generation,False,not in original fixture
2025-07-21,NQU25,2025-07-21 13:30:00,2025-07-21 13:35:00,2025-07-21 20:00:00,20,20,0,0,11415,1,NQU25,0,0,2025-07-21 13:30:00.000,2025-07-21 13:34:59.957000,0,1560,"non-red OR5, excluded from F3",,False,8.0,0.497597,False,False,VolRoll ticks and 15-second bars; original v2 formula,new VolRoll original-code generation,False,not in original fixture
2025-07-22,NQU25,2025-07-22 13:30:00,2025-07-22 13:35:00,2025-07-22 20:00:00,20,20,0,0,15992,1,NQU25,0,0,2025-07-22 13:30:00.000,2025-07-22 13:34:59.902001,0,1560,features generated,,True,-4.0,-0.258341,False,False,VolRoll ticks and 15-second bars; original v2 formula,new VolRoll original-code generation,False,not in original fixture
2025-07-23,NQU25,2025-07-23 13:30:00,2025-07-23 13:35:00,2025-07-23 20:00:00,20,20,0,0,17673,1,NQU25,0,0,2025-07-23 13:30:00.000,2025-07-23 13:34:59.899000,0,1560,features generated,,True,3.0,0.678266,False,False,VolRoll ticks and 15-second bars; original v2 formula,new VolRoll original-code generation,False,not in original fixture
2025-07-24,NQU25,2025-07-24 13:30:00,2025-07-24 13:35:00,2025-07-24 20:00:00,20,20,0,0,16196,1,NQU25,0,0,2025-07-24 13:30:00.000,2025-07-24 13:34:59.972001,0,1560,features generated,,True,-2.0,0.205388,False,False,VolRoll ticks and 15-second bars; original v2 formula,new VolRoll original-code generation,False,not in original fixture
2025-07-25,NQU25,2025-07-25 13:30:00,2025-07-25 13:35:00,2025-07-25 20:00:00,20,20,0,0,11324,1,NQU25,0,0,2025-07-25 13:30:00.000,2025-07-25 13:34:59.977000,0,1560,"non-red OR5, excluded from F3",,False,7.0,0.483963,False,False,VolRoll ticks and 15-second bars; original v2 formula,new VolRoll original-code generation,False,not in original fixture
2025-07-28,NQU25,2025-07-28 13:30:00,2025-07-28 13:35:00,2025-07-28 20:00:00,20,20,0,0,14394,1,NQU25,0,0,2025-07-28 13:30:00.000,2025-07-28 13:34:59.951000,0,1560,"non-red OR5, excluded from F3",,False,7.0,0.583587,False,False,VolRoll ticks and 15-second bars; original v2 formula,new VolRoll original-code generation,False,not in original fixture
2025-07-29,NQU25,2025-07-29 13:30:00,2025-07-29 13:35:00,2025-07-29 20:00:00,20,20,0,0,18186,1,NQU25,0,0,2025-07-29 13:30:00.000,2025-07-29 13:34:59.957000,0,1560,"non-red OR5, excluded from F3",,False,7.0,0.308027,False,False,VolRoll ticks and 15-second bars; original v2 formula,new VolRoll original-code generation,False,not in original fixture
2025-07-30,NQU25,2025-07-30 13:30:00,2025-07-30 13:35:00,2025-07-30 20:00:00,20,20,0,0,13577,1,NQU25,0,0,2025-07-30 13:30:00.001,2025-07-30 13:34:59.865000,0,1560,features generated,,True,3.0,-0.120596,False,False,VolRoll ticks and 15-second bars; original v2 formula,new VolRoll original-code generation,False,not in original fixture
2025-07-31,NQU25,2025-07-31 13:30:00,2025-07-31 13:35:00,2025-07-31 20:00:00,20,20,0,0,25987,1,NQU25,0,0,2025-07-31 13:30:00.000,2025-07-31 13:34:59.999000,0,1560,features generated,,True,-4.0,0.444004,False,False,VolRoll ticks and 15-second bars; original v2 formula,new VolRoll original-code generation,False,not in original fixture
2025-08-01,NQU25,2025-08-01 13:30:00,2025-08-01 13:35:00,2025-08-01 20:00:00,20,20,0,0,23349,1,NQU25,0,0,2025-08-01 13:30:00.000,2025-08-01 13:34:59.974000,0,1560,features generated,,True,-6.0,-0.376677,True,False,VolRoll ticks and 15-second bars; original v2 formula,new VolRoll original-code generation,False,not in original fixture
2025-08-04,NQU25,2025-08-04 13:30:00,2025-08-04 13:35:00,2025-08-04 20:00:00,20,20,0,0,16668,1,NQU25,0,0,2025-08-04 13:30:00.000,2025-08-04 13:34:59.890000,0,1560,"non-red OR5, excluded from F3",,False,8.0,0.588371,False,False,VolRoll ticks and 15-second bars; original v2 formula,new VolRoll original-code generation,False,not in original fixture
2025-08-05,NQU25,2025-08-05 13:30:00,2025-08-05 13:35:00,2025-08-05 20:00:00,20,20,0,0,15695,1,NQU25,0,0,2025-08-05 13:30:00.000,2025-08-05 13:34:59.969000,0,1560,features generated,,True,-8.0,-0.40644,True,False,VolRoll ticks and 15-second bars; original v2 formula,new VolRoll original-code generation,False,not in original fixture
2025-08-06,NQU25,2025-08-06 13:30:00,2025-08-06 13:35:00,2025-08-06 20:00:00,20,20,0,0,15025,1,NQU25,0,0,2025-08-06 13:30:00.000,2025-08-06 13:34:59.986001,0,1560,"non-red OR5, excluded from F3",,False,8.0,0.580635,False,False,VolRoll ticks and 15-second bars; original v2 formula,new VolRoll original-code generation,False,not in original fixture
2025-08-07,NQU25,2025-08-07 13:30:00,2025-08-07 13:35:00,2025-08-07 20:00:00,20,20,0,0,15058,1,NQU25,0,0,2025-08-07 13:30:00.000,2025-08-07 13:34:59.841000,0,1560,"non-red OR5, excluded from F3",,False,5.0,0.287239,False,False,VolRoll ticks and 15-second bars; original v2 formula,new VolRoll original-code generation,False,not in original fixture
2025-08-08,NQU25,2025-08-08 13:30:00,2025-08-08 13:35:00,2025-08-08 20:00:00,20,20,0,0,11832,1,NQU25,0,0,2025-08-08 13:30:00.001,2025-08-08 13:34:59.917000,0,1560,"non-red OR5, excluded from F3",,False,-3.0,-0.680384,False,False,VolRoll ticks and 15-second bars; original v2 formula,new VolRoll original-code generation,False,not in original fixture
2025-08-11,NQU25,2025-08-11 13:30:00,2025-08-11 13:35:00,2025-08-11 20:00:00,20,20,0,0,13643,1,NQU25,0,0,2025-08-11 13:30:00.000,2025-08-11 13:34:59.993006,0,1560,features generated,,True,-6.0,-0.546483,True,False,VolRoll ticks and 15-second bars; original v2 formula,new VolRoll original-code generation,False,not in original fixture
2025-08-12,NQU25,2025-08-12 13:30:00,2025-08-12 13:35:00,2025-08-12 20:00:00,20,20,0,0,16027,1,NQU25,0,0,2025-08-12 13:30:00.001,2025-08-12 13:34:59.921000,0,1560,"non-red OR5, excluded from F3",,False,6.0,0.87516,False,False,VolRoll ticks and 15-second bars; original v2 formula,new VolRoll original-code generation,False,not in original fixture
2025-08-13,NQU25,2025-08-13 13:30:00,2025-08-13 13:35:00,2025-08-13 20:00:00,20,20,0,0,12716,1,NQU25,0,0,2025-08-13 13:30:00.000,2025-08-13 13:34:59.958001,0,1560,"non-red OR5, excluded from F3",,False,3.0,0.263428,False,False,VolRoll ticks and 15-second bars; original v2 formula,new VolRoll original-code generation,False,not in original fixture
2025-08-14,NQU25,2025-08-14 13:30:00,2025-08-14 13:35:00,2025-08-14 20:00:00,20,20,0,0,14819,1,NQU25,0,0,2025-08-14 13:30:00.001,2025-08-14 13:34:59.900000,0,1560,"non-red OR5, excluded from F3",,False,8.0,0.884129,False,False,VolRoll ticks and 15-second bars; original v2 formula,new VolRoll original-code generation,False,not in original fixture
2025-08-15,NQU25,2025-08-15 13:30:00,2025-08-15 13:35:00,2025-08-15 20:00:00,20,20,0,0,14852,1,NQU25,0,0,2025-08-15 13:30:00.001,2025-08-15 13:34:59.950000,0,1560,features generated,,True,-8.0,-0.235039,True,False,VolRoll ticks and 15-second bars; original v2 formula,new VolRoll original-code generation,False,not in original fixture
2025-08-18,NQU25,2025-08-18 13:30:00,2025-08-18 13:35:00,2025-08-18 20:00:00,20,20,0,0,12304,1,NQU25,0,0,2025-08-18 13:30:00.000,2025-08-18 13:34:59.838000,0,1560,"non-red OR5, excluded from F3",,False,8.0,0.330024,False,False,VolRoll ticks and 15-second bars; original v2 formula,new VolRoll original-code generation,False,not in original fixture
2025-08-19,NQU25,2025-08-19 13:30:00,2025-08-19 13:35:00,2025-08-19 20:00:00,20,20,0,0,19700,1,NQU25,0,0,2025-08-19 13:30:00.000,2025-08-19 13:34:59.979000,0,1560,features generated,,True,-8.0,-0.662691,True,False,VolRoll ticks and 15-second bars; original v2 formula,new VolRoll original-code generation,False,not in original fixture
2025-08-20,NQU25,2025-08-20 13:30:00,2025-08-20 13:35:00,2025-08-20 20:00:00,20,20,0,0,18064,1,NQU25,0,0,2025-08-20 13:30:00.000,2025-08-20 13:34:59.983001,0,1560,features generated,,True,-7.0,-0.022254,True,False,VolRoll ticks and 15-second bars; original v2 formula,new VolRoll original-code generation,False,not in original fixture
2025-08-21,NQU25,2025-08-21 13:30:00,2025-08-21 13:35:00,2025-08-21 20:00:00,20,20,0,0,17750,1,NQU25,0,0,2025-08-21 13:30:00.000,2025-08-21 13:34:59.998000,0,1560,features generated,,True,0.0,0.339171,False,False,VolRoll ticks and 15-second bars; original v2 formula,new VolRoll original-code generation,False,not in original fixture
2025-08-22,NQU25,2025-08-22 13:30:00,2025-08-22 13:35:00,2025-08-22 20:00:00,20,20,0,0,12301,1,NQU25,0,0,2025-08-22 13:30:00.005,2025-08-22 13:34:59.998000,0,1560,features generated,,True,1.0,0.414311,False,False,VolRoll ticks and 15-second bars; original v2 formula,new VolRoll original-code generation,False,not in original fixture
2025-08-25,NQU25,2025-08-25 13:30:00,2025-08-25 13:35:00,2025-08-25 20:00:00,20,20,0,0,15685,1,NQU25,0,0,2025-08-25 13:30:00.000,2025-08-25 13:34:59.876000,0,1560,features generated,,True,-3.0,0.037924,False,False,VolRoll ticks and 15-second bars; original v2 formula,new VolRoll original-code generation,False,not in original fixture
2025-08-26,NQU25,2025-08-26 13:30:00,2025-08-26 13:35:00,2025-08-26 20:00:00,20,20,0,0,14579,1,NQU25,0,0,2025-08-26 13:30:00.000,2025-08-26 13:34:59.999001,0,1560,"non-red OR5, excluded from F3",,False,5.0,-0.062758,False,False,VolRoll ticks and 15-second bars; original v2 formula,new VolRoll original-code generation,False,not in original fixture
2025-08-27,NQU25,2025-08-27 13:30:00,2025-08-27 13:35:00,2025-08-27 20:00:00,20,20,0,0,13759,1,NQU25,0,0,2025-08-27 13:30:00.000,2025-08-27 13:34:59.964007,0,1560,"non-red OR5, excluded from F3",,False,6.0,0.515745,False,False,VolRoll ticks and 15-second bars; original v2 formula,new VolRoll original-code generation,False,not in original fixture
2025-08-28,NQU25,2025-08-28 13:30:00,2025-08-28 13:35:00,2025-08-28 20:00:00,20,20,0,0,20277,1,NQU25,0,0,2025-08-28 13:30:00.000,2025-08-28 13:34:59.992000,0,1560,"non-red OR5, excluded from F3",,False,8.0,0.327638,False,False,VolRoll ticks and 15-second bars; original v2 formula,new VolRoll original-code generation,False,not in original fixture
2025-08-29,NQU25,2025-08-29 13:30:00,2025-08-29 13:35:00,2025-08-29 20:00:00,20,20,0,0,14039,1,NQU25,0,0,2025-08-29 13:30:00.002,2025-08-29 13:34:59.971000,0,1560,features generated,,True,-5.0,-0.323124,True,False,VolRoll ticks and 15-second bars; original v2 formula,new VolRoll original-code generation,False,not in original fixture
2025-09-01,NQU25,2025-09-01 13:30:00,2025-09-01 13:35:00,2025-09-01 20:00:00,20,20,0,0,2293,1,NQU25,0,0,2025-09-01 13:30:00.001,2025-09-01 13:34:56.051002,0,834,features generated,,True,2.0,0.56176,False,False,VolRoll ticks and 15-second bars; original v2 formula,new VolRoll original-code generation,False,not in original fixture
2025-09-02,NQU25,2025-09-02 13:30:00,2025-09-02 13:35:00,2025-09-02 20:00:00,20,20,0,0,23138,1,NQU25,0,0,2025-09-02 13:30:00.000,2025-09-02 13:34:59.986003,0,1560,features generated,,True,4.0,0.845169,False,False,VolRoll ticks and 15-second bars; original v2 formula,new VolRoll original-code generation,False,not in original fixture
2025-09-03,NQU25,2025-09-03 13:30:00,2025-09-03 13:35:00,2025-09-03 20:00:00,20,20,0,0,17297,1,NQU25,0,0,2025-09-03 13:30:00.000,2025-09-03 13:34:59.974002,0,1560,features generated,,True,-5.0,-0.033233,True,False,VolRoll ticks and 15-second bars; original v2 formula,new VolRoll original-code generation,False,not in original fixture
2025-09-04,NQU25,2025-09-04 13:30:00,2025-09-04 13:35:00,2025-09-04 20:00:00,20,20,0,0,16425,1,NQU25,0,0,2025-09-04 13:30:00.004,2025-09-04 13:34:59.968000,0,1560,"non-red OR5, excluded from F3",,False,7.0,0.742171,False,False,VolRoll ticks and 15-second bars; original v2 formula,new VolRoll original-code generation,False,not in original fixture
2025-09-05,NQU25,2025-09-05 13:30:00,2025-09-05 13:35:00,2025-09-05 20:00:00,20,20,0,0,19528,1,NQU25,0,0,2025-09-05 13:30:00.000,2025-09-05 13:34:59.937000,0,1560,features generated,,True,-8.0,-0.766622,True,False,VolRoll ticks and 15-second bars; original v2 formula,new VolRoll original-code generation,False,not in original fixture
2025-09-08,NQU25,2025-09-08 13:30:00,2025-09-08 13:35:00,2025-09-08 20:00:00,20,20,0,0,17219,1,NQU25,0,0,2025-09-08 13:30:00.000,2025-09-08 13:34:59.873000,0,1560,"non-red OR5, excluded from F3",,False,6.0,0.756164,False,False,VolRoll ticks and 15-second bars; original v2 formula,new VolRoll original-code generation,False,not in original fixture
2025-09-09,NQU25,2025-09-09 13:30:00,2025-09-09 13:35:00,2025-09-09 20:00:00,20,20,0,0,13874,1,NQU25,0,0,2025-09-09 13:30:00.000,2025-09-09 13:34:59.925000,0,1560,"non-red OR5, excluded from F3",,False,0.0,-0.40277,False,False,VolRoll ticks and 15-second bars; original v2 formula,new VolRoll original-code generation,False,not in original fixture
2025-09-10,NQU25,2025-09-10 13:30:00,2025-09-10 13:35:00,2025-09-10 20:00:00,20,20,0,0,19867,1,NQU25,0,0,2025-09-10 13:30:00.000,2025-09-10 13:34:59.989000,0,1560,features generated,,True,0.0,0.699325,False,False,VolRoll ticks and 15-second bars; original v2 formula,new VolRoll original-code generation,False,not in original fixture
2025-09-11,NQU25,2025-09-11 13:30:00,2025-09-11 13:35:00,2025-09-11 20:00:00,20,20,0,0,14310,1,NQU25,0,0,2025-09-11 13:30:00.000,2025-09-11 13:34:59.958000,0,1560,"non-red OR5, excluded from F3",,False,0.0,-0.417153,False,False,VolRoll ticks and 15-second bars; original v2 formula,new VolRoll original-code generation,False,not in original fixture
2025-09-12,NQU25,2025-09-12 13:30:00,2025-09-12 13:35:00,2025-09-12 20:00:00,20,20,0,0,13426,1,NQU25,0,0,2025-09-12 13:30:00.000,2025-09-12 13:34:59.879000,0,1560,features generated,,True,-6.0,-0.681893,True,False,VolRoll ticks and 15-second bars; original v2 formula,new VolRoll original-code generation,False,not in original fixture
2025-09-15,NQU25,2025-09-15 13:30:00,2025-09-15 13:35:00,2025-09-15 20:00:00,20,20,0,0,7360,1,NQU25,0,0,2025-09-15 13:30:00.005,2025-09-15 13:34:59.894000,0,1560,"non-red OR5, excluded from F3",,False,4.0,-0.305189,False,False,VolRoll ticks and 15-second bars; original v2 formula,new VolRoll original-code generation,False,not in original fixture
2025-09-16,NQU25,2025-09-16 13:30:00,2025-09-16 13:35:00,2025-09-16 20:00:00,20,20,0,0,3382,1,NQU25,0,0,2025-09-16 13:30:00.004,2025-09-16 13:34:59.838000,0,1560,features generated,,True,-7.0,-0.339575,True,False,VolRoll ticks and 15-second bars; original v2 formula,new VolRoll original-code generation,False,not in original fixture
2025-09-17,NQZ25,2025-09-17 13:30:00,2025-09-17 13:35:00,2025-09-17 20:00:00,20,20,0,0,11677,1,NQZ25,0,0,2025-09-17 13:30:00.000,2025-09-17 13:34:59.893002,0,1560,features generated,,True,-6.0,-0.79658,True,False,VolRoll ticks and 15-second bars; original v2 formula,new VolRoll original-code generation,False,not in original fixture
2025-09-18,NQZ25,2025-09-18 13:30:00,2025-09-18 13:35:00,2025-09-18 20:00:00,20,20,0,0,16440,1,NQZ25,0,0,2025-09-18 13:30:00.001,2025-09-18 13:34:59.796004,0,1560,"non-red OR5, excluded from F3",,False,5.0,0.476813,False,False,VolRoll ticks and 15-second bars; original v2 formula,new VolRoll original-code generation,False,not in original fixture
2025-09-19,NQZ25,2025-09-19 13:30:00,2025-09-19 13:35:00,2025-09-19 20:00:00,20,20,0,0,19133,1,NQZ25,0,0,2025-09-19 13:30:00.001,2025-09-19 13:34:59.961001,0,1560,features generated,,True,-5.0,-0.570695,True,False,VolRoll ticks and 15-second bars; original v2 formula,new VolRoll original-code generation,False,not in original fixture
2025-09-22,NQZ25,2025-09-22 13:30:00,2025-09-22 13:35:00,2025-09-22 20:00:00,20,20,0,0,14221,1,NQZ25,0,0,2025-09-22 13:30:00.000,2025-09-22 13:34:59.978001,0,1560,"non-red OR5, excluded from F3",,False,5.0,-0.060563,False,False,VolRoll ticks and 15-second bars; original v2 formula,new VolRoll original-code generation,False,not in original fixture
2025-09-23,NQZ25,2025-09-23 13:30:00,2025-09-23 13:35:00,2025-09-23 20:00:00,20,20,0,0,13055,1,NQZ25,0,0,2025-09-23 13:30:00.001,2025-09-23 13:34:59.939000,0,1560,features generated,,True,-5.0,-0.16785,True,False,VolRoll ticks and 15-second bars; original v2 formula,new VolRoll original-code generation,False,not in original fixture
2025-09-24,NQZ25,2025-09-24 13:30:00,2025-09-24 13:35:00,2025-09-24 20:00:00,20,20,0,0,16845,1,NQZ25,0,0,2025-09-24 13:30:00.000,2025-09-24 13:34:59.951000,0,1560,features generated,,True,-5.0,-0.126622,True,False,VolRoll ticks and 15-second bars; original v2 formula,new VolRoll original-code generation,False,not in original fixture
2025-09-25,NQZ25,2025-09-25 13:30:00,2025-09-25 13:35:00,2025-09-25 20:00:00,20,20,0,0,18894,1,NQZ25,0,0,2025-09-25 13:30:00.002,2025-09-25 13:34:59.925000,0,1560,features generated,,True,-7.0,-0.043657,True,False,VolRoll ticks and 15-second bars; original v2 formula,new VolRoll original-code generation,False,not in original fixture
2025-09-26,NQZ25,2025-09-26 13:30:00,2025-09-26 13:35:00,2025-09-26 20:00:00,20,20,0,0,20068,1,NQZ25,0,0,2025-09-26 13:30:00.000,2025-09-26 13:34:59.922000,0,1560,"non-red OR5, excluded from F3",,False,6.0,0.728311,False,False,VolRoll ticks and 15-second bars; original v2 formula,new VolRoll original-code generation,False,not in original fixture
2025-09-29,NQZ25,2025-09-29 13:30:00,2025-09-29 13:35:00,2025-09-29 20:00:00,20,20,0,0,12859,1,NQZ25,0,0,2025-09-29 13:30:00.000,2025-09-29 13:34:59.935000,0,1560,"non-red OR5, excluded from F3",,False,3.0,-0.383375,False,False,VolRoll ticks and 15-second bars; original v2 formula,new VolRoll original-code generation,False,not in original fixture
2025-09-30,NQZ25,2025-09-30 13:30:00,2025-09-30 13:35:00,2025-09-30 20:00:00,20,20,0,0,11936,1,NQZ25,0,0,2025-09-30 13:30:00.002,2025-09-30 13:34:59.890000,0,1560,features generated,,True,-8.0,-0.646652,True,False,VolRoll ticks and 15-second bars; original v2 formula,new VolRoll original-code generation,False,not in original fixture
2025-10-01,NQZ25,2025-10-01 13:30:00,2025-10-01 13:35:00,2025-10-01 20:00:00,20,20,0,0,17041,1,NQZ25,0,0,2025-10-01 13:30:00.000,2025-10-01 13:34:59.960000,0,1560,"non-red OR5, excluded from F3",,False,4.0,0.251274,False,False,VolRoll ticks and 15-second bars; original v2 formula,new VolRoll original-code generation,False,not in original fixture
2025-10-02,NQZ25,2025-10-02 13:30:00,2025-10-02 13:35:00,2025-10-02 20:00:00,20,20,0,0,14512,1,NQZ25,0,0,2025-10-02 13:30:00.000,2025-10-02 13:34:59.976000,0,1560,features generated,,True,-8.0,-0.375739,True,False,VolRoll ticks and 15-second bars; original v2 formula,new VolRoll original-code generation,False,not in original fixture
2025-10-03,NQZ25,2025-10-03 13:30:00,2025-10-03 13:35:00,2025-10-03 20:00:00,20,20,0,0,11782,1,NQZ25,0,0,2025-10-03 13:30:00.000,2025-10-03 13:34:59.951003,0,1560,"non-red OR5, excluded from F3",,False,3.0,-0.224925,False,False,VolRoll ticks and 15-second bars; original v2 formula,new VolRoll original-code generation,False,not in original fixture
2025-10-06,NQZ25,2025-10-06 13:30:00,2025-10-06 13:35:00,2025-10-06 20:00:00,20,20,0,0,15071,1,NQZ25,0,0,2025-10-06 13:30:00.001,2025-10-06 13:34:59.905001,0,1560,features generated,,True,-8.0,-0.358357,True,False,VolRoll ticks and 15-second bars; original v2 formula,new VolRoll original-code generation,False,not in original fixture
2025-10-07,NQZ25,2025-10-07 13:30:00,2025-10-07 13:35:00,2025-10-07 20:00:00,20,20,0,0,12721,1,NQZ25,0,0,2025-10-07 13:30:00.000,2025-10-07 13:34:59.919000,0,1560,"non-red OR5, excluded from F3",,False,5.0,0.316156,False,False,VolRoll ticks and 15-second bars; original v2 formula,new VolRoll original-code generation,False,not in original fixture
2025-10-08,NQZ25,2025-10-08 13:30:00,2025-10-08 13:35:00,2025-10-08 20:00:00,20,20,0,0,13308,1,NQZ25,0,0,2025-10-08 13:30:00.000,2025-10-08 13:34:59.950000,0,1560,"non-red OR5, excluded from F3",,False,5.0,-0.039196,False,False,VolRoll ticks and 15-second bars; original v2 formula,new VolRoll original-code generation,False,not in original fixture
2025-10-09,NQZ25,2025-10-09 13:30:00,2025-10-09 13:35:00,2025-10-09 20:00:00,20,20,0,0,13045,1,NQZ25,0,0,2025-10-09 13:30:00.000,2025-10-09 13:34:59.977000,0,1560,features generated,,True,-6.0,-0.055381,True,False,VolRoll ticks and 15-second bars; original v2 formula,new VolRoll original-code generation,False,not in original fixture
2025-10-10,NQZ25,2025-10-10 13:30:00,2025-10-10 13:35:00,2025-10-10 20:00:00,20,20,0,0,14670,1,NQZ25,0,0,2025-10-10 13:30:00.000,2025-10-10 13:34:59.782000,0,1560,"non-red OR5, excluded from F3",,False,1.0,-0.160467,False,False,VolRoll ticks and 15-second bars; original v2 formula,new VolRoll original-code generation,False,not in original fixture
2025-10-13,NQZ25,2025-10-13 13:30:00,2025-10-13 13:35:00,2025-10-13 20:00:00,20,20,0,0,19315,1,NQZ25,0,0,2025-10-13 13:30:00.004,2025-10-13 13:34:59.918000,0,1560,features generated,,True,-7.0,-0.774965,True,False,VolRoll ticks and 15-second bars; original v2 formula,new VolRoll original-code generation,False,not in original fixture
2025-10-14,NQZ25,2025-10-14 13:30:00,2025-10-14 13:35:00,2025-10-14 20:00:00,20,20,0,0,18073,1,NQZ25,0,0,2025-10-14 13:30:00.001,2025-10-14 13:34:59.933000,0,1560,features generated,,True,-8.0,-0.515956,True,False,VolRoll ticks and 15-second bars; original v2 formula,new VolRoll original-code generation,False,not in original fixture
2025-10-15,NQZ25,2025-10-15 13:30:00,2025-10-15 13:35:00,2025-10-15 20:00:00,20,20,0,0,14694,1,NQZ25,0,0,2025-10-15 13:30:00.002,2025-10-15 13:34:59.866000,0,1560,features generated,,True,-7.0,0.083607,False,False,VolRoll ticks and 15-second bars; original v2 formula,new VolRoll original-code generation,False,not in original fixture
2025-10-16,NQZ25,2025-10-16 13:30:00,2025-10-16 13:35:00,2025-10-16 20:00:00,20,20,0,0,14221,1,NQZ25,0,0,2025-10-16 13:30:00.001,2025-10-16 13:34:59.953000,0,1560,"non-red OR5, excluded from F3",,False,6.0,0.095481,False,False,VolRoll ticks and 15-second bars; original v2 formula,new VolRoll original-code generation,False,not in original fixture
2025-10-17,NQZ25,2025-10-17 13:30:00,2025-10-17 13:35:00,2025-10-17 20:00:00,20,20,0,0,18078,1,NQZ25,0,0,2025-10-17 13:30:00.000,2025-10-17 13:34:59.861000,0,1560,"non-red OR5, excluded from F3",,False,7.0,0.68036,False,False,VolRoll ticks and 15-second bars; original v2 formula,new VolRoll original-code generation,False,not in original fixture
2025-10-20,NQZ25,2025-10-20 13:30:00,2025-10-20 13:35:00,2025-10-20 20:00:00,20,20,0,0,13719,1,NQZ25,0,0,2025-10-20 13:30:00.001,2025-10-20 13:34:59.805001,0,1560,"non-red OR5, excluded from F3",,False,5.0,-0.035276,False,False,VolRoll ticks and 15-second bars; original v2 formula,new VolRoll original-code generation,False,not in original fixture
2025-10-21,NQZ25,2025-10-21 13:30:00,2025-10-21 13:35:00,2025-10-21 20:00:00,20,20,0,0,11838,1,NQZ25,0,0,2025-10-21 13:30:00.002,2025-10-21 13:34:59.941000,0,1560,features generated,,True,0.0,0.508411,False,False,VolRoll ticks and 15-second bars; original v2 formula,new VolRoll original-code generation,False,not in original fixture
2025-10-22,NQZ25,2025-10-22 13:30:00,2025-10-22 13:35:00,2025-10-22 20:00:00,20,20,0,0,15789,1,NQZ25,0,0,2025-10-22 13:30:00.000,2025-10-22 13:34:59.995000,0,1560,features generated,,True,-7.0,-0.095953,True,False,VolRoll ticks and 15-second bars; original v2 formula,new VolRoll original-code generation,False,not in original fixture
2025-10-23,NQZ25,2025-10-23 13:30:00,2025-10-23 13:35:00,2025-10-23 20:00:00,20,20,0,0,14355,1,NQZ25,0,0,2025-10-23 13:30:00.000,2025-10-23 13:34:59.976001,0,1560,"non-red OR5, excluded from F3",,False,7.0,0.194496,False,False,VolRoll ticks and 15-second bars; original v2 formula,new VolRoll original-code generation,False,not in original fixture
2025-10-24,NQZ25,2025-10-24 13:30:00,2025-10-24 13:35:00,2025-10-24 20:00:00,20,20,0,0,14269,1,NQZ25,0,0,2025-10-24 13:30:00.000,2025-10-24 13:34:59.943002,0,1560,"non-red OR5, excluded from F3",,False,6.0,0.890234,False,False,VolRoll ticks and 15-second bars; original v2 formula,new VolRoll original-code generation,False,not in original fixture
2025-10-27,NQZ25,2025-10-27 13:30:00,2025-10-27 13:35:00,2025-10-27 20:00:00,20,20,0,0,14264,1,NQZ25,0,0,2025-10-27 13:30:00.000,2025-10-27 13:34:59.919001,0,1560,"non-red OR5, excluded from F3",,False,-4.0,-0.954603,False,False,VolRoll ticks and 15-second bars; original v2 formula,new VolRoll original-code generation,False,not in original fixture
2025-10-28,NQZ25,2025-10-28 13:30:00,2025-10-28 13:35:00,2025-10-28 20:00:00,20,20,0,0,12429,1,NQZ25,0,0,2025-10-28 13:30:00.000,2025-10-28 13:34:59.968000,0,1560,"non-red OR5, excluded from F3",,False,-2.0,-0.675283,False,False,VolRoll ticks and 15-second bars; original v2 formula,new VolRoll original-code generation,False,not in original fixture
2025-10-29,NQZ25,2025-10-29 13:30:00,2025-10-29 13:35:00,2025-10-29 20:00:00,20,20,0,0,13723,1,NQZ25,0,0,2025-10-29 13:30:00.000,2025-10-29 13:34:59.925000,0,1560,"non-red OR5, excluded from F3",,False,-1.0,-0.575341,False,False,VolRoll ticks and 15-second bars; original v2 formula,new VolRoll original-code generation,False,not in original fixture
2025-10-30,NQZ25,2025-10-30 13:30:00,2025-10-30 13:35:00,2025-10-30 20:00:00,20,20,0,0,15939,1,NQZ25,0,0,2025-10-30 13:30:00.000,2025-10-30 13:34:59.851001,0,1560,features generated,,True,-8.0,-0.318571,True,False,VolRoll ticks and 15-second bars; original v2 formula,new VolRoll original-code generation,False,not in original fixture
2025-10-31,NQZ25,2025-10-31 13:30:00,2025-10-31 13:35:00,2025-10-31 20:00:00,20,20,0,0,14750,1,NQZ25,0,0,2025-10-31 13:30:00.000,2025-10-31 13:34:59.980001,0,1560,features generated,,True,-6.0,-0.037851,True,False,VolRoll ticks and 15-second bars; original v2 formula,new VolRoll original-code generation,False,not in original fixture
2025-11-03,NQZ25,2025-11-03 14:30:00,2025-11-03 14:35:00,2025-11-03 21:00:00,20,20,0,0,13650,1,NQZ25,0,0,2025-11-03 14:30:00.000,2025-11-03 14:34:59.968000,0,1560,features generated,,True,-6.0,-0.454801,True,False,VolRoll ticks and 15-second bars; original v2 formula,new VolRoll original-code generation,False,not in original fixture
2025-11-04,NQZ25,2025-11-04 14:30:00,2025-11-04 14:35:00,2025-11-04 21:00:00,20,20,0,0,19465,1,NQZ25,0,0,2025-11-04 14:30:00.000,2025-11-04 14:34:59.969007,0,1560,features generated,,True,-7.0,-0.431657,True,False,VolRoll ticks and 15-second bars; original v2 formula,new VolRoll original-code generation,False,not in original fixture
2025-11-05,NQZ25,2025-11-05 14:30:00,2025-11-05 14:35:00,2025-11-05 21:00:00,20,20,0,0,14123,1,NQZ25,0,0,2025-11-05 14:30:00.000,2025-11-05 14:34:59.727000,0,1560,features generated,,True,-7.0,-0.949543,True,False,VolRoll ticks and 15-second bars; original v2 formula,new VolRoll original-code generation,False,not in original fixture
2025-11-06,NQZ25,2025-11-06 14:30:00,2025-11-06 14:35:00,2025-11-06 21:00:00,20,20,0,0,14684,1,NQZ25,0,0,2025-11-06 14:30:00.001,2025-11-06 14:34:59.946000,0,1560,features generated,,True,-5.0,-0.06671,True,False,VolRoll ticks and 15-second bars; original v2 formula,new VolRoll original-code generation,False,not in original fixture
2025-11-07,NQZ25,2025-11-07 14:30:00,2025-11-07 14:35:00,2025-11-07 21:00:00,20,20,0,0,15415,1,NQZ25,0,0,2025-11-07 14:30:00.000,2025-11-07 14:34:59.950004,0,1560,features generated,,True,-5.0,-0.090926,True,False,VolRoll ticks and 15-second bars; original v2 formula,new VolRoll original-code generation,False,not in original fixture
2025-11-10,NQZ25,2025-11-10 14:30:00,2025-11-10 14:35:00,2025-11-10 21:00:00,20,20,0,0,18732,1,NQZ25,0,0,2025-11-10 14:30:00.001,2025-11-10 14:34:59.930000,0,1560,"non-red OR5, excluded from F3",,False,3.0,-0.334682,False,False,VolRoll ticks and 15-second bars; original v2 formula,new VolRoll original-code generation,False,not in original fixture
2025-11-11,NQZ25,2025-11-11 14:30:00,2025-11-11 14:35:00,2025-11-11 21:00:00,20,20,0,0,12544,1,NQZ25,0,0,2025-11-11 14:30:00.003,2025-11-11 14:34:59.855001,0,1560,"non-red OR5, excluded from F3",,False,1.0,-0.351507,False,False,VolRoll ticks and 15-second bars; original v2 formula,new VolRoll original-code generation,False,not in original fixture
2025-11-12,NQZ25,2025-11-12 14:30:00,2025-11-12 14:35:00,2025-11-12 21:00:00,20,20,0,0,18937,1,NQZ25,0,0,2025-11-12 14:30:00.000,2025-11-12 14:34:59.920001,0,1560,features generated,,True,-8.0,-0.470507,True,False,VolRoll ticks and 15-second bars; original v2 formula,new VolRoll original-code generation,False,not in original fixture
2025-11-13,NQZ25,2025-11-13 14:30:00,2025-11-13 14:35:00,2025-11-13 21:00:00,20,20,0,0,16002,1,NQZ25,0,0,2025-11-13 14:30:00.001,2025-11-13 14:34:59.850000,0,1560,features generated,,True,-8.0,-0.523289,True,False,VolRoll ticks and 15-second bars; original v2 formula,new VolRoll original-code generation,False,not in original fixture
2025-11-14,NQZ25,2025-11-14 14:30:00,2025-11-14 14:35:00,2025-11-14 21:00:00,20,20,0,0,21525,1,NQZ25,0,0,2025-11-14 14:30:00.000,2025-11-14 14:34:59.971004,0,1560,features generated,,True,-5.0,-0.392675,True,False,VolRoll ticks and 15-second bars; original v2 formula,new VolRoll original-code generation,False,not in original fixture
2025-11-17,NQZ25,2025-11-17 14:30:00,2025-11-17 14:35:00,2025-11-17 21:00:00,20,20,0,0,21551,1,NQZ25,0,0,2025-11-17 14:30:00.000,2025-11-17 14:34:59.898002,0,1560,"non-red OR5, excluded from F3",,False,6.0,0.716891,False,False,VolRoll ticks and 15-second bars; original v2 formula,new VolRoll original-code generation,False,not in original fixture
2025-11-18,NQZ25,2025-11-18 14:30:00,2025-11-18 14:35:00,2025-11-18 21:00:00,20,20,0,0,27130,1,NQZ25,0,0,2025-11-18 14:30:00.000,2025-11-18 14:34:59.928000,0,1560,"non-red OR5, excluded from F3",,False,-2.0,-0.210757,False,False,VolRoll ticks and 15-second bars; original v2 formula,new VolRoll original-code generation,False,not in original fixture
2025-11-19,NQZ25,2025-11-19 14:30:00,2025-11-19 14:35:00,2025-11-19 21:00:00,20,20,0,0,18590,1,NQZ25,0,0,2025-11-19 14:30:00.001,2025-11-19 14:34:59.959000,0,1560,"non-red OR5, excluded from F3",,False,7.0,0.662834,False,False,VolRoll ticks and 15-second bars; original v2 formula,new VolRoll original-code generation,False,not in original fixture
2025-11-20,NQZ25,2025-11-20 14:30:00,2025-11-20 14:35:00,2025-11-20 21:00:00,20,20,0,0,17506,1,NQZ25,0,0,2025-11-20 14:30:00.000,2025-11-20 14:34:59.961000,0,1560,features generated,,True,-3.0,0.193514,False,False,VolRoll ticks and 15-second bars; original v2 formula,new VolRoll original-code generation,False,not in original fixture
2025-11-21,NQZ25,2025-11-21 14:30:00,2025-11-21 14:35:00,2025-11-21 21:00:00,20,20,0,0,24138,1,NQZ25,0,0,2025-11-21 14:30:00.001,2025-11-21 14:34:59.932000,0,1560,"non-red OR5, excluded from F3",,False,2.0,-0.152392,False,False,VolRoll ticks and 15-second bars; original v2 formula,new VolRoll original-code generation,False,not in original fixture
2025-11-24,NQZ25,2025-11-24 14:30:00,2025-11-24 14:35:00,2025-11-24 21:00:00,20,20,0,0,17929,1,NQZ25,0,0,2025-11-24 14:30:00.001,2025-11-24 14:34:59.912000,0,1560,"non-red OR5, excluded from F3",,False,8.0,0.635077,False,False,VolRoll ticks and 15-second bars; original v2 formula,new VolRoll original-code generation,False,not in original fixture
2025-11-25,NQZ25,2025-11-25 14:30:00,2025-11-25 14:35:00,2025-11-25 21:00:00,20,20,0,0,15801,1,NQZ25,0,0,2025-11-25 14:30:00.000,2025-11-25 14:34:59.889002,0,1560,features generated,,True,4.0,0.404341,False,False,VolRoll ticks and 15-second bars; original v2 formula,new VolRoll original-code generation,False,not in original fixture
2025-11-26,NQZ25,2025-11-26 14:30:00,2025-11-26 14:35:00,2025-11-26 21:00:00,20,20,0,0,13876,1,NQZ25,0,0,2025-11-26 14:30:00.000,2025-11-26 14:34:59.892000,0,1560,"non-red OR5, excluded from F3",,False,2.0,-0.238054,False,False,VolRoll ticks and 15-second bars; original v2 formula,new VolRoll original-code generation,False,not in original fixture
2025-11-27,NQZ25,2025-11-27 14:30:00,2025-11-27 14:35:00,2025-11-27 21:00:00,20,20,0,0,1064,1,NQZ25,0,0,2025-11-27 14:30:00.001,2025-11-27 14:34:55.009000,0,796,"non-red OR5, excluded from F3",,False,3.0,-0.216216,False,False,VolRoll ticks and 15-second bars; original v2 formula,new VolRoll original-code generation,False,not in original fixture
2025-11-28,NQZ25,2025-11-28 14:30:00,2025-11-28 14:35:00,2025-11-28 21:00:00,20,20,0,0,3700,1,NQZ25,0,0,2025-11-28 14:30:00.005,2025-11-28 14:34:59.999000,0,900,"non-red OR5, excluded from F3",,False,7.0,0.577224,False,False,VolRoll ticks and 15-second bars; original v2 formula,new VolRoll original-code generation,False,not in original fixture
2025-12-01,NQZ25,2025-12-01 14:30:00,2025-12-01 14:35:00,2025-12-01 21:00:00,20,20,0,0,14714,1,NQZ25,0,0,2025-12-01 14:30:00.000,2025-12-01 14:34:59.999000,0,1560,"non-red OR5, excluded from F3",,False,8.0,0.559231,False,False,VolRoll ticks and 15-second bars; original v2 formula,new VolRoll original-code generation,False,not in original fixture
2025-12-02,NQZ25,2025-12-02 14:30:00,2025-12-02 14:35:00,2025-12-02 21:00:00,20,20,0,0,13902,1,NQZ25,0,0,2025-12-02 14:30:00.000,2025-12-02 14:34:59.983000,0,1560,"non-red OR5, excluded from F3",,False,8.0,0.85447,False,False,VolRoll ticks and 15-second bars; original v2 formula,new VolRoll original-code generation,False,not in original fixture
2025-12-03,NQZ25,2025-12-03 14:30:00,2025-12-03 14:35:00,2025-12-03 21:00:00,20,20,0,0,16416,1,NQZ25,0,0,2025-12-03 14:30:00.000,2025-12-03 14:34:59.919004,0,1560,features generated,,True,-4.0,-0.615465,False,False,VolRoll ticks and 15-second bars; original v2 formula,new VolRoll original-code generation,False,not in original fixture
2025-12-04,NQZ25,2025-12-04 14:30:00,2025-12-04 14:35:00,2025-12-04 21:00:00,20,20,0,0,20154,1,NQZ25,0,0,2025-12-04 14:30:00.000,2025-12-04 14:34:59.982000,0,1560,features generated,,True,-8.0,-0.589422,True,False,VolRoll ticks and 15-second bars; original v2 formula,new VolRoll original-code generation,False,not in original fixture
2025-12-05,NQZ25,2025-12-05 14:30:00,2025-12-05 14:35:00,2025-12-05 21:00:00,20,20,0,0,17754,1,NQZ25,0,0,2025-12-05 14:30:00.004,2025-12-05 14:34:59.975002,0,1560,"non-red OR5, excluded from F3",,False,4.0,-0.640766,False,False,VolRoll ticks and 15-second bars; original v2 formula,new VolRoll original-code generation,False,not in original fixture
2025-12-08,NQZ25,2025-12-08 14:30:00,2025-12-08 14:35:00,2025-12-08 21:00:00,20,20,0,0,16500,1,NQZ25,0,0,2025-12-08 14:30:00.004,2025-12-08 14:34:59.982000,0,1560,"non-red OR5, excluded from F3",,False,3.0,-0.262212,False,False,VolRoll ticks and 15-second bars; original v2 formula,new VolRoll original-code generation,False,not in original fixture
2025-12-09,NQZ25,2025-12-09 14:30:00,2025-12-09 14:35:00,2025-12-09 21:00:00,20,20,0,0,15769,1,NQZ25,0,0,2025-12-09 14:30:00.001,2025-12-09 14:34:59.816000,0,1560,features generated,,True,-4.0,0.106147,False,False,VolRoll ticks and 15-second bars; original v2 formula,new VolRoll original-code generation,False,not in original fixture
2025-12-10,NQZ25,2025-12-10 14:30:00,2025-12-10 14:35:00,2025-12-10 21:00:00,20,20,0,0,13704,1,NQZ25,0,0,2025-12-10 14:30:00.001,2025-12-10 14:34:59.999000,0,1560,features generated,,True,-7.0,-0.505162,True,False,VolRoll ticks and 15-second bars; original v2 formula,new VolRoll original-code generation,False,not in original fixture
2025-12-11,NQZ25,2025-12-11 14:30:00,2025-12-11 14:35:00,2025-12-11 21:00:00,20,20,0,0,20708,1,NQZ25,0,0,2025-12-11 14:30:00.000,2025-12-11 14:34:59.955000,0,1560,features generated,,True,-5.0,-0.141269,True,False,VolRoll ticks and 15-second bars; original v2 formula,new VolRoll original-code generation,False,not in original fixture
2025-12-12,NQZ25,2025-12-12 14:30:00,2025-12-12 14:35:00,2025-12-12 21:00:00,20,20,0,0,18946,1,NQZ25,0,0,2025-12-12 14:30:00.000,2025-12-12 14:34:59.774003,0,1560,"non-red OR5, excluded from F3",,False,4.0,0.573346,False,False,VolRoll ticks and 15-second bars; original v2 formula,new VolRoll original-code generation,False,not in original fixture
2025-12-15,NQZ25,2025-12-15 14:30:00,2025-12-15 14:35:00,2025-12-15 21:00:00,20,20,0,0,7925,1,NQZ25,0,0,2025-12-15 14:30:00.000,2025-12-15 14:34:59.976000,0,1560,features generated,,True,-7.0,-0.680419,True,False,VolRoll ticks and 15-second bars; original v2 formula,new VolRoll original-code generation,False,not in original fixture
2025-12-16,NQH26,2025-12-16 14:30:00,2025-12-16 14:35:00,2025-12-16 21:00:00,20,20,0,0,17941,1,NQH26,0,0,2025-12-16 14:30:00.001,2025-12-16 14:34:59.890001,0,1560,"non-red OR5, excluded from F3",,False,2.0,-0.28078,False,True,VolRoll ticks and 15-second bars; original v2 formula,unchanged original 172-row fixture,False,recovered original H26 15-second/footprint database
2025-12-17,NQH26,2025-12-17 14:30:00,2025-12-17 14:35:00,2025-12-17 21:00:00,20,20,0,0,15988,1,NQH26,0,0,2025-12-17 14:30:00.000,2025-12-17 14:34:59.953000,0,1560,features generated,,True,-8.0,-0.564224,True,True,VolRoll ticks and 15-second bars; original v2 formula,unchanged original 172-row fixture,False,recovered original H26 15-second/footprint database
2025-12-18,NQH26,2025-12-18 14:30:00,2025-12-18 14:35:00,2025-12-18 21:00:00,20,20,0,0,19421,1,NQH26,0,0,2025-12-18 14:30:00.000,2025-12-18 14:34:59.857002,0,1560,features generated,,True,-6.0,-0.772303,True,True,VolRoll ticks and 15-second bars; original v2 formula,unchanged original 172-row fixture,False,recovered original H26 15-second/footprint database
2025-12-19,NQH26,2025-12-19 14:30:00,2025-12-19 14:35:00,2025-12-19 21:00:00,20,20,0,0,20144,1,NQH26,0,0,2025-12-19 14:30:00.000,2025-12-19 14:34:59.815002,0,1560,"non-red OR5, excluded from F3",,False,8.0,0.492959,False,True,VolRoll ticks and 15-second bars; original v2 formula,unchanged original 172-row fixture,False,recovered original H26 15-second/footprint database
2025-12-22,NQH26,2025-12-22 14:30:00,2025-12-22 14:35:00,2025-12-22 21:00:00,20,20,0,0,18954,1,NQH26,0,0,2025-12-22 14:30:00.000,2025-12-22 14:34:59.997003,0,1560,features generated,,True,-7.0,-0.506942,True,True,VolRoll ticks and 15-second bars; original v2 formula,unchanged original 172-row fixture,False,recovered original H26 15-second/footprint database
2025-12-23,NQH26,2025-12-23 14:30:00,2025-12-23 14:35:00,2025-12-23 21:00:00,20,20,0,0,17416,1,NQH26,0,0,2025-12-23 14:30:00.006,2025-12-23 14:34:59.868000,0,1560,"non-red OR5, excluded from F3",,False,2.0,-0.354881,False,True,VolRoll ticks and 15-second bars; original v2 formula,unchanged original 172-row fixture,False,recovered original H26 15-second/footprint database
2025-12-24,NQH26,2025-12-24 14:30:00,2025-12-24 14:35:00,2025-12-24 21:00:00,20,20,0,0,8854,1,NQH26,0,0,2025-12-24 14:30:00.000,2025-12-24 14:34:59.873000,0,900,"non-red OR5, excluded from F3",,False,7.0,0.455319,False,False,VolRoll ticks and 15-second bars; original v2 formula,new VolRoll original-code generation,False,not in original fixture
2025-12-26,NQH26,2025-12-26 14:30:00,2025-12-26 14:35:00,2025-12-26 21:00:00,20,20,0,0,9294,1,NQH26,0,0,2025-12-26 14:30:00.000,2025-12-26 14:34:59.927000,0,1560,"non-red OR5, excluded from F3",,False,2.0,-0.027713,False,True,VolRoll ticks and 15-second bars; original v2 formula,unchanged original 172-row fixture,False,recovered original H26 15-second/footprint database
2025-12-29,NQH26,2025-12-29 14:30:00,2025-12-29 14:35:00,2025-12-29 21:00:00,20,20,0,0,12039,1,NQH26,0,0,2025-12-29 14:30:00.001,2025-12-29 14:34:59.850000,0,1560,"non-red OR5, excluded from F3",,False,6.0,0.841377,False,True,VolRoll ticks and 15-second bars; original v2 formula,unchanged original 172-row fixture,False,recovered original H26 15-second/footprint database
2025-12-30,NQH26,2025-12-30 14:30:00,2025-12-30 14:35:00,2025-12-30 21:00:00,20,20,0,0,10096,1,NQH26,0,0,2025-12-30 14:30:00.000,2025-12-30 14:34:59.736000,0,1560,"non-red OR5, excluded from F3",,False,3.0,-0.356949,False,True,VolRoll ticks and 15-second bars; original v2 formula,unchanged original 172-row fixture,False,recovered original H26 15-second/footprint database
2025-12-31,NQH26,2025-12-31 14:30:00,2025-12-31 14:35:00,2025-12-31 21:00:00,20,20,0,0,8722,1,NQH26,0,0,2025-12-31 14:30:00.000,2025-12-31 14:34:59.991002,0,1560,features generated,,True,-2.0,-0.111601,False,True,VolRoll ticks and 15-second bars; original v2 formula,unchanged original 172-row fixture,False,recovered original H26 15-second/footprint database
2026-01-02,NQH26,2026-01-02 14:30:00,2026-01-02 14:35:00,2026-01-02 21:00:00,20,20,0,0,16520,1,NQH26,0,0,2026-01-02 14:30:00.000,2026-01-02 14:34:59.988000,0,1560,features generated,,True,-3.0,-0.274003,False,True,VolRoll ticks and 15-second bars; original v2 formula,unchanged original 172-row fixture,False,recovered original H26 15-second/footprint database
2026-01-05,NQH26,2026-01-05 14:30:00,2026-01-05 14:35:00,2026-01-05 21:00:00,20,20,0,0,24052,1,NQH26,0,0,2026-01-05 14:30:00.000,2026-01-05 14:34:59.900000,0,1560,features generated,,True,-7.0,-0.844601,True,True,VolRoll ticks and 15-second bars; original v2 formula,unchanged original 172-row fixture,False,recovered original H26 15-second/footprint database
2026-01-06,NQH26,2026-01-06 14:30:00,2026-01-06 14:35:00,2026-01-06 21:00:00,20,20,0,0,16683,1,NQH26,0,0,2026-01-06 14:30:00.001,2026-01-06 14:34:59.996000,0,1560,"non-red OR5, excluded from F3",,False,-4.0,-0.792122,False,True,VolRoll ticks and 15-second bars; original v2 formula,unchanged original 172-row fixture,False,recovered original H26 15-second/footprint database
2026-01-07,NQH26,2026-01-07 14:30:00,2026-01-07 14:35:00,2026-01-07 21:00:00,20,20,0,0,15611,1,NQH26,0,0,2026-01-07 14:30:00.000,2026-01-07 14:34:59.964000,0,1560,"non-red OR5, excluded from F3",,False,7.0,0.831808,False,True,VolRoll ticks and 15-second bars; original v2 formula,unchanged original 172-row fixture,False,recovered original H26 15-second/footprint database
2026-01-08,NQH26,2026-01-08 14:30:00,2026-01-08 14:35:00,2026-01-08 21:00:00,20,20,0,0,21105,1,NQH26,0,0,2026-01-08 14:30:00.000,2026-01-08 14:34:59.956000,0,1560,features generated,,True,-8.0,-0.241331,True,True,VolRoll ticks and 15-second bars; original v2 formula,unchanged original 172-row fixture,False,recovered original H26 15-second/footprint database
2026-01-09,NQH26,2026-01-09 14:30:00,2026-01-09 14:35:00,2026-01-09 21:00:00,20,20,0,0,18608,1,NQH26,0,0,2026-01-09 14:30:00.000,2026-01-09 14:34:59.981000,0,1560,features generated,,True,-2.0,0.412196,False,True,VolRoll ticks and 15-second bars; original v2 formula,unchanged original 172-row fixture,False,recovered original H26 15-second/footprint database
2026-01-12,NQH26,2026-01-12 14:30:00,2026-01-12 14:35:00,2026-01-12 21:00:00,20,20,0,0,19509,1,NQH26,0,0,2026-01-12 14:30:00.000,2026-01-12 14:34:59.997000,0,1560,"non-red OR5, excluded from F3",,False,8.0,0.666667,False,True,VolRoll ticks and 15-second bars; original v2 formula,unchanged original 172-row fixture,False,recovered original H26 15-second/footprint database
2026-01-13,NQH26,2026-01-13 14:30:00,2026-01-13 14:35:00,2026-01-13 21:00:00,20,20,0,0,17064,1,NQH26,0,0,2026-01-13 14:30:00.000,2026-01-13 14:34:59.976000,0,1560,"non-red OR5, excluded from F3",,False,6.0,0.751632,False,True,VolRoll ticks and 15-second bars; original v2 formula,unchanged original 172-row fixture,False,recovered original H26 15-second/footprint database
2026-01-14,NQH26,2026-01-14 14:30:00,2026-01-14 14:35:00,2026-01-14 21:00:00,20,20,0,0,24520,1,NQH26,0,0,2026-01-14 14:30:00.003,2026-01-14 14:34:59.965000,0,1560,"non-red OR5, excluded from F3",,False,7.0,0.873807,False,True,VolRoll ticks and 15-second bars; original v2 formula,unchanged original 172-row fixture,False,recovered original H26 15-second/footprint database
2026-01-15,NQH26,2026-01-15 14:30:00,2026-01-15 14:35:00,2026-01-15 21:00:00,20,20,0,0,21230,1,NQH26,0,0,2026-01-15 14:30:00.001,2026-01-15 14:34:59.960000,0,1560,features generated,,True,-5.0,-0.511924,True,True,VolRoll ticks and 15-second bars; original v2 formula,unchanged original 172-row fixture,False,recovered original H26 15-second/footprint database
2026-01-16,NQH26,2026-01-16 14:30:00,2026-01-16 14:35:00,2026-01-16 21:00:00,20,20,0,0,19042,1,NQH26,0,0,2026-01-16 14:30:00.002,2026-01-16 14:34:59.993000,0,1560,features generated,,True,-1.0,-0.131119,False,True,VolRoll ticks and 15-second bars; original v2 formula,unchanged original 172-row fixture,False,recovered original H26 15-second/footprint database
2026-01-19,NQH26,2026-01-19 14:30:00,2026-01-19 14:35:00,2026-01-19 21:00:00,20,20,0,0,2755,1,NQH26,0,0,2026-01-19 14:30:00.057,2026-01-19 14:34:59.423000,0,840,features generated,,True,-6.0,0.087974,False,False,VolRoll ticks and 15-second bars; original v2 formula,new VolRoll original-code generation,False,not in original fixture
2026-01-20,NQH26,2026-01-20 14:30:00,2026-01-20 14:35:00,2026-01-20 21:00:00,20,20,0,0,23587,1,NQH26,0,0,2026-01-20 14:30:00.000,2026-01-20 14:34:59.989000,0,1560,"non-red OR5, excluded from F3",,False,8.0,0.552798,False,True,VolRoll ticks and 15-second bars; original v2 formula,unchanged original 172-row fixture,False,recovered original H26 15-second/footprint database
2026-01-21,NQH26,2026-01-21 14:30:00,2026-01-21 14:35:00,2026-01-21 21:00:00,20,20,0,0,18380,1,NQH26,0,0,2026-01-21 14:30:00.000,2026-01-21 14:34:59.806000,0,1560,features generated,,True,-6.0,-0.259412,True,True,VolRoll ticks and 15-second bars; original v2 formula,unchanged original 172-row fixture,False,recovered original H26 15-second/footprint database
2026-01-22,NQH26,2026-01-22 14:30:00,2026-01-22 14:35:00,2026-01-22 21:00:00,20,20,0,0,17737,1,NQH26,0,0,2026-01-22 14:30:00.000,2026-01-22 14:34:59.964000,0,1560,features generated,,True,-9.0,-0.333606,True,True,VolRoll ticks and 15-second bars; original v2 formula,unchanged original 172-row fixture,False,recovered original H26 15-second/footprint database
2026-01-23,NQH26,2026-01-23 14:30:00,2026-01-23 14:35:00,2026-01-23 21:00:00,20,20,0,0,16049,1,NQH26,0,0,2026-01-23 14:30:00.000,2026-01-23 14:34:59.910000,0,1560,features generated,,True,-5.0,-0.802518,True,True,VolRoll ticks and 15-second bars; original v2 formula,unchanged original 172-row fixture,False,recovered original H26 15-second/footprint database
2026-01-26,NQH26,2026-01-26 14:30:00,2026-01-26 14:35:00,2026-01-26 21:00:00,20,20,0,0,14943,1,NQH26,0,0,2026-01-26 14:30:00.000,2026-01-26 14:34:59.913000,0,1560,"non-red OR5, excluded from F3",,False,5.0,0.761585,False,True,VolRoll ticks and 15-second bars; original v2 formula,unchanged original 172-row fixture,False,recovered original H26 15-second/footprint database
2026-01-27,NQH26,2026-01-27 14:30:00,2026-01-27 14:35:00,2026-01-27 21:00:00,20,20,0,0,18976,1,NQH26,0,0,2026-01-27 14:30:00.000,2026-01-27 14:34:59.992000,0,1560,features generated,,True,-6.0,-0.793903,True,True,VolRoll ticks and 15-second bars; original v2 formula,unchanged original 172-row fixture,False,recovered original H26 15-second/footprint database
2026-01-28,NQH26,2026-01-28 14:30:00,2026-01-28 14:35:00,2026-01-28 21:00:00,20,20,0,0,16781,1,NQH26,0,0,2026-01-28 14:30:00.000,2026-01-28 14:34:59.997001,0,1560,features generated,,True,-3.0,0.30085,False,True,VolRoll ticks and 15-second bars; original v2 formula,unchanged original 172-row fixture,False,recovered original H26 15-second/footprint database
2026-01-29,NQH26,2026-01-29 14:30:00,2026-01-29 14:35:00,2026-01-29 21:00:00,20,20,0,0,19487,1,NQH26,0,0,2026-01-29 14:30:00.000,2026-01-29 14:34:59.939000,0,1560,features generated,,True,-6.0,-0.65788,True,True,VolRoll ticks and 15-second bars; original v2 formula,unchanged original 172-row fixture,False,recovered original H26 15-second/footprint database
2026-01-30,NQH26,2026-01-30 14:30:00,2026-01-30 14:35:00,2026-01-30 21:00:00,20,20,0,0,20409,1,NQH26,0,0,2026-01-30 14:30:00.000,2026-01-30 14:34:59.988000,0,1560,"non-red OR5, excluded from F3",,False,7.0,0.277932,False,True,VolRoll ticks and 15-second bars; original v2 formula,unchanged original 172-row fixture,False,recovered original H26 15-second/footprint database
2026-02-02,NQH26,2026-02-02 14:30:00,2026-02-02 14:35:00,2026-02-02 21:00:00,20,20,0,0,22097,1,NQH26,0,0,2026-02-02 14:30:00.001,2026-02-02 14:34:59.838000,0,1560,"non-red OR5, excluded from F3",,False,7.0,0.158975,False,True,VolRoll ticks and 15-second bars; original v2 formula,unchanged original 172-row fixture,False,recovered original H26 15-second/footprint database
2026-02-03,NQH26,2026-02-03 14:30:00,2026-02-03 14:35:00,2026-02-03 21:00:00,20,20,0,0,19097,1,NQH26,0,0,2026-02-03 14:30:00.000,2026-02-03 14:34:59.945000,0,1560,features generated,,True,-5.0,-0.029144,True,True,VolRoll ticks and 15-second bars; original v2 formula,unchanged original 172-row fixture,False,recovered original H26 15-second/footprint database
2026-02-04,NQH26,2026-02-04 14:30:00,2026-02-04 14:35:00,2026-02-04 21:00:00,20,20,0,0,22352,1,NQH26,0,0,2026-02-04 14:30:00.000,2026-02-04 14:34:59.920000,0,1560,features generated,,True,-3.0,0.513147,False,True,VolRoll ticks and 15-second bars; original v2 formula,unchanged original 172-row fixture,False,recovered original H26 15-second/footprint database
2026-02-05,NQH26,2026-02-05 14:30:00,2026-02-05 14:35:00,2026-02-05 21:00:00,20,20,0,0,26982,1,NQH26,0,0,2026-02-05 14:30:00.000,2026-02-05 14:34:59.973000,0,1560,"non-red OR5, excluded from F3",,False,6.0,0.971947,False,True,VolRoll ticks and 15-second bars; original v2 formula,unchanged original 172-row fixture,False,recovered original H26 15-second/footprint database
2026-02-06,NQH26,2026-02-06 14:30:00,2026-02-06 14:35:00,2026-02-06 21:00:00,20,20,0,0,24303,1,NQH26,0,0,2026-02-06 14:30:00.000,2026-02-06 14:34:59.952000,0,1560,"non-red OR5, excluded from F3",,False,6.0,0.533767,False,True,VolRoll ticks and 15-second bars; original v2 formula,unchanged original 172-row fixture,False,recovered original H26 15-second/footprint database
2026-02-09,NQH26,2026-02-09 14:30:00,2026-02-09 14:35:00,2026-02-09 21:00:00,20,20,0,0,20768,1,NQH26,0,0,2026-02-09 14:30:00.000,2026-02-09 14:34:59.999000,0,1560,features generated,,True,2.0,0.708425,False,True,VolRoll ticks and 15-second bars; original v2 formula,unchanged original 172-row fixture,False,recovered original H26 15-second/footprint database
2026-02-10,NQH26,2026-02-10 14:30:00,2026-02-10 14:35:00,2026-02-10 21:00:00,20,20,0,0,16210,1,NQH26,0,0,2026-02-10 14:30:00.000,2026-02-10 14:34:59.998000,0,1560,features generated,,True,-4.0,-0.452235,False,True,VolRoll ticks and 15-second bars; original v2 formula,unchanged original 172-row fixture,False,recovered original H26 15-second/footprint database
2026-02-11,NQH26,2026-02-11 14:30:00,2026-02-11 14:35:00,2026-02-11 21:00:00,20,20,0,0,18239,1,NQH26,0,0,2026-02-11 14:30:00.002,2026-02-11 14:34:59.985005,0,1560,features generated,,True,-6.0,-0.813482,True,True,VolRoll ticks and 15-second bars; original v2 formula,unchanged original 172-row fixture,False,recovered original H26 15-second/footprint database
2026-02-12,NQH26,2026-02-12 14:30:00,2026-02-12 14:35:00,2026-02-12 21:00:00,20,20,0,0,13719,1,NQH26,0,0,2026-02-12 14:30:00.002,2026-02-12 14:34:59.944000,0,1560,"non-red OR5, excluded from F3",,False,4.0,0.234767,False,True,VolRoll ticks and 15-second bars; original v2 formula,unchanged original 172-row fixture,False,recovered original H26 15-second/footprint database
2026-02-13,NQH26,2026-02-13 14:30:00,2026-02-13 14:35:00,2026-02-13 21:00:00,20,20,0,0,23222,1,NQH26,0,0,2026-02-13 14:30:00.000,2026-02-13 14:34:59.982000,0,1560,features generated,,True,-4.0,-0.673237,False,True,VolRoll ticks and 15-second bars; original v2 formula,unchanged original 172-row fixture,False,recovered original H26 15-second/footprint database
2026-02-16,NQH26,2026-02-16 14:30:00,2026-02-16 14:35:00,2026-02-16 21:00:00,20,20,0,0,2832,1,NQH26,0,0,2026-02-16 14:30:00.000,2026-02-16 14:34:59.784000,0,839,features generated,,True,-2.0,-0.361298,False,False,VolRoll ticks and 15-second bars; original v2 formula,new VolRoll original-code generation,False,not in original fixture
2026-02-17,NQH26,2026-02-17 14:30:00,2026-02-17 14:35:00,2026-02-17 21:00:00,20,20,0,0,18353,1,NQH26,0,0,2026-02-17 14:30:00.000,2026-02-17 14:34:59.983000,0,1560,"non-red OR5, excluded from F3",,False,7.0,0.842977,False,True,VolRoll ticks and 15-second bars; original v2 formula,unchanged original 172-row fixture,True,recovered original H26 15-second/footprint database
2026-02-18,NQH26,2026-02-18 14:30:00,2026-02-18 14:35:00,2026-02-18 21:00:00,20,20,0,0,22292,1,NQH26,0,0,2026-02-18 14:30:00.000,2026-02-18 14:34:59.974004,0,1560,features generated,,True,-6.0,-0.471859,True,True,VolRoll ticks and 15-second bars; original v2 formula,unchanged original 172-row fixture,False,recovered original H26 15-second/footprint database
2026-02-19,NQH26,2026-02-19 14:30:00,2026-02-19 14:35:00,2026-02-19 21:00:00,20,20,0,0,14975,1,NQH26,0,0,2026-02-19 14:30:00.000,2026-02-19 14:34:59.948000,0,1560,"non-red OR5, excluded from F3",,False,-4.0,0.016707,False,True,VolRoll ticks and 15-second bars; original v2 formula,unchanged original 172-row fixture,False,recovered original H26 15-second/footprint database
2026-02-20,NQH26,2026-02-20 14:30:00,2026-02-20 14:35:00,2026-02-20 21:00:00,20,20,0,0,17477,1,NQH26,0,0,2026-02-20 14:30:00.001,2026-02-20 14:34:59.998001,0,1560,"non-red OR5, excluded from F3",,False,5.0,0.361109,False,True,VolRoll ticks and 15-second bars; original v2 formula,unchanged original 172-row fixture,False,recovered original H26 15-second/footprint database
2026-02-23,NQH26,2026-02-23 14:30:00,2026-02-23 14:35:00,2026-02-23 21:00:00,20,20,0,0,19163,1,NQH26,0,0,2026-02-23 14:30:00.002,2026-02-23 14:34:59.970003,0,1560,"non-red OR5, excluded from F3",,False,-1.0,-0.457563,False,True,VolRoll ticks and 15-second bars; original v2 formula,unchanged original 172-row fixture,True,recovered original H26 15-second/footprint database
2026-02-24,NQH26,2026-02-24 14:30:00,2026-02-24 14:35:00,2026-02-24 21:00:00,20,20,0,0,19084,1,NQH26,0,0,2026-02-24 14:30:00.000,2026-02-24 14:34:59.934000,0,1560,features generated,,True,-5.0,-0.068875,True,True,VolRoll ticks and 15-second bars; original v2 formula,unchanged original 172-row fixture,True,recovered original H26 15-second/footprint database
2026-02-25,NQH26,2026-02-25 14:30:00,2026-02-25 14:35:00,2026-02-25 21:00:00,20,20,0,0,15958,1,NQH26,0,0,2026-02-25 14:30:00.001,2026-02-25 14:34:59.869000,0,1560,"non-red OR5, excluded from F3",,False,5.0,-0.063714,False,True,VolRoll ticks and 15-second bars; original v2 formula,unchanged original 172-row fixture,True,recovered original H26 15-second/footprint database
2026-02-26,NQH26,2026-02-26 14:30:00,2026-02-26 14:35:00,2026-02-26 21:00:00,20,20,0,0,19671,1,NQH26,0,0,2026-02-26 14:30:00.000,2026-02-26 14:34:59.995001,0,1560,features generated,,True,-7.0,-0.21701,True,True,VolRoll ticks and 15-second bars; original v2 formula,unchanged original 172-row fixture,True,recovered original H26 15-second/footprint database
2026-02-27,NQH26,2026-02-27 14:30:00,2026-02-27 14:35:00,2026-02-27 21:00:00,20,20,0,0,16461,1,NQH26,0,0,2026-02-27 14:30:00.000,2026-02-27 14:34:59.967001,0,1560,"non-red OR5, excluded from F3",,False,4.0,0.097945,False,True,VolRoll ticks and 15-second bars; original v2 formula,unchanged original 172-row fixture,True,recovered original H26 15-second/footprint database
2026-03-02,NQH26,2026-03-02 14:30:00,2026-03-02 14:35:00,2026-03-02 21:00:00,20,20,0,0,19319,1,NQH26,0,0,2026-03-02 14:30:00.000,2026-03-02 14:34:59.986001,0,1560,"non-red OR5, excluded from F3",,False,8.0,0.56759,False,True,VolRoll ticks and 15-second bars; original v2 formula,unchanged original 172-row fixture,True,recovered original H26 15-second/footprint database
2026-03-03,NQH26,2026-03-03 14:30:00,2026-03-03 14:35:00,2026-03-03 21:00:00,20,20,0,0,19709,1,NQH26,0,0,2026-03-03 14:30:00.001,2026-03-03 14:34:59.993000,0,1560,features generated,,True,-3.0,-0.273175,False,True,VolRoll ticks and 15-second bars; original v2 formula,unchanged original 172-row fixture,True,recovered original H26 15-second/footprint database
2026-03-04,NQH26,2026-03-04 14:30:00,2026-03-04 14:35:00,2026-03-04 21:00:00,20,20,0,0,18994,1,NQH26,0,0,2026-03-04 14:30:00.001,2026-03-04 14:34:59.980000,0,1560,"non-red OR5, excluded from F3",,False,9.0,0.315587,False,True,VolRoll ticks and 15-second bars; original v2 formula,unchanged original 172-row fixture,True,recovered original H26 15-second/footprint database
2026-03-05,NQH26,2026-03-05 14:30:00,2026-03-05 14:35:00,2026-03-05 21:00:00,20,20,0,0,16833,1,NQH26,0,0,2026-03-05 14:30:00.001,2026-03-05 14:34:59.961000,0,1560,"non-red OR5, excluded from F3",,False,8.0,0.484911,False,True,VolRoll ticks and 15-second bars; original v2 formula,unchanged original 172-row fixture,True,recovered original H26 15-second/footprint database
2026-03-06,NQH26,2026-03-06 14:30:00,2026-03-06 14:35:00,2026-03-06 21:00:00,20,20,0,0,17629,1,NQH26,0,0,2026-03-06 14:30:00.002,2026-03-06 14:34:59.933000,0,1560,"non-red OR5, excluded from F3",,False,5.0,0.45322,False,True,VolRoll ticks and 15-second bars; original v2 formula,unchanged original 172-row fixture,True,recovered original H26 15-second/footprint database
2026-03-09,NQH26,2026-03-09 13:30:00,2026-03-09 13:35:00,2026-03-09 20:00:00,20,20,0,0,16902,1,NQH26,0,0,2026-03-09 13:30:00.002,2026-03-09 13:34:59.861002,0,1560,"non-red OR5, excluded from F3",,False,1.0,-0.559774,False,True,VolRoll ticks and 15-second bars; original v2 formula,unchanged original 172-row fixture,True,recovered original H26 15-second/footprint database
2026-03-10,NQH26,2026-03-10 13:30:00,2026-03-10 13:35:00,2026-03-10 20:00:00,20,20,0,0,14148,1,NQH26,0,0,2026-03-10 13:30:00.000,2026-03-10 13:34:59.991000,0,1560,"non-red OR5, excluded from F3",,False,-1.0,-0.773241,False,True,VolRoll ticks and 15-second bars; original v2 formula,unchanged original 172-row fixture,True,recovered original H26 15-second/footprint database
2026-03-11,NQH26,2026-03-11 13:30:00,2026-03-11 13:35:00,2026-03-11 20:00:00,20,20,0,0,11536,1,NQH26,0,0,2026-03-11 13:30:00.000,2026-03-11 13:34:59.953001,0,1560,"non-red OR5, excluded from F3",,False,-1.0,-0.343306,False,True,VolRoll ticks and 15-second bars; original v2 formula,unchanged original 172-row fixture,True,recovered original H26 15-second/footprint database
2026-03-12,NQH26,2026-03-12 13:30:00,2026-03-12 13:35:00,2026-03-12 20:00:00,20,20,0,0,14857,1,NQH26,0,0,2026-03-12 13:30:00.001,2026-03-12 13:34:59.959000,0,1560,"non-red OR5, excluded from F3",,False,7.0,0.578261,False,True,VolRoll ticks and 15-second bars; original v2 formula,unchanged original 172-row fixture,True,recovered original H26 15-second/footprint database
2026-03-13,NQH26,2026-03-13 13:30:00,2026-03-13 13:35:00,2026-03-13 20:00:00,20,20,0,0,12200,1,NQH26,0,0,2026-03-13 13:30:00.007,2026-03-13 13:34:59.845000,0,1560,"non-red OR5, excluded from F3",,False,-1.0,-0.70478,False,True,VolRoll ticks and 15-second bars; original v2 formula,unchanged original 172-row fixture,True,recovered original H26 15-second/footprint database
2026-03-16,NQH26,2026-03-16 13:30:00,2026-03-16 13:35:00,2026-03-16 20:00:00,20,20,0,0,7246,1,NQH26,0,0,2026-03-16 13:30:00.000,2026-03-16 13:34:59.892000,0,1560,"non-red OR5, excluded from F3",,False,5.0,0.263333,False,True,VolRoll ticks and 15-second bars; original v2 formula,unchanged original 172-row fixture,True,recovered original H26 15-second/footprint database
2026-03-17,NQM26,2026-03-17 13:30:00,2026-03-17 13:35:00,2026-03-17 20:00:00,20,20,0,0,14175,1,NQM26,0,0,2026-03-17 13:30:00.001,2026-03-17 13:34:59.918000,0,1560,"non-red OR5, excluded from F3",,False,7.0,0.650859,False,True,VolRoll ticks and 15-second bars; original v2 formula,unchanged original 172-row fixture,False,VolRoll adapter
2026-03-18,NQM26,2026-03-18 13:30:00,2026-03-18 13:35:00,2026-03-18 20:00:00,20,20,0,0,11888,1,NQM26,0,0,2026-03-18 13:30:00.000,2026-03-18 13:34:59.987000,0,1560,"non-red OR5, excluded from F3",,False,7.0,0.278856,False,True,VolRoll ticks and 15-second bars; original v2 formula,unchanged original 172-row fixture,False,VolRoll adapter
2026-03-19,NQM26,2026-03-19 13:30:00,2026-03-19 13:35:00,2026-03-19 20:00:00,20,20,0,0,15485,1,NQM26,0,0,2026-03-19 13:30:00.000,2026-03-19 13:34:59.744002,0,1560,features generated,,True,-4.0,0.273538,False,True,VolRoll ticks and 15-second bars; original v2 formula,unchanged original 172-row fixture,False,VolRoll adapter
2026-03-20,NQM26,2026-03-20 13:30:00,2026-03-20 13:35:00,2026-03-20 20:00:00,20,20,0,0,14277,1,NQM26,0,0,2026-03-20 13:30:00.000,2026-03-20 13:34:59.743001,0,1560,features generated,,True,-5.0,0.022098,False,True,VolRoll ticks and 15-second bars; original v2 formula,unchanged original 172-row fixture,False,VolRoll adapter
2026-03-23,NQM26,2026-03-23 13:30:00,2026-03-23 13:35:00,2026-03-23 20:00:00,20,20,0,0,13108,1,NQM26,0,0,2026-03-23 13:30:00.001,2026-03-23 13:34:59.813000,0,1560,features generated,,True,-2.0,0.185644,False,True,VolRoll ticks and 15-second bars; original v2 formula,unchanged original 172-row fixture,False,VolRoll adapter
2026-03-24,NQM26,2026-03-24 13:30:00,2026-03-24 13:35:00,2026-03-24 20:00:00,20,20,0,0,12208,1,NQM26,0,0,2026-03-24 13:30:00.000,2026-03-24 13:34:59.894000,0,1560,"non-red OR5, excluded from F3",,False,6.0,0.409724,False,True,VolRoll ticks and 15-second bars; original v2 formula,unchanged original 172-row fixture,False,VolRoll adapter
2026-03-25,NQM26,2026-03-25 13:30:00,2026-03-25 13:35:00,2026-03-25 20:00:00,20,20,0,0,9636,1,NQM26,0,0,2026-03-25 13:30:00.002,2026-03-25 13:34:59.931002,0,1560,"non-red OR5, excluded from F3",,False,6.0,0.248283,False,True,VolRoll ticks and 15-second bars; original v2 formula,unchanged original 172-row fixture,False,VolRoll adapter
2026-03-26,NQM26,2026-03-26 13:30:00,2026-03-26 13:35:00,2026-03-26 20:00:00,20,20,0,0,11284,1,NQM26,0,0,2026-03-26 13:30:00.000,2026-03-26 13:34:59.943000,0,1560,features generated,,True,1.0,0.827021,False,True,VolRoll ticks and 15-second bars; original v2 formula,unchanged original 172-row fixture,False,VolRoll adapter
2026-03-27,NQM26,2026-03-27 13:30:00,2026-03-27 13:35:00,2026-03-27 20:00:00,20,20,0,0,13682,1,NQM26,0,0,2026-03-27 13:30:00.000,2026-03-27 13:34:59.840000,0,1560,features generated,,True,-7.0,-0.385654,True,True,VolRoll ticks and 15-second bars; original v2 formula,unchanged original 172-row fixture,False,VolRoll adapter
2026-03-30,NQM26,2026-03-30 13:30:00,2026-03-30 13:35:00,2026-03-30 20:00:00,20,20,0,0,12011,1,NQM26,0,0,2026-03-30 13:30:00.002,2026-03-30 13:34:59.722001,0,1560,features generated,,True,-6.0,-0.714987,True,True,VolRoll ticks and 15-second bars; original v2 formula,unchanged original 172-row fixture,False,VolRoll adapter
2026-03-31,NQM26,2026-03-31 13:30:00,2026-03-31 13:35:00,2026-03-31 20:00:00,20,20,0,0,12507,1,NQM26,0,0,2026-03-31 13:30:00.000,2026-03-31 13:34:59.936000,0,1560,"non-red OR5, excluded from F3",,False,8.0,0.502471,False,True,VolRoll ticks and 15-second bars; original v2 formula,unchanged original 172-row fixture,False,VolRoll adapter
2026-04-01,NQM26,2026-04-01 13:30:00,2026-04-01 13:35:00,2026-04-01 20:00:00,20,20,0,0,14096,1,NQM26,0,0,2026-04-01 13:30:00.001,2026-04-01 13:34:59.984000,0,1560,"non-red OR5, excluded from F3",,False,5.0,0.823758,False,True,VolRoll ticks and 15-second bars; original v2 formula,unchanged original 172-row fixture,False,VolRoll adapter
2026-04-02,NQM26,2026-04-02 13:30:00,2026-04-02 13:35:00,2026-04-02 20:00:00,20,20,0,0,12217,1,NQM26,0,0,2026-04-02 13:30:00.000,2026-04-02 13:34:59.457001,0,1560,"non-red OR5, excluded from F3",,False,-1.0,-0.674805,False,True,VolRoll ticks and 15-second bars; original v2 formula,unchanged original 172-row fixture,False,VolRoll adapter
2026-04-03,NQM26,2026-04-03 13:30:00,2026-04-03 13:35:00,2026-04-03 20:00:00,0,0,0,0,,,,,,,,0,0,no RTH,no RTH,,,,,False,unavailable,no feature row,False,not in original fixture
2026-04-06,NQM26,2026-04-06 13:30:00,2026-04-06 13:35:00,2026-04-06 20:00:00,20,20,0,0,12254,1,NQM26,0,0,2026-04-06 13:30:00.000,2026-04-06 13:34:59.454000,0,1560,"non-red OR5, excluded from F3",,False,7.0,0.139547,False,True,VolRoll ticks and 15-second bars; original v2 formula,unchanged original 172-row fixture,False,VolRoll adapter
2026-04-07,NQM26,2026-04-07 13:30:00,2026-04-07 13:35:00,2026-04-07 20:00:00,20,20,0,0,11359,1,NQM26,0,0,2026-04-07 13:30:00.000,2026-04-07 13:34:59.999002,0,1560,features generated,,True,-7.0,-0.380328,True,True,VolRoll ticks and 15-second bars; original v2 formula,unchanged original 172-row fixture,False,VolRoll adapter
2026-04-08,NQM26,2026-04-08 13:30:00,2026-04-08 13:35:00,2026-04-08 20:00:00,20,20,0,0,17069,1,NQM26,0,0,2026-04-08 13:30:00.000,2026-04-08 13:34:59.718000,0,1560,features generated,,True,-3.0,0.184367,False,True,VolRoll ticks and 15-second bars; original v2 formula,unchanged original 172-row fixture,False,VolRoll adapter
2026-04-09,NQM26,2026-04-09 13:30:00,2026-04-09 13:35:00,2026-04-09 20:00:00,20,20,0,0,12478,1,NQM26,0,0,2026-04-09 13:30:00.000,2026-04-09 13:34:59.911002,0,1560,features generated,,True,-7.0,-0.667477,True,True,VolRoll ticks and 15-second bars; original v2 formula,unchanged original 172-row fixture,False,VolRoll adapter
2026-04-10,NQM26,2026-04-10 13:30:00,2026-04-10 13:35:00,2026-04-10 20:00:00,20,20,0,0,12179,1,NQM26,0,0,2026-04-10 13:30:00.000,2026-04-10 13:34:59.860000,0,1560,"non-red OR5, excluded from F3",,False,-1.0,-0.712675,False,True,VolRoll ticks and 15-second bars; original v2 formula,unchanged original 172-row fixture,False,VolRoll adapter
2026-04-13,NQM26,2026-04-13 13:30:00,2026-04-13 13:35:00,2026-04-13 20:00:00,20,20,0,0,14186,1,NQM26,0,0,2026-04-13 13:30:00.000,2026-04-13 13:34:59.999005,0,1560,"non-red OR5, excluded from F3",,False,4.0,-0.030149,False,True,VolRoll ticks and 15-second bars; original v2 formula,unchanged original 172-row fixture,False,VolRoll adapter
2026-04-14,NQM26,2026-04-14 13:30:00,2026-04-14 13:35:00,2026-04-14 20:00:00,20,20,0,0,13761,1,NQM26,0,0,2026-04-14 13:30:00.004,2026-04-14 13:34:59.949000,0,1560,"non-red OR5, excluded from F3",,False,8.0,0.302227,False,True,VolRoll ticks and 15-second bars; original v2 formula,unchanged original 172-row fixture,False,VolRoll adapter
2026-04-15,NQM26,2026-04-15 13:30:00,2026-04-15 13:35:00,2026-04-15 20:00:00,20,20,0,0,12358,1,NQM26,0,0,2026-04-15 13:30:00.002,2026-04-15 13:34:59.914000,0,1560,features generated,,True,-1.0,-0.183802,False,True,VolRoll ticks and 15-second bars; original v2 formula,unchanged original 172-row fixture,False,VolRoll adapter
2026-04-16,NQM26,2026-04-16 13:30:00,2026-04-16 13:35:00,2026-04-16 20:00:00,20,20,0,0,14563,1,NQM26,0,0,2026-04-16 13:30:00.001,2026-04-16 13:34:59.909000,0,1560,features generated,,True,-3.0,0.318792,False,True,VolRoll ticks and 15-second bars; original v2 formula,unchanged original 172-row fixture,False,VolRoll adapter
2026-04-17,NQM26,2026-04-17 13:30:00,2026-04-17 13:35:00,2026-04-17 20:00:00,20,20,0,0,17784,1,NQM26,0,0,2026-04-17 13:30:00.000,2026-04-17 13:34:59.988001,0,1560,features generated,,True,-3.0,-0.149598,False,True,VolRoll ticks and 15-second bars; original v2 formula,unchanged original 172-row fixture,False,VolRoll adapter
2026-04-20,NQM26,2026-04-20 13:30:00,2026-04-20 13:35:00,2026-04-20 20:00:00,20,20,0,0,13436,1,NQM26,0,0,2026-04-20 13:30:00.000,2026-04-20 13:34:59.148001,0,1560,"non-red OR5, excluded from F3",,False,6.0,0.571968,False,True,VolRoll ticks and 15-second bars; original v2 formula,unchanged original 172-row fixture,False,VolRoll adapter
2026-04-21,NQM26,2026-04-21 13:30:00,2026-04-21 13:35:00,2026-04-21 20:00:00,20,20,0,0,13619,1,NQM26,0,0,2026-04-21 13:30:00.001,2026-04-21 13:34:59.964001,0,1560,features generated,,True,-3.0,0.185597,False,True,VolRoll ticks and 15-second bars; original v2 formula,unchanged original 172-row fixture,False,VolRoll adapter
2026-04-22,NQM26,2026-04-22 13:30:00,2026-04-22 13:35:00,2026-04-22 20:00:00,20,20,0,0,12498,1,NQM26,0,0,2026-04-22 13:30:00.002,2026-04-22 13:34:59.986000,0,1560,features generated,,True,-7.0,-0.41297,True,True,VolRoll ticks and 15-second bars; original v2 formula,unchanged original 172-row fixture,False,VolRoll adapter
2026-04-23,NQM26,2026-04-23 13:30:00,2026-04-23 13:35:00,2026-04-23 20:00:00,20,20,0,0,12077,1,NQM26,0,0,2026-04-23 13:30:00.000,2026-04-23 13:34:59.879000,0,1560,features generated,,True,3.0,0.788404,False,True,VolRoll ticks and 15-second bars; original v2 formula,unchanged original 172-row fixture,False,VolRoll adapter
2026-04-24,NQM26,2026-04-24 13:30:00,2026-04-24 13:35:00,2026-04-24 20:00:00,20,20,0,0,14750,1,NQM26,0,0,2026-04-24 13:30:00.003,2026-04-24 13:34:59.988000,0,1560,"non-red OR5, excluded from F3",,False,4.0,0.607756,False,True,VolRoll ticks and 15-second bars; original v2 formula,unchanged original 172-row fixture,False,VolRoll adapter
2026-04-27,NQM26,2026-04-27 13:30:00,2026-04-27 13:35:00,2026-04-27 20:00:00,20,20,0,0,13503,1,NQM26,0,0,2026-04-27 13:30:00.000,2026-04-27 13:34:59.986000,0,1560,features generated,,True,-7.0,-0.497537,True,True,VolRoll ticks and 15-second bars; original v2 formula,unchanged original 172-row fixture,False,VolRoll adapter
2026-04-28,NQM26,2026-04-28 13:30:00,2026-04-28 13:35:00,2026-04-28 20:00:00,20,20,0,0,18141,1,NQM26,0,0,2026-04-28 13:30:00.000,2026-04-28 13:34:59.977001,0,1560,features generated,,True,3.0,0.863509,False,True,VolRoll ticks and 15-second bars; original v2 formula,unchanged original 172-row fixture,False,VolRoll adapter
2026-04-29,NQM26,2026-04-29 13:30:00,2026-04-29 13:35:00,2026-04-29 20:00:00,20,20,0,0,13479,1,NQM26,0,0,2026-04-29 13:30:00.000,2026-04-29 13:34:59.967001,0,1560,features generated,,True,-4.0,-0.136951,False,True,VolRoll ticks and 15-second bars; original v2 formula,unchanged original 172-row fixture,False,VolRoll adapter
2026-04-30,NQM26,2026-04-30 13:30:00,2026-04-30 13:35:00,2026-04-30 20:00:00,20,20,0,0,18399,1,NQM26,0,0,2026-04-30 13:30:00.001,2026-04-30 13:34:59.979001,0,1560,features generated,,True,-8.0,-0.401337,True,True,VolRoll ticks and 15-second bars; original v2 formula,unchanged original 172-row fixture,False,VolRoll adapter
2026-05-01,NQM26,2026-05-01 13:30:00,2026-05-01 13:35:00,2026-05-01 20:00:00,20,20,0,0,18133,1,NQM26,0,0,2026-05-01 13:30:00.000,2026-05-01 13:34:59.967000,0,1560,"non-red OR5, excluded from F3",,False,8.0,0.364472,False,True,VolRoll ticks and 15-second bars; original v2 formula,unchanged original 172-row fixture,False,VolRoll adapter
2026-05-04,NQM26,2026-05-04 13:30:00,2026-05-04 13:35:00,2026-05-04 20:00:00,20,20,0,0,13831,1,NQM26,0,0,2026-05-04 13:30:00.002,2026-05-04 13:34:59.706000,0,1560,features generated,,True,-3.0,-0.184355,False,True,VolRoll ticks and 15-second bars; original v2 formula,unchanged original 172-row fixture,False,VolRoll adapter
2026-05-05,NQM26,2026-05-05 13:30:00,2026-05-05 13:35:00,2026-05-05 20:00:00,20,20,0,0,14498,1,NQM26,0,0,2026-05-05 13:30:00.003,2026-05-05 13:34:59.984002,0,1560,"non-red OR5, excluded from F3",,False,8.0,0.568732,False,True,VolRoll ticks and 15-second bars; original v2 formula,unchanged original 172-row fixture,False,VolRoll adapter
2026-05-06,NQM26,2026-05-06 13:30:00,2026-05-06 13:35:00,2026-05-06 20:00:00,20,20,0,0,17839,1,NQM26,0,0,2026-05-06 13:30:00.001,2026-05-06 13:34:59.983000,0,1560,"non-red OR5, excluded from F3",,False,6.0,0.82195,False,True,VolRoll ticks and 15-second bars; original v2 formula,unchanged original 172-row fixture,False,VolRoll adapter
2026-05-07,NQM26,2026-05-07 13:30:00,2026-05-07 13:35:00,2026-05-07 20:00:00,20,20,0,0,13683,1,NQM26,0,0,2026-05-07 13:30:00.000,2026-05-07 13:34:59.911000,0,1560,"non-red OR5, excluded from F3",,False,5.0,0.676927,False,True,VolRoll ticks and 15-second bars; original v2 formula,unchanged original 172-row fixture,False,VolRoll adapter
2026-05-08,NQM26,2026-05-08 13:30:00,2026-05-08 13:35:00,2026-05-08 20:00:00,20,20,0,0,14023,1,NQM26,0,0,2026-05-08 13:30:00.000,2026-05-08 13:34:59.997000,0,1560,"non-red OR5, excluded from F3",,False,8.0,0.505078,False,True,VolRoll ticks and 15-second bars; original v2 formula,unchanged original 172-row fixture,False,VolRoll adapter
2026-05-11,NQM26,2026-05-11 13:30:00,2026-05-11 13:35:00,2026-05-11 20:00:00,20,20,0,0,18419,1,NQM26,0,0,2026-05-11 13:30:00.001,2026-05-11 13:34:59.950000,0,1560,"non-red OR5, excluded from F3",,False,8.0,0.559471,False,True,VolRoll ticks and 15-second bars; original v2 formula,unchanged original 172-row fixture,False,VolRoll adapter
2026-05-12,NQM26,2026-05-12 13:30:00,2026-05-12 13:35:00,2026-05-12 20:00:00,20,20,0,0,16098,1,NQM26,0,0,2026-05-12 13:30:00.000,2026-05-12 13:34:59.903000,0,1560,features generated,,True,1.0,0.857379,False,True,VolRoll ticks and 15-second bars; original v2 formula,unchanged original 172-row fixture,False,VolRoll adapter
2026-05-13,NQM26,2026-05-13 13:30:00,2026-05-13 13:35:00,2026-05-13 20:00:00,20,20,0,0,15482,1,NQM26,0,0,2026-05-13 13:30:00.000,2026-05-13 13:34:59.991000,0,1560,features generated,,True,-1.0,0.525645,False,True,VolRoll ticks and 15-second bars; original v2 formula,unchanged original 172-row fixture,False,VolRoll adapter
2026-05-14,NQM26,2026-05-14 13:30:00,2026-05-14 13:35:00,2026-05-14 20:00:00,20,20,0,0,15859,1,NQM26,0,0,2026-05-14 13:30:00.000,2026-05-14 13:34:59.899002,0,1560,"non-red OR5, excluded from F3",,False,7.0,0.701056,False,True,VolRoll ticks and 15-second bars; original v2 formula,unchanged original 172-row fixture,False,VolRoll adapter
2026-05-15,NQM26,2026-05-15 13:30:00,2026-05-15 13:35:00,2026-05-15 20:00:00,20,20,0,0,19376,1,NQM26,0,0,2026-05-15 13:30:00.000,2026-05-15 13:34:59.949000,0,1560,features generated,,True,1.0,0.571939,False,True,VolRoll ticks and 15-second bars; original v2 formula,unchanged original 172-row fixture,False,VolRoll adapter
2026-05-18,NQM26,2026-05-18 13:30:00,2026-05-18 13:35:00,2026-05-18 20:00:00,20,20,0,0,19218,1,NQM26,0,0,2026-05-18 13:30:00.000,2026-05-18 13:34:59.965001,0,1560,features generated,,True,-5.0,-0.532795,True,True,VolRoll ticks and 15-second bars; original v2 formula,unchanged original 172-row fixture,False,VolRoll adapter
2026-05-19,NQM26,2026-05-19 13:30:00,2026-05-19 13:35:00,2026-05-19 20:00:00,20,20,0,0,21230,1,NQM26,0,0,2026-05-19 13:30:00.000,2026-05-19 13:34:59.984001,0,1560,"non-red OR5, excluded from F3",,False,4.0,-0.408276,False,True,VolRoll ticks and 15-second bars; original v2 formula,unchanged original 172-row fixture,False,VolRoll adapter
2026-05-20,NQM26,2026-05-20 13:30:00,2026-05-20 13:35:00,2026-05-20 20:00:00,20,20,0,0,16624,1,NQM26,0,0,2026-05-20 13:30:00.002,2026-05-20 13:34:59.956000,0,1560,"non-red OR5, excluded from F3",,False,7.0,-0.009964,False,True,VolRoll ticks and 15-second bars; original v2 formula,unchanged original 172-row fixture,False,VolRoll adapter
2026-05-21,NQM26,2026-05-21 13:30:00,2026-05-21 13:35:00,2026-05-21 20:00:00,20,20,0,0,16378,1,NQM26,0,0,2026-05-21 13:30:00.002,2026-05-21 13:34:59.956002,0,1560,"non-red OR5, excluded from F3",,False,7.0,0.941161,False,True,VolRoll ticks and 15-second bars; original v2 formula,unchanged original 172-row fixture,False,VolRoll adapter
2026-05-22,NQM26,2026-05-22 13:30:00,2026-05-22 13:35:00,2026-05-22 20:00:00,20,20,0,0,18598,1,NQM26,0,0,2026-05-22 13:30:00.001,2026-05-22 13:34:59.995003,0,1560,"non-red OR5, excluded from F3",,False,7.0,0.566821,False,True,VolRoll ticks and 15-second bars; original v2 formula,unchanged original 172-row fixture,False,VolRoll adapter
2026-05-25,NQM26,2026-05-25 13:30:00,2026-05-25 13:35:00,2026-05-25 20:00:00,20,20,0,0,1708,1,NQM26,0,0,2026-05-25 13:30:00.003,2026-05-25 13:34:59.208000,0,838,"non-red OR5, excluded from F3",,False,5.0,0.015938,False,False,VolRoll ticks and 15-second bars; original v2 formula,new VolRoll original-code generation,False,not in original fixture
2026-05-26,NQM26,2026-05-26 13:30:00,2026-05-26 13:35:00,2026-05-26 20:00:00,20,20,0,0,20232,1,NQM26,0,0,2026-05-26 13:30:00.001,2026-05-26 13:34:59.959001,0,1560,features generated,,True,-7.0,-0.72972,True,True,VolRoll ticks and 15-second bars; original v2 formula,unchanged original 172-row fixture,False,VolRoll adapter
2026-05-27,NQM26,2026-05-27 13:30:00,2026-05-27 13:35:00,2026-05-27 20:00:00,20,20,0,0,21334,1,NQM26,0,0,2026-05-27 13:30:00.003,2026-05-27 13:34:59.992001,0,1560,features generated,,True,-6.0,-0.012362,True,True,VolRoll ticks and 15-second bars; original v2 formula,unchanged original 172-row fixture,False,VolRoll adapter
2026-05-28,NQM26,2026-05-28 13:30:00,2026-05-28 13:35:00,2026-05-28 20:00:00,20,20,0,0,18340,1,NQM26,0,0,2026-05-28 13:30:00.000,2026-05-28 13:34:59.978000,0,1560,features generated,,True,-4.0,-0.895902,False,True,VolRoll ticks and 15-second bars; original v2 formula,unchanged original 172-row fixture,False,VolRoll adapter
2026-05-29,NQM26,2026-05-29 13:30:00,2026-05-29 13:35:00,2026-05-29 20:00:00,20,20,0,0,19678,1,NQM26,0,0,2026-05-29 13:30:00.000,2026-05-29 13:34:59.931001,0,1560,features generated,,True,-5.0,-0.897001,True,True,VolRoll ticks and 15-second bars; original v2 formula,unchanged original 172-row fixture,False,VolRoll adapter
2026-06-01,NQM26,2026-06-01 13:30:00,2026-06-01 13:35:00,2026-06-01 20:00:00,20,20,0,0,18671,1,NQM26,0,0,2026-06-01 13:30:00.001,2026-06-01 13:34:59.844000,0,1560,"non-red OR5, excluded from F3",,False,3.0,-0.097786,False,True,VolRoll ticks and 15-second bars; original v2 formula,unchanged original 172-row fixture,False,VolRoll adapter
2026-06-02,NQM26,2026-06-02 13:30:00,2026-06-02 13:35:00,2026-06-02 20:00:00,20,20,0,0,16441,1,NQM26,0,0,2026-06-02 13:30:00.000,2026-06-02 13:34:59.988000,0,1560,features generated,,True,-8.0,-0.277285,True,True,VolRoll ticks and 15-second bars; original v2 formula,unchanged original 172-row fixture,False,VolRoll adapter
2026-06-03,NQM26,2026-06-03 13:30:00,2026-06-03 13:35:00,2026-06-03 20:00:00,20,20,0,0,19326,1,NQM26,0,0,2026-06-03 13:30:00.000,2026-06-03 13:34:59.996000,0,1560,features generated,,True,-6.0,-0.980843,True,True,VolRoll ticks and 15-second bars; original v2 formula,unchanged original 172-row fixture,False,VolRoll adapter
2026-06-04,NQM26,2026-06-04 13:30:00,2026-06-04 13:35:00,2026-06-04 20:00:00,20,20,0,0,23055,1,NQM26,0,0,2026-06-04 13:30:00.000,2026-06-04 13:34:59.994000,0,1560,"non-red OR5, excluded from F3",,False,5.0,0.671927,False,True,VolRoll ticks and 15-second bars; original v2 formula,unchanged original 172-row fixture,False,VolRoll adapter
2026-06-05,NQM26,2026-06-05 13:30:00,2026-06-05 13:35:00,2026-06-05 20:00:00,20,20,0,0,23053,1,NQM26,0,0,2026-06-05 13:30:00.000,2026-06-05 13:34:59.828000,0,1560,"non-red OR5, excluded from F3",,False,0.0,-0.042651,False,True,VolRoll ticks and 15-second bars; original v2 formula,unchanged original 172-row fixture,False,VolRoll adapter
2026-06-08,NQM26,2026-06-08 13:30:00,2026-06-08 13:35:00,2026-06-08 20:00:00,20,20,0,0,22780,1,NQM26,0,0,2026-06-08 13:30:00.000,2026-06-08 13:34:59.991000,0,1560,features generated,,True,-7.0,-0.860368,True,True,VolRoll ticks and 15-second bars; original v2 formula,unchanged original 172-row fixture,False,VolRoll adapter
2026-06-09,NQM26,2026-06-09 13:30:00,2026-06-09 13:35:00,2026-06-09 20:00:00,20,20,0,0,16975,1,NQM26,0,0,2026-06-09 13:30:00.000,2026-06-09 13:34:59.922000,0,1560,features generated,,True,-7.0,-0.227781,True,True,VolRoll ticks and 15-second bars; original v2 formula,unchanged original 172-row fixture,False,VolRoll adapter
2026-06-10,NQM26,2026-06-10 13:30:00,2026-06-10 13:35:00,2026-06-10 20:00:00,20,20,0,0,14858,1,NQM26,0,0,2026-06-10 13:30:00.000,2026-06-10 13:34:59.915000,0,1560,features generated,,True,-7.0,-0.943786,True,True,VolRoll ticks and 15-second bars; original v2 formula,unchanged original 172-row fixture,False,VolRoll adapter
2026-06-11,NQM26,2026-06-11 13:30:00,2026-06-11 13:35:00,2026-06-11 20:00:00,20,20,0,0,13316,1,NQM26,0,0,2026-06-11 13:30:00.001,2026-06-11 13:34:59.955000,0,1560,features generated,,True,-7.0,-0.358151,True,True,VolRoll ticks and 15-second bars; original v2 formula,unchanged original 172-row fixture,False,VolRoll adapter
2026-06-12,NQM26,2026-06-12 13:30:00,2026-06-12 13:35:00,2026-06-12 20:00:00,20,20,0,0,12149,1,NQM26,0,0,2026-06-12 13:30:00.002,2026-06-12 13:34:59.883001,0,1560,features generated,,True,-6.0,0.286895,False,True,VolRoll ticks and 15-second bars; original v2 formula,unchanged original 172-row fixture,False,VolRoll adapter
2026-06-15,NQM26,2026-06-15 13:30:00,2026-06-15 13:35:00,2026-06-15 20:00:00,20,20,0,0,4695,1,NQM26,0,0,2026-06-15 13:30:00.005,2026-06-15 13:34:59.963000,0,1560,"non-red OR5, excluded from F3",,False,-2.0,-0.439375,False,True,VolRoll ticks and 15-second bars; original v2 formula,unchanged original 172-row fixture,False,VolRoll adapter
2026-06-16,NQU26,2026-06-16 13:30:00,2026-06-16 13:35:00,2026-06-16 20:00:00,20,20,0,0,12435,1,NQU26,0,0,2026-06-16 13:30:00.000,2026-06-16 13:34:59.959000,0,1560,features generated,,True,1.0,0.696492,False,True,VolRoll ticks and 15-second bars; original v2 formula,unchanged original 172-row fixture,False,VolRoll adapter
2026-06-17,NQU26,2026-06-17 13:30:00,2026-06-17 13:35:00,2026-06-17 20:00:00,20,20,0,0,11730,1,NQU26,0,0,2026-06-17 13:30:00.002,2026-06-17 13:34:59.972002,0,1560,features generated,,True,-6.0,0.161032,False,True,VolRoll ticks and 15-second bars; original v2 formula,unchanged original 172-row fixture,False,VolRoll adapter
2026-06-18,NQU26,2026-06-18 13:30:00,2026-06-18 13:35:00,2026-06-18 20:00:00,20,20,0,0,17283,1,NQU26,0,0,2026-06-18 13:30:00.000,2026-06-18 13:34:59.994000,0,1560,features generated,,True,-8.0,-0.802222,True,True,VolRoll ticks and 15-second bars; original v2 formula,unchanged original 172-row fixture,False,VolRoll adapter
2026-06-19,NQU26,2026-06-19 13:30:00,2026-06-19 13:35:00,2026-06-19 20:00:00,20,20,0,0,2029,1,NQU26,0,0,2026-06-19 13:30:00.001,2026-06-19 13:34:59.854000,0,839,features generated,,True,-4.0,0.100289,False,False,VolRoll ticks and 15-second bars; original v2 formula,new VolRoll original-code generation,False,not in original fixture
2026-06-22,NQU26,2026-06-22 13:30:00,2026-06-22 13:35:00,2026-06-22 20:00:00,20,20,0,0,15321,1,NQU26,0,0,2026-06-22 13:30:00.000,2026-06-22 13:34:59.845000,0,1560,features generated,,True,-3.0,-0.437804,False,True,VolRoll ticks and 15-second bars; original v2 formula,unchanged original 172-row fixture,False,VolRoll adapter
2026-06-23,NQU26,2026-06-23 13:30:00,2026-06-23 13:35:00,2026-06-23 20:00:00,20,20,0,0,22905,1,NQU26,0,0,2026-06-23 13:30:00.001,2026-06-23 13:34:59.894000,0,1560,"non-red OR5, excluded from F3",,False,7.0,0.888324,False,True,VolRoll ticks and 15-second bars; original v2 formula,unchanged original 172-row fixture,False,VolRoll adapter
2026-06-24,NQU26,2026-06-24 13:30:00,2026-06-24 13:35:00,2026-06-24 20:00:00,20,20,0,0,16653,1,NQU26,0,0,2026-06-24 13:30:00.001,2026-06-24 13:34:59.840000,0,1560,"non-red OR5, excluded from F3",,False,6.0,0.638927,False,True,VolRoll ticks and 15-second bars; original v2 formula,unchanged original 172-row fixture,False,VolRoll adapter
2026-06-25,NQU26,2026-06-25 13:30:00,2026-06-25 13:35:00,2026-06-25 20:00:00,20,20,0,0,17426,1,NQU26,0,0,2026-06-25 13:30:00.000,2026-06-25 13:34:59.955000,0,1560,features generated,,True,-7.0,-0.333068,True,True,VolRoll ticks and 15-second bars; original v2 formula,unchanged original 172-row fixture,False,VolRoll adapter
2026-06-26,NQU26,2026-06-26 13:30:00,2026-06-26 13:35:00,2026-06-26 20:00:00,20,20,0,0,14038,1,NQU26,0,0,2026-06-26 13:30:00.003,2026-06-26 13:34:59.993000,0,1560,features generated,,True,-4.0,-0.106668,False,True,VolRoll ticks and 15-second bars; original v2 formula,unchanged original 172-row fixture,False,VolRoll adapter
2026-06-29,NQU26,2026-06-29 13:30:00,2026-06-29 13:35:00,2026-06-29 20:00:00,20,20,0,0,13636,1,NQU26,0,0,2026-06-29 13:30:00.001,2026-06-29 13:34:59.998001,0,1560,"non-red OR5, excluded from F3",,False,7.0,0.676306,False,True,VolRoll ticks and 15-second bars; original v2 formula,unchanged original 172-row fixture,False,VolRoll adapter
2026-06-30,NQU26,2026-06-30 13:30:00,2026-06-30 13:35:00,2026-06-30 20:00:00,20,20,0,0,14995,1,NQU26,0,0,2026-06-30 13:30:00.000,2026-06-30 13:34:59.809001,0,1560,"non-red OR5, excluded from F3",,False,7.0,0.358079,False,True,VolRoll ticks and 15-second bars; original v2 formula,unchanged original 172-row fixture,False,VolRoll adapter
2026-07-01,NQU26,2026-07-01 13:30:00,2026-07-01 13:35:00,2026-07-01 20:00:00,20,20,0,0,22035,1,NQU26,0,0,2026-07-01 13:30:00.000,2026-07-01 13:34:59.998000,0,1560,features generated,,True,-8.0,-0.690181,True,True,VolRoll ticks and 15-second bars; original v2 formula,unchanged original 172-row fixture,False,VolRoll adapter
2026-07-02,NQU26,2026-07-02 13:30:00,2026-07-02 13:35:00,2026-07-02 20:00:00,20,20,0,0,14714,1,NQU26,0,0,2026-07-02 13:30:00.000,2026-07-02 13:34:59.948001,0,1560,"non-red OR5, excluded from F3",,False,8.0,0.921593,False,True,VolRoll ticks and 15-second bars; original v2 formula,unchanged original 172-row fixture,False,VolRoll adapter
2026-07-03,NQU26,2026-07-03 13:30:00,2026-07-03 13:35:00,2026-07-03 20:00:00,20,20,0,0,2397,1,NQU26,0,0,2026-07-03 13:30:00.013,2026-07-03 13:34:59.764000,0,832,"non-red OR5, excluded from F3",,False,-2.0,-0.951527,False,False,VolRoll ticks and 15-second bars; original v2 formula,new VolRoll original-code generation,False,not in original fixture
2026-07-06,NQU26,2026-07-06 13:30:00,2026-07-06 13:35:00,2026-07-06 20:00:00,20,20,0,0,13094,1,NQU26,0,0,2026-07-06 13:30:00.000,2026-07-06 13:34:59.701000,0,1560,"non-red OR5, excluded from F3",,False,7.0,0.643472,False,True,VolRoll ticks and 15-second bars; original v2 formula,unchanged original 172-row fixture,False,VolRoll adapter
2026-07-07,NQU26,2026-07-07 13:30:00,2026-07-07 13:35:00,2026-07-07 20:00:00,20,20,0,0,18013,1,NQU26,0,0,2026-07-07 13:30:00.000,2026-07-07 13:34:59.991000,0,1560,features generated,,True,-7.0,-0.793934,True,True,VolRoll ticks and 15-second bars; original v2 formula,unchanged original 172-row fixture,False,VolRoll adapter
2026-07-08,NQU26,2026-07-08 13:30:00,2026-07-08 13:35:00,2026-07-08 20:00:00,20,20,0,0,14814,1,NQU26,0,0,2026-07-08 13:30:00.000,2026-07-08 13:34:59.980000,0,1560,"non-red OR5, excluded from F3",,False,7.0,0.052424,False,True,VolRoll ticks and 15-second bars; original v2 formula,unchanged original 172-row fixture,False,VolRoll adapter
2026-07-09,NQU26,2026-07-09 13:30:00,2026-07-09 13:35:00,2026-07-09 20:00:00,20,20,0,0,12798,1,NQU26,0,0,2026-07-09 13:30:00.000,2026-07-09 13:34:59.952000,0,1560,"non-red OR5, excluded from F3",,False,6.0,0.952843,False,True,VolRoll ticks and 15-second bars; original v2 formula,unchanged original 172-row fixture,False,VolRoll adapter
2026-07-10,NQU26,2026-07-10 13:30:00,2026-07-10 13:35:00,2026-07-10 20:00:00,20,20,0,0,11183,1,NQU26,0,0,2026-07-10 13:30:00.002,2026-07-10 13:34:59.916000,0,1560,"non-red OR5, excluded from F3",,False,7.0,0.196243,False,True,VolRoll ticks and 15-second bars; original v2 formula,unchanged original 172-row fixture,False,VolRoll adapter
2026-07-13,NQU26,2026-07-13 13:30:00,2026-07-13 13:35:00,2026-07-13 20:00:00,20,20,0,0,12927,1,NQU26,0,0,2026-07-13 13:30:00.000,2026-07-13 13:34:59.831004,0,1560,features generated,,True,-7.0,-0.493283,True,True,VolRoll ticks and 15-second bars; original v2 formula,unchanged original 172-row fixture,False,VolRoll adapter
2026-07-14,NQU26,2026-07-14 13:30:00,2026-07-14 13:35:00,2026-07-14 20:00:00,20,20,0,0,10732,1,NQU26,0,0,2026-07-14 13:30:00.001,2026-07-14 13:34:59.851000,0,1560,features generated,,True,-8.0,-0.274942,True,True,VolRoll ticks and 15-second bars; original v2 formula,unchanged original 172-row fixture,False,VolRoll adapter
2026-07-15,NQU26,2026-07-15 13:30:00,2026-07-15 13:35:00,2026-07-15 20:00:00,20,20,0,0,9649,1,NQU26,0,0,2026-07-15 13:30:00.001,2026-07-15 13:34:59.874000,0,1560,features generated,,True,1.0,0.17024,False,True,VolRoll ticks and 15-second bars; original v2 formula,unchanged original 172-row fixture,False,VolRoll adapter
2026-07-16,NQU26,2026-07-16 13:30:00,2026-07-16 13:35:00,2026-07-16 20:00:00,20,20,0,0,10767,1,NQU26,0,0,2026-07-16 13:30:00.001,2026-07-16 13:34:59.924003,0,1560,features generated,,True,-6.0,-0.94826,True,True,VolRoll ticks and 15-second bars; original v2 formula,unchanged original 172-row fixture,False,VolRoll adapter
2026-07-17,NQU26,2026-07-17 13:30:00,2026-07-17 13:35:00,2026-07-17 20:00:00,20,20,0,0,15416,1,NQU26,0,0,2026-07-17 13:30:00.000,2026-07-17 13:34:59.714000,0,1560,features generated,,True,-6.0,-0.82075,True,True,VolRoll ticks and 15-second bars; original v2 formula,unchanged original 172-row fixture,False,VolRoll adapter
2026-07-20,NQU26,2026-07-20 13:30:00,2026-07-20 13:35:00,2026-07-20 20:00:00,20,20,0,0,11745,1,NQU26,0,0,2026-07-20 13:30:00.000,2026-07-20 13:34:59.781000,0,1560,"non-red OR5, excluded from F3",,False,8.0,0.546112,False,True,VolRoll ticks and 15-second bars; original v2 formula,unchanged original 172-row fixture,False,VolRoll adapter
2026-07-21,NQU26,2026-07-21 13:30:00,2026-07-21 13:35:00,2026-07-21 20:00:00,20,20,0,0,15578,1,NQU26,0,0,2026-07-21 13:30:00.000,2026-07-21 13:34:59.865000,0,1560,features generated,,True,-7.0,-0.461546,True,True,VolRoll ticks and 15-second bars; original v2 formula,unchanged original 172-row fixture,False,VolRoll adapter
2026-07-22,NQU26,2026-07-22 13:30:00,2026-07-22 13:35:00,2026-07-22 20:00:00,20,20,0,0,12984,1,NQU26,0,0,2026-07-22 13:30:00.001,2026-07-22 13:34:59.978003,0,1560,"non-red OR5, excluded from F3",,False,8.0,0.286322,False,True,VolRoll ticks and 15-second bars; original v2 formula,unchanged original 172-row fixture,False,VolRoll adapter
2026-07-23,NQU26,2026-07-23 13:30:00,2026-07-23 13:35:00,2026-07-23 20:00:00,20,20,0,0,16721,1,NQU26,0,0,2026-07-23 13:30:00.000,2026-07-23 13:34:59.872000,0,1560,"non-red OR5, excluded from F3",,False,5.0,0.869255,False,True,VolRoll ticks and 15-second bars; original v2 formula,unchanged original 172-row fixture,False,VolRoll adapter
2026-07-24,NQU26,2026-07-24 13:30:00,2026-07-24 13:35:00,2026-07-24 20:00:00,20,20,0,0,13718,1,NQU26,0,0,2026-07-24 13:30:00.000,2026-07-24 13:34:59.789000,0,1560,"non-red OR5, excluded from F3",,False,6.0,0.883,False,True,VolRoll ticks and 15-second bars; original v2 formula,unchanged original 172-row fixture,False,VolRoll adapter
2026-07-27,NQU26,2026-07-27 13:30:00,2026-07-27 13:35:00,2026-07-27 20:00:00,20,20,0,0,14633,1,NQU26,0,0,2026-07-27 13:30:00.000,2026-07-27 13:34:59.993000,0,1560,features generated,,True,-2.0,0.270207,False,True,VolRoll ticks and 15-second bars; original v2 formula,unchanged original 172-row fixture,False,VolRoll adapter
2026-07-28,NQU26,2026-07-28 13:30:00,2026-07-28 13:35:00,2026-07-28 20:00:00,20,20,0,0,17139,1,NQU26,0,0,2026-07-28 13:30:00.000,2026-07-28 13:34:59.910000,0,1560,features generated,,True,-5.0,-0.525227,True,True,VolRoll ticks and 15-second bars; original v2 formula,unchanged original 172-row fixture,False,VolRoll adapter
2026-07-29,NQU26,2026-07-29 13:30:00,2026-07-29 13:35:00,2026-07-29 20:00:00,20,20,0,0,15587,1,NQU26,0,0,2026-07-29 13:30:00.000,2026-07-29 13:34:59.983000,0,1560,"non-red OR5, excluded from F3",,False,6.0,0.579231,False,True,VolRoll ticks and 15-second bars; original v2 formula,unchanged original 172-row fixture,False,VolRoll adapter
2026-07-30,NQU26,2026-07-30 13:30:00,2026-07-30 13:35:00,2026-07-30 20:00:00,20,20,0,0,17472,1,NQU26,0,0,2026-07-30 13:30:00.000,2026-07-30 13:34:59.956000,0,1560,features generated,,True,2.0,-0.435619,False,True,VolRoll ticks and 15-second bars; original v2 formula,unchanged original 172-row fixture,False,VolRoll adapter
2026-07-31,NQU26,2026-07-31 13:30:00,2026-07-31 13:35:00,2026-07-31 20:00:00,20,20,0,0,18005,1,NQU26,0,0,2026-07-31 13:30:00.000,2026-07-31 13:34:59.992001,0,1560,"non-red OR5, excluded from F3",,False,4.0,0.023717,False,True,VolRoll ticks and 15-second bars; original v2 formula,unchanged original 172-row fixture,False,VolRoll adapter
2026-08-03,NQU26,2026-08-03 13:30:00,2026-08-03 13:35:00,2026-08-03 20:00:00,20,20,0,0,18446,1,NQU26,0,0,2026-08-03 13:30:00.001,2026-08-03 13:34:59.787002,0,1560,features generated,,True,3.0,0.571885,False,True,VolRoll ticks and 15-second bars; original v2 formula,unchanged original 172-row fixture,False,VolRoll adapter
2026-08-04,NQU26,2026-08-04 13:30:00,2026-08-04 13:35:00,2026-08-04 20:00:00,20,20,0,0,18100,1,NQU26,0,0,2026-08-04 13:30:00.000,2026-08-04 13:34:59.974000,0,1560,"non-red OR5, excluded from F3",,False,8.0,0.61724,False,True,VolRoll ticks and 15-second bars; original v2 formula,unchanged original 172-row fixture,False,VolRoll adapter
2026-08-05,NQU26,2026-08-05 13:30:00,2026-08-05 13:35:00,2026-08-05 20:00:00,20,20,0,0,17780,1,NQU26,0,0,2026-08-05 13:30:00.000,2026-08-05 13:34:59.916000,0,1560,"non-red OR5, excluded from F3",,False,7.0,0.889587,False,True,VolRoll ticks and 15-second bars; original v2 formula,unchanged original 172-row fixture,False,VolRoll adapter
2026-08-06,NQU26,2026-08-06 13:30:00,2026-08-06 13:35:00,2026-08-06 20:00:00,20,20,0,0,17939,1,NQU26,0,0,2026-08-06 13:30:00.001,2026-08-06 13:34:59.955000,0,1560,"non-red OR5, excluded from F3",,False,1.0,0.066688,False,True,VolRoll ticks and 15-second bars; original v2 formula,unchanged original 172-row fixture,False,VolRoll adapter
2026-08-07,NQU26,2026-08-07 13:30:00,2026-08-07 13:35:00,2026-08-07 20:00:00,20,20,0,0,17734,1,NQU26,0,0,2026-08-07 13:30:00.000,2026-08-07 13:34:59.992000,0,1560,"non-red OR5, excluded from F3",,False,6.0,0.659785,False,True,VolRoll ticks and 15-second bars; original v2 formula,unchanged original 172-row fixture,False,VolRoll adapter
2026-08-10,NQU26,2026-08-10 13:30:00,2026-08-10 13:35:00,2026-08-10 20:00:00,20,20,0,0,12686,1,NQU26,0,0,2026-08-10 13:30:00.003,2026-08-10 13:34:59.980000,0,1560,features generated,,True,-7.0,-0.909454,True,True,VolRoll ticks and 15-second bars; original v2 formula,unchanged original 172-row fixture,False,VolRoll adapter
2026-08-11,NQU26,2026-08-11 13:30:00,2026-08-11 13:35:00,2026-08-11 20:00:00,20,20,0,0,15393,1,NQU26,0,0,2026-08-11 13:30:00.000,2026-08-11 13:34:59.978000,0,1560,features generated,,True,-8.0,-0.335205,True,True,VolRoll ticks and 15-second bars; original v2 formula,unchanged original 172-row fixture,False,VolRoll adapter
2026-08-12,NQU26,2026-08-12 13:30:00,2026-08-12 13:35:00,2026-08-12 20:00:00,20,20,0,0,16678,1,NQU26,0,0,2026-08-12 13:30:00.000,2026-08-12 13:34:59.992000,0,1560,features generated,,True,-8.0,-0.443299,True,True,VolRoll ticks and 15-second bars; original v2 formula,unchanged original 172-row fixture,False,VolRoll adapter
2026-08-13,NQU26,2026-08-13 13:30:00,2026-08-13 13:35:00,2026-08-13 20:00:00,20,20,0,0,13653,1,NQU26,0,0,2026-08-13 13:30:00.001,2026-08-13 13:34:59.965000,0,1560,"non-red OR5, excluded from F3",,False,7.0,0.949517,False,True,VolRoll ticks and 15-second bars; original v2 formula,unchanged original 172-row fixture,False,VolRoll adapter
2026-08-14,NQU26,2026-08-14 13:30:00,2026-08-14 13:35:00,2026-08-14 20:00:00,20,20,0,0,14016,1,NQU26,0,0,2026-08-14 13:30:00.000,2026-08-14 13:34:59.999000,0,1560,features generated,,True,-5.0,-0.843128,True,True,VolRoll ticks and 15-second bars; original v2 formula,unchanged original 172-row fixture,False,VolRoll adapter
2026-08-17,NQU26,2026-08-17 13:30:00,2026-08-17 13:35:00,2026-08-17 20:00:00,20,20,0,0,15758,1,NQU26,0,0,2026-08-17 13:30:00.000,2026-08-17 13:34:59.973000,0,1560,features generated,,True,-5.0,-0.817748,True,True,VolRoll ticks and 15-second bars; original v2 formula,unchanged original 172-row fixture,False,VolRoll adapter
2026-08-18,NQU26,2026-08-18 13:30:00,2026-08-18 13:35:00,2026-08-18 20:00:00,20,20,0,0,22460,1,NQU26,0,0,2026-08-18 13:30:00.000,2026-08-18 13:34:59.992000,0,1560,features generated,,True,-1.0,0.164331,False,True,VolRoll ticks and 15-second bars; original v2 formula,unchanged original 172-row fixture,False,VolRoll adapter
2026-08-19,NQU26,2026-08-19 13:30:00,2026-08-19 13:35:00,2026-08-19 20:00:00,20,20,0,0,18994,1,NQU26,0,0,2026-08-19 13:30:00.000,2026-08-19 13:34:59.991001,0,1560,features generated,,True,-5.0,-0.435983,True,True,VolRoll ticks and 15-second bars; original v2 formula,unchanged original 172-row fixture,False,VolRoll adapter
2026-08-20,NQU26,2026-08-20 13:30:00,2026-08-20 13:35:00,2026-08-20 20:00:00,20,20,0,0,17037,1,NQU26,0,0,2026-08-20 13:30:00.002,2026-08-20 13:34:59.910000,0,1560,"non-red OR5, excluded from F3",,False,2.0,-0.169914,False,True,VolRoll ticks and 15-second bars; original v2 formula,unchanged original 172-row fixture,False,VolRoll adapter
2026-08-21,NQU26,2026-08-21 13:30:00,2026-08-21 13:35:00,2026-08-21 20:00:00,20,20,0,0,16119,1,NQU26,0,0,2026-08-21 13:30:00.000,2026-08-21 13:34:59.967000,0,1560,features generated,,True,-8.0,-0.72187,True,True,VolRoll ticks and 15-second bars; original v2 formula,unchanged original 172-row fixture,False,VolRoll adapter
2026-08-24,NQU26,2026-08-24 13:30:00,2026-08-24 13:35:00,2026-08-24 20:00:00,20,20,0,0,19426,1,NQU26,0,0,2026-08-24 13:30:00.001,2026-08-24 13:34:59.941001,0,1560,features generated,,True,-5.0,0.095868,False,True,VolRoll ticks and 15-second bars; original v2 formula,unchanged original 172-row fixture,False,VolRoll adapter
2026-08-25,NQU26,2026-08-25 13:30:00,2026-08-25 13:35:00,2026-08-25 20:00:00,20,20,0,0,16787,1,NQU26,0,0,2026-08-25 13:30:00.000,2026-08-25 13:34:59.857000,0,1560,"non-red OR5, excluded from F3",,False,9.0,0.584572,False,True,VolRoll ticks and 15-second bars; original v2 formula,unchanged original 172-row fixture,False,VolRoll adapter
2026-08-26,NQU26,2026-08-26 13:30:00,2026-08-26 13:35:00,2026-08-26 20:00:00,20,20,0,0,16313,1,NQU26,0,0,2026-08-26 13:30:00.000,2026-08-26 13:34:59.998000,0,1560,"non-red OR5, excluded from F3",,False,4.0,-0.355867,False,False,VolRoll ticks and 15-second bars; original v2 formula,new VolRoll original-code generation,False,not in original fixture
2026-08-27,NQU26,2026-08-27 13:30:00,2026-08-27 13:35:00,2026-08-27 20:00:00,20,20,0,0,22390,1,NQU26,0,0,2026-08-27 13:30:00.000,2026-08-27 13:34:59.963001,0,1560,features generated,,True,-7.0,-0.590193,True,False,VolRoll ticks and 15-second bars; original v2 formula,new VolRoll original-code generation,False,not in original fixture
2026-08-28,NQU26,2026-08-28 13:30:00,2026-08-28 13:35:00,2026-08-28 20:00:00,20,20,0,0,16525,1,NQU26,0,0,2026-08-28 13:30:00.000,2026-08-28 13:34:59.983001,0,1560,features generated,,True,0.0,0.753887,False,False,VolRoll ticks and 15-second bars; original v2 formula,new VolRoll original-code generation,False,not in original fixture
2026-08-31,NQU26,2026-08-31 13:30:00,2026-08-31 13:35:00,2026-08-31 20:00:00,20,20,0,0,15660,1,NQU26,0,0,2026-08-31 13:30:00.002,2026-08-31 13:34:59.951000,0,1560,"non-red OR5, excluded from F3",,False,-1.0,-0.52969,False,False,VolRoll ticks and 15-second bars; original v2 formula,new VolRoll original-code generation,False,not in original fixture
2026-09-01,NQU26,2026-09-01 13:30:00,2026-09-01 13:35:00,2026-09-01 20:00:00,20,20,0,0,18093,1,NQU26,0,0,2026-09-01 13:30:00.000,2026-09-01 13:34:59.991000,0,1560,features generated,,True,1.0,0.583624,False,False,VolRoll ticks and 15-second bars; original v2 formula,new VolRoll original-code generation,False,not in original fixture
2026-09-02,NQU26,2026-09-02 13:30:00,2026-09-02 13:35:00,2026-09-02 20:00:00,20,20,0,0,15095,1,NQU26,0,0,2026-09-02 13:30:00.000,2026-09-02 13:34:59.917000,0,1560,features generated,,True,2.0,0.904632,False,False,VolRoll ticks and 15-second bars; original v2 formula,new VolRoll original-code generation,False,not in original fixture
2026-09-03,NQU26,2026-09-03 13:30:00,2026-09-03 13:35:00,2026-09-03 20:00:00,20,20,0,0,18634,1,NQU26,0,0,2026-09-03 13:30:00.000,2026-09-03 13:34:59.926000,0,1560,"non-red OR5, excluded from F3",,False,0.0,-0.181421,False,False,VolRoll ticks and 15-second bars; original v2 formula,new VolRoll original-code generation,False,not in original fixture
2026-09-04,NQU26,2026-09-04 13:30:00,2026-09-04 13:35:00,2026-09-04 20:00:00,20,20,0,0,16041,1,NQU26,0,0,2026-09-04 13:30:00.000,2026-09-04 13:34:59.952000,0,1560,"non-red OR5, excluded from F3",,False,6.0,0.799305,False,False,VolRoll ticks and 15-second bars; original v2 formula,new VolRoll original-code generation,False,not in original fixture
2026-09-07,NQU26,2026-09-07 13:30:00,2026-09-07 13:35:00,2026-09-07 20:00:00,20,20,0,0,1620,1,NQU26,0,0,2026-09-07 13:30:00.162,2026-09-07 13:34:59.942000,0,836,"non-red OR5, excluded from F3",,False,0.0,-0.702604,False,False,VolRoll ticks and 15-second bars; original v2 formula,new VolRoll original-code generation,False,not in original fixture
2026-09-08,NQU26,2026-09-08 13:30:00,2026-09-08 13:35:00,2026-09-08 20:00:00,20,20,0,0,18320,1,NQU26,0,0,2026-09-08 13:30:00.000,2026-09-08 13:34:59.964001,0,1560,features generated,,True,-3.0,-0.234743,False,False,VolRoll ticks and 15-second bars; original v2 formula,new VolRoll original-code generation,False,not in original fixture
2026-09-09,NQU26,2026-09-09 13:30:00,2026-09-09 13:35:00,2026-09-09 20:00:00,20,20,0,0,17855,1,NQU26,0,0,2026-09-09 13:30:00.000,2026-09-09 13:34:59.923000,0,1560,"non-red OR5, excluded from F3",,False,7.0,0.674948,False,False,VolRoll ticks and 15-second bars; original v2 formula,new VolRoll original-code generation,False,not in original fixture
2026-09-10,NQU26,2026-09-10 13:30:00,2026-09-10 13:35:00,2026-09-10 20:00:00,20,20,0,0,19626,1,NQU26,0,0,2026-09-10 13:30:00.000,2026-09-10 13:34:59.973000,0,1560,"non-red OR5, excluded from F3",,False,-1.0,-0.279724,False,False,VolRoll ticks and 15-second bars; original v2 formula,new VolRoll original-code generation,False,not in original fixture
2026-09-11,NQU26,2026-09-11 13:30:00,2026-09-11 13:35:00,2026-09-11 20:00:00,20,20,0,0,18961,1,NQU26,0,0,2026-09-11 13:30:00.000,2026-09-11 13:34:59.971000,0,1560,"non-red OR5, excluded from F3",,False,5.0,0.34712,False,False,VolRoll ticks and 15-second bars; original v2 formula,new VolRoll original-code generation,False,not in original fixture
2026-09-14,NQU26,2026-09-14 13:30:00,2026-09-14 13:35:00,2026-09-14 20:00:00,20,20,0,0,7484,1,NQU26,0,0,2026-09-14 13:30:00.001,2026-09-14 13:34:59.977000,0,1560,features generated,,True,-1.0,-0.082113,False,False,VolRoll ticks and 15-second bars; original v2 formula,new VolRoll original-code generation,False,not in original fixture
2026-09-15,NQZ26,2026-09-15 13:30:00,2026-09-15 13:35:00,2026-09-15 20:00:00,20,20,0,0,13162,1,NQZ26,0,0,2026-09-15 13:30:00.000,2026-09-15 13:34:59.969000,0,1560,features generated,,True,-5.0,0.14694,False,False,VolRoll ticks and 15-second bars; original v2 formula,new VolRoll original-code generation,False,not in original fixture
2026-09-16,NQZ26,2026-09-16 13:30:00,2026-09-16 13:35:00,2026-09-16 20:00:00,20,20,0,0,13404,1,NQZ26,0,0,2026-09-16 13:30:00.000,2026-09-16 13:34:59.979000,0,1560,"non-red OR5, excluded from F3",,False,2.0,-0.138536,False,False,VolRoll ticks and 15-second bars; original v2 formula,new VolRoll original-code generation,False,not in original fixture
2026-09-17,NQZ26,2026-09-17 13:30:00,2026-09-17 13:35:00,2026-09-17 20:00:00,20,20,0,0,17232,1,NQZ26,0,0,2026-09-17 13:30:00.000,2026-09-17 13:34:59.951000,0,1560,features generated,,True,-7.0,-0.706135,True,False,VolRoll ticks and 15-second bars; original v2 formula,new VolRoll original-code generation,False,not in original fixture
