contract,day,side,tf,entry_mode,universe,inv_1618,inv_level,inv_hit_m1,inv_hit_time,inv_hit_hi,score_v2,vbp_imbalance,or_h,or_l,or_mid,R,max_fib,target,stop_init,stop_final,confirm_m1,confirm_time,confirm_close,confirm_delay_min,entry_m1,entry_m5,entry_time,entry_price,entry_delay_min,exit_m1,exit_m5,exit_time,exit_price,exit_reason,hold_fail,hold_mode,ratchet_mode,n_hold_bars,gross,net,cost,bars_in_trade,mfe,mae,hit_2618,hit_333,hit_423,variant,confirm_cur_h,confirm_cur_l,final_range_width,width_vs_R,n_expansions,n_upside_outsides
H26,2025-12-17,SHORT,1m_confirm_5mHI,0935,F3,0,25481.431,,,,-8.0,-0.564224,25447.75,25393.25,25420.5,54.5,2.618,25305.069,25449.75,25449.75,,,,,6,2,09:35,25401.0,0,12,3,09:41,25305.069,target_2.618,,vwap,5m_hi_confirm_1m_close,6,95.931,95.431,0.5,7,96.0,5.75,1,0,0,F3_0935_HOLD_VWAP_T2618,,,,,,
H26,2025-12-18,SHORT,1m_confirm_5mHI,0935,F3,0,25374.7685,,,,-6.0,-0.772303,25329.5,25256.25,25292.875,73.25,2.618,25137.7315,25331.5,25227.5,,,,,6,2,09:35,25270.0,0,23,5,09:52,25237.0,ratchet_stop,,vwap,5m_hi_confirm_1m_close,17,33.0,32.5,0.5,18,108.75,4.5,0,0,0,F3_0935_HOLD_VWAP_T2618,,,,,,
H26,2025-12-22,SHORT,1m_confirm_5mHI,0935,F3,0,25856.859,,,,-7.0,-0.506942,25794.75,25694.25,25744.5,100.5,2.618,25531.641,25796.75,25727.5,,,,,6,2,09:35,25706.25,0,18,4,09:47,25720.0,hold_exit_above_dvwap,above_dvwap,vwap,5m_hi_confirm_1m_close,12,-13.75,-14.25,0.5,13,34.0,21.25,0,0,0,F3_0935_HOLD_VWAP_T2618,,,,,,
H26,2026-01-05,SHORT,1m_confirm_5mHI,0935,F3,0,25728.5835,,,,-7.0,-0.844601,25672.5,25581.75,25627.125,90.75,2.618,25434.9165,25674.5,25674.5,,,,,6,2,09:35,25590.25,0,15,3,09:44,25602.0,hold_exit_above_dvwap,above_dvwap,vwap,5m_hi_confirm_1m_close,9,-11.75,-12.25,0.5,10,51.75,23.0,0,0,0,F3_0935_HOLD_VWAP_T2618,,,,,,
H26,2026-01-08,SHORT,1m_confirm_5mHI,0935,F3,0,25871.289,,,,-8.0,-0.241331,25803.0,25692.5,25747.75,110.5,2.618,25513.711,25805.0,25658.5,,,,,6,2,09:35,25705.5,0,39,8,10:08,25671.25,ratchet_stop,,vwap,5m_hi_confirm_1m_close,33,34.25,33.75,0.5,34,136.5,24.75,0,0,0,F3_0935_HOLD_VWAP_T2618,,,,,,
H26,2026-01-15,SHORT,1m_confirm_5mHI,0935,F3,0,25986.42,,,,-5.0,-0.511924,25946.25,25881.25,25913.75,65.0,2.618,25776.08,25948.25,25948.25,,,,,6,2,09:35,25888.75,0,14,3,09:43,25902.25,hold_exit_above_dvwap,above_dvwap,vwap,5m_hi_confirm_1m_close,8,-13.5,-14.0,0.5,9,35.25,22.0,0,0,0,F3_0935_HOLD_VWAP_T2618,,,,,,
H26,2026-01-21,SHORT,1m_confirm_5mHI,0935,F3,0,25268.364,,,,-6.0,-0.259412,25223.25,25150.25,25186.75,73.0,2.618,25032.136,25225.25,25225.25,,,,,6,2,09:35,25163.75,0,8,2,09:37,25187.0,hold_exit_above_dvwap,above_dvwap,vwap,5m_hi_confirm_1m_close,2,-23.25,-23.75,0.5,3,22.0,27.5,0,0,0,F3_0935_HOLD_VWAP_T2618,,,,,,
H26,2026-01-22,SHORT,1m_confirm_5mHI,0935,F3,0,25773.156,,,,-9.0,-0.333606,25731.75,25664.75,25698.25,67.0,2.618,25556.344,25733.75,25733.75,,,,,6,2,09:35,25666.25,0,8,2,09:37,25676.5,hold_exit_above_dvwap,above_dvwap,vwap,5m_hi_confirm_1m_close,2,-10.25,-10.75,0.5,3,33.0,11.5,0,0,0,F3_0935_HOLD_VWAP_T2618,,,,,,
H26,2026-01-23,SHORT,1m_confirm_5mHI,0935,F3,0,25694.0605,,,,-5.0,-0.802518,25652.5,25585.25,25618.875,67.25,2.618,25476.4395,25654.5,25654.5,,,,,6,2,09:35,25592.5,0,12,3,09:41,25616.25,hold_exit_above_dvwap,above_dvwap,vwap,5m_hi_confirm_1m_close,6,-23.75,-24.25,0.5,7,30.0,31.0,0,0,0,F3_0935_HOLD_VWAP_T2618,,,,,,
H26,2026-01-27,SHORT,1m_confirm_5mHI,0935,F3,0,26048.035,,,,-6.0,-0.793903,26012.5,25955.0,25983.75,57.5,2.618,25861.965,26014.5,26014.5,,,,,6,2,09:35,25962.0,0,12,3,09:41,25966.75,hold_exit_above_dvwap,above_dvwap,vwap,5m_hi_confirm_1m_close,6,-4.75,-5.25,0.5,7,44.75,10.25,0,0,0,F3_0935_HOLD_VWAP_T2618,,,,,,
H26,2026-01-29,SHORT,1m_confirm_5mHI,0935,F3,0,26231.547,,,,-6.0,-0.65788,26175.0,26083.5,26129.25,91.5,2.618,25935.453,26177.0,26100.75,,,,,6,2,09:35,26098.0,0,16,4,09:45,25935.453,target_2.618,,vwap,5m_hi_confirm_1m_close,10,162.547,162.047,0.5,11,172.5,2.75,1,0,0,F3_0935_HOLD_VWAP_T2618,,,,,,
H26,2026-02-03,SHORT,1m_confirm_5mHI,0935,F3,0,26022.393,,,,-5.0,-0.029144,25952.25,25838.75,25895.5,113.5,2.618,25655.107,25954.25,25811.75,,,,,6,2,09:35,25875.75,0,28,6,09:57,25655.107,target_2.618,,vwap,5m_hi_confirm_1m_close,22,220.643,220.143,0.5,23,223.0,17.5,1,0,0,F3_0935_HOLD_VWAP_T2618,,,,,,
H26,2026-02-11,SHORT,1m_confirm_5mHI,0935,F3,0,25526.5865,,,,-6.0,-0.813482,25465.25,25366.0,25415.625,99.25,2.618,25205.4135,25467.25,25416.5,,,,,6,2,09:35,25386.5,0,16,4,09:45,25425.75,ratchet_stop,,vwap,5m_hi_confirm_1m_close,10,-39.25,-39.75,0.5,11,47.25,39.75,0,0,0,F3_0935_HOLD_VWAP_T2618,,,,,,
H26,2026-02-18,SHORT,1m_confirm_5mHI,0935,F3,0,24884.2715,,,,-6.0,-0.471859,24833.75,24752.0,24792.875,81.75,2.618,24619.7285,24835.75,24835.75,,,,,6,2,09:35,24769.0,0,9,2,09:38,24825.75,hold_exit_above_dvwap,above_dvwap,vwap,5m_hi_confirm_1m_close,3,-56.75,-57.25,0.5,4,13.25,69.0,0,0,0,F3_0935_HOLD_VWAP_T2618,,,,,,
H26,2026-02-24,SHORT,1m_confirm_5mHI,0935,F3,0,24898.4605,,,,-5.0,-0.07466,24826.0,24708.75,24767.375,117.25,2.618,24519.0395,24828.0,24828.0,,,,,6,2,09:35,24739.0,0,9,2,09:38,24797.0,hold_exit_above_dvwap,above_dvwap,vwap,5m_hi_confirm_1m_close,3,-58.0,-58.5,0.5,4,44.5,68.5,0,0,0,F3_0935_HOLD_VWAP_T2618,,,,,,
H26,2026-02-26,SHORT,1m_confirm_5mHI,0935,F3,0,25395.148,,,,-7.0,-0.21623,25342.0,25256.0,25299.0,86.0,2.618,25116.852,25344.0,25210.75,,,,,6,2,09:35,25272.25,0,43,9,10:12,25116.852,target_2.618,,vwap,5m_hi_confirm_1m_close,37,155.398,154.898,0.5,38,185.0,23.5,1,0,0,F3_0935_HOLD_VWAP_T2618,,,,,,
M26,2026-03-27,SHORT,1m_confirm_5mHI,0935,F3,0,23730.2805,,,,-7.0,-0.385654,23664.0,23556.75,23610.375,107.25,2.618,23383.2195,23666.0,23666.0,,,,,6,2,09:35,23564.75,0,9,2,09:38,23597.75,hold_exit_above_dvwap,above_dvwap,vwap,5m_hi_confirm_1m_close,3,-33.0,-33.5,0.5,4,32.75,41.5,0,0,0,F3_0935_HOLD_VWAP_T2618,,,,,,
M26,2026-03-30,SHORT,1m_confirm_5mHI,0935,F3,0,23588.1535,,,,-6.0,-0.714987,23538.25,23457.5,23497.875,80.75,2.618,23326.8465,23540.25,23405.0,,,,,6,2,09:35,23463.75,0,26,6,09:55,23326.8465,target_2.618,,vwap,5m_hi_confirm_1m_close,20,136.9035,136.4035,0.5,21,140.75,3.5,1,0,0,F3_0935_HOLD_VWAP_T2618,,,,,,
M26,2026-04-07,SHORT,1m_confirm_5mHI,0935,F3,0,24375.98,,,,-7.0,-0.380328,24308.0,24198.0,24253.0,110.0,2.618,24020.02,24310.0,24310.0,,,,,6,2,09:35,24221.25,0,7,2,09:36,24242.25,hold_exit_above_dvwap,above_dvwap,vwap,5m_hi_confirm_1m_close,1,-21.0,-21.5,0.5,2,19.5,37.0,0,0,0,F3_0935_HOLD_VWAP_T2618,,,,,,
M26,2026-04-09,SHORT,1m_confirm_5mHI,0935,F3,0,25155.721,,,,-7.0,-0.667477,25103.5,25019.0,25061.25,84.5,2.618,24882.279,25105.5,25105.5,,,,,6,2,09:35,25028.5,0,10,2,09:39,25062.5,hold_exit_above_dvwap,above_dvwap,vwap,5m_hi_confirm_1m_close,4,-34.0,-34.5,0.5,5,7.25,50.5,0,0,0,F3_0935_HOLD_VWAP_T2618,,,,,,
M26,2026-04-22,SHORT,1m_confirm_5mHI,0935,F3,0,26941.7265,,,,-7.0,-0.41297,26892.75,26813.5,26853.125,79.25,2.618,26685.2735,26894.75,26894.75,,,,,6,2,09:35,26823.25,0,14,3,09:43,26846.5,hold_exit_above_dvwap,above_dvwap,vwap,5m_hi_confirm_1m_close,8,-23.25,-23.75,0.5,9,6.25,38.75,0,0,0,F3_0935_HOLD_VWAP_T2618,,,,,,
M26,2026-04-27,SHORT,1m_confirm_5mHI,0935,F3,0,27479.9595,,,,-7.0,-0.497537,27435.0,27362.25,27398.625,72.75,2.618,27244.5405,27437.0,27437.0,,,,,6,2,09:35,27369.0,0,7,2,09:36,27390.5,hold_exit_above_dvwap,above_dvwap,vwap,5m_hi_confirm_1m_close,1,-21.5,-22.0,0.5,2,15.5,25.0,0,0,0,F3_0935_HOLD_VWAP_T2618,,,,,,
M26,2026-04-30,SHORT,1m_confirm_5mHI,0935,F3,0,27584.3545,,,,-8.0,-0.401337,27491.5,27341.25,27416.375,150.25,2.618,27098.1455,27493.5,27373.0,,,,,6,2,09:35,27345.0,0,16,4,09:45,27359.75,hold_exit_above_dvwap,above_dvwap,vwap,5m_hi_confirm_1m_close,10,-14.75,-15.25,0.5,11,74.0,28.0,0,0,0,F3_0935_HOLD_VWAP_T2618,,,,,,
M26,2026-05-18,SHORT,1m_confirm_5mHI,0935,F3,0,29405.69,,,,-5.0,-0.532795,29356.25,29276.25,29316.25,80.0,2.618,29146.81,29358.25,29301.75,,,,,6,2,09:35,29288.0,0,16,4,09:45,29146.81,target_2.618,,vwap,5m_hi_confirm_1m_close,10,141.19,140.69,0.5,11,148.0,13.75,1,0,0,F3_0935_HOLD_VWAP_T2618,,,,,,
M26,2026-05-26,SHORT,1m_confirm_5mHI,0935,F3,0,29992.474,,,,-7.0,-0.72972,29935.0,29842.0,29888.5,93.0,2.618,29691.526,29937.0,29937.0,,,,,6,2,09:35,29853.5,0,12,3,09:41,29903.5,hold_exit_above_dvwap,above_dvwap,vwap,5m_hi_confirm_1m_close,6,-50.0,-50.5,0.5,7,26.75,56.5,0,0,0,F3_0935_HOLD_VWAP_T2618,,,,,,
M26,2026-05-27,SHORT,1m_confirm_5mHI,0935,F3,0,30232.9425,,,,-6.0,-0.012362,30192.0,30125.75,30158.875,66.25,2.618,30018.5575,30194.0,30194.0,,,,,6,2,09:35,30140.0,0,14,3,09:43,30018.5575,target_2.618,,vwap,5m_hi_confirm_1m_close,8,121.4425,120.9425,0.5,9,155.5,13.5,1,0,0,F3_0935_HOLD_VWAP_T2618,,,,,,
M26,2026-05-29,SHORT,1m_confirm_5mHI,0935,F3,0,30463.8525,,,,-5.0,-0.897001,30426.0,30364.75,30395.375,61.25,2.618,30265.6475,30428.0,30428.0,,,,,6,2,09:35,30375.0,0,6,2,09:35,30420.0,hold_exit_above_dvwap,above_dvwap,vwap,5m_hi_confirm_1m_close,0,-45.0,-45.5,0.5,1,5.25,51.5,0,0,0,F3_0935_HOLD_VWAP_T2618,,,,,,
M26,2026-06-02,SHORT,1m_confirm_5mHI,0935,F3,0,30630.0135,,,,-8.0,-0.277285,30567.75,30467.0,30517.375,100.75,2.618,30303.9865,30569.75,30569.75,,,,,6,2,09:35,30476.75,0,14,3,09:43,30485.0,hold_exit_above_dvwap,above_dvwap,vwap,5m_hi_confirm_1m_close,8,-8.25,-8.75,0.5,9,53.0,12.5,0,0,0,F3_0935_HOLD_VWAP_T2618,,,,,,
M26,2026-06-03,SHORT,1m_confirm_5mHI,0935,F3,0,30865.6875,,,,-6.0,-0.980843,30807.75,30714.0,30760.875,93.75,2.618,30562.3125,30809.75,30737.5,,,,,6,2,09:35,30715.0,0,18,4,09:47,30562.3125,target_2.618,,vwap,5m_hi_confirm_1m_close,12,152.6875,152.1875,0.5,13,171.5,22.5,1,0,0,F3_0935_HOLD_VWAP_T2618,,,,,,
M26,2026-06-08,SHORT,1m_confirm_5mHI,0935,F3,0,29690.296,,,,-7.0,-0.860368,29584.0,29412.0,29498.0,172.0,2.618,29133.704,29586.0,29586.0,,,,,6,2,09:35,29418.25,0,13,3,09:42,29522.25,hold_exit_above_dvwap,above_dvwap,vwap,5m_hi_confirm_1m_close,7,-104.0,-104.5,0.5,8,20.75,105.0,0,0,0,F3_0935_HOLD_VWAP_T2618,,,,,,
M26,2026-06-09,SHORT,1m_confirm_5mHI,0935,F3,0,29818.9155,,,,-7.0,-0.227781,29748.0,29633.25,29690.625,114.75,2.618,29447.5845,29750.0,29750.0,,,,,6,2,09:35,29650.75,0,6,2,09:35,29709.5,hold_exit_above_dvwap,above_dvwap,vwap,5m_hi_confirm_1m_close,0,-58.75,-59.25,0.5,1,3.0,59.0,0,0,0,F3_0935_HOLD_VWAP_T2618,,,,,,
M26,2026-06-10,SHORT,1m_confirm_5mHI,0935,F3,0,29061.5545,,,,-7.0,-0.943786,28953.25,28778.0,28865.625,175.25,2.618,28494.4455,28955.25,28955.25,,,,,6,2,09:35,28781.0,0,6,2,09:35,28888.25,hold_exit_above_dvwap,above_dvwap,vwap,5m_hi_confirm_1m_close,0,-107.25,-107.75,0.5,1,8.5,120.0,0,0,0,F3_0935_HOLD_VWAP_T2618,,,,,,
M26,2026-06-11,SHORT,1m_confirm_5mHI,0935,F3,0,28857.4745,,,,-7.0,-0.358151,28786.25,28671.0,28728.625,115.25,2.618,28484.5255,28788.25,28788.25,,,,,6,2,09:35,28687.25,0,7,2,09:36,28762.75,hold_exit_above_dvwap,above_dvwap,vwap,5m_hi_confirm_1m_close,1,-75.5,-76.0,0.5,2,14.5,98.0,0,0,0,F3_0935_HOLD_VWAP_T2618,,,,,,
U26,2026-06-18,SHORT,1m_confirm_5mHI,0935,F3,0,30697.8485,,,,-8.0,-0.802222,30615.5,30482.25,30548.875,133.25,2.618,30266.6515,30617.5,30503.5,,,,,6,2,09:35,30486.25,0,20,4,09:49,30497.0,hold_exit_above_dvwap,above_dvwap,vwap,5m_hi_confirm_1m_close,14,-10.75,-11.25,0.5,15,95.25,17.25,0,0,0,F3_0935_HOLD_VWAP_T2618,,,,,,
U26,2026-06-25,SHORT,1m_confirm_5mHI,0935,F3,0,30287.554,,,,-7.0,-0.333068,30193.0,30040.0,30116.5,153.0,2.618,29792.446,30195.0,30195.0,,,,,6,2,09:35,30057.75,0,14,3,09:43,29792.446,target_2.618,,vwap,5m_hi_confirm_1m_close,8,265.304,264.804,0.5,9,299.5,32.75,1,0,0,F3_0935_HOLD_VWAP_T2618,,,,,,
U26,2026-07-01,SHORT,1m_confirm_5mHI,0935,F3,0,30355.9445,,,,-8.0,-0.690181,30260.0,30104.75,30182.375,155.25,2.618,29853.5555,30262.0,30262.0,,,,,6,2,09:35,30117.25,0,12,3,09:41,30161.5,hold_exit_above_dvwap,above_dvwap,vwap,5m_hi_confirm_1m_close,6,-44.25,-44.75,0.5,7,29.5,67.0,0,0,0,F3_0935_HOLD_VWAP_T2618,,,,,,
U26,2026-07-07,SHORT,1m_confirm_5mHI,0935,F3,0,29791.119,,,,-7.0,-0.793934,29685.75,29515.25,29600.5,170.5,2.618,29239.381,29687.75,29687.75,,,,,6,2,09:35,29532.0,0,11,3,09:40,29586.5,hold_exit_above_dvwap,above_dvwap,vwap,5m_hi_confirm_1m_close,5,-54.5,-55.0,0.5,6,40.75,55.25,0,0,0,F3_0935_HOLD_VWAP_T2618,,,,,,
U26,2026-07-13,SHORT,1m_confirm_5mHI,0935,F3,0,29802.449,,,,-7.0,-0.493283,29737.25,29631.75,29684.5,105.5,2.618,29461.051,29739.25,29600.75,,,,,6,2,09:35,29646.25,0,29,6,09:58,29607.25,ratchet_stop,,vwap,5m_hi_confirm_1m_close,23,39.0,38.5,0.5,24,128.25,27.25,0,0,0,F3_0935_HOLD_VWAP_T2618,,,,,,
U26,2026-07-14,SHORT,1m_confirm_5mHI,0935,F3,0,29893.618,,,,-8.0,-0.274942,29815.75,29689.75,29752.75,126.0,2.618,29485.882,29817.75,29817.75,,,,,6,2,09:35,29693.0,0,8,2,09:37,29760.5,hold_exit_above_dvwap,above_dvwap,vwap,5m_hi_confirm_1m_close,2,-67.5,-68.0,0.5,3,8.0,85.0,0,0,0,F3_0935_HOLD_VWAP_T2618,,,,,,
U26,2026-07-16,SHORT,1m_confirm_5mHI,0935,F3,0,29595.1905,,,,-6.0,-0.94826,29532.0,29429.75,29480.875,102.25,2.618,29264.3095,29534.0,29471.0,,,,,6,2,09:35,29435.5,0,20,4,09:49,29264.3095,target_2.618,,vwap,5m_hi_confirm_1m_close,14,171.1905,170.6905,0.5,15,171.25,35.5,1,0,0,F3_0935_HOLD_VWAP_T2618,,,,,,
U26,2026-07-17,SHORT,1m_confirm_5mHI,0935,F3,0,28776.3825,,,,-6.0,-0.82075,28686.0,28539.75,28612.875,146.25,2.618,28303.1175,28688.0,28512.0,,,,,6,2,09:35,28554.75,0,21,5,09:50,28520.75,ratchet_stop,,vwap,5m_hi_confirm_1m_close,15,34.0,33.5,0.5,16,146.5,16.5,0,0,0,F3_0935_HOLD_VWAP_T2618,,,,,,
U26,2026-07-21,SHORT,1m_confirm_5mHI,0935,F3,0,29316.2385,,,,-7.0,-0.461546,29246.25,29133.0,29189.625,113.25,2.618,28949.7615,29248.25,29248.25,,,,,6,2,09:35,29147.0,0,6,2,09:35,29187.25,hold_exit_above_dvwap,above_dvwap,vwap,5m_hi_confirm_1m_close,0,-40.25,-40.75,0.5,1,9.0,42.0,0,0,0,F3_0935_HOLD_VWAP_T2618,,,,,,
U26,2026-07-28,SHORT,1m_confirm_5mHI,0935,F3,0,28066.6235,,,,-5.0,-0.525227,27992.0,27871.25,27931.625,120.75,2.618,27675.8765,27994.0,27926.25,,,,,6,2,09:35,27876.0,0,17,4,09:46,27675.8765,target_2.618,,vwap,5m_hi_confirm_1m_close,11,200.1235,199.6235,0.5,12,203.0,50.25,1,0,0,F3_0935_HOLD_VWAP_T2618,,,,,,
U26,2026-08-10,SHORT,1m_confirm_5mHI,0935,F3,0,29906.4855,,,,-7.0,-0.909454,29841.75,29737.0,29789.375,104.75,2.618,29567.5145,29843.75,29843.75,,,,,6,2,09:35,29741.25,0,15,3,09:44,29776.0,hold_exit_above_dvwap,above_dvwap,vwap,5m_hi_confirm_1m_close,9,-34.75,-35.25,0.5,10,22.5,70.0,0,0,0,F3_0935_HOLD_VWAP_T2618,,,,,,
U26,2026-08-11,SHORT,1m_confirm_5mHI,0935,F3,0,29914.188,,,,-8.0,-0.335205,29842.5,29726.5,29784.5,116.0,2.618,29538.812,29844.5,29844.5,,,,,6,2,09:35,29736.75,0,12,3,09:41,29744.25,hold_exit_above_dvwap,above_dvwap,vwap,5m_hi_confirm_1m_close,6,-7.5,-8.0,0.5,7,57.75,19.0,0,0,0,F3_0935_HOLD_VWAP_T2618,,,,,,
U26,2026-08-12,SHORT,1m_confirm_5mHI,0935,F3,0,30078.382,,,,-8.0,-0.443299,30001.75,29877.75,29939.75,124.0,2.618,29677.118,30003.75,30003.75,,,,,6,2,09:35,29878.5,0,7,2,09:36,29928.0,hold_exit_above_dvwap,above_dvwap,vwap,5m_hi_confirm_1m_close,1,-49.5,-50.0,0.5,2,7.75,57.75,0,0,0,F3_0935_HOLD_VWAP_T2618,,,,,,
U26,2026-08-14,SHORT,1m_confirm_5mHI,0935,F3,0,30308.8975,,,,-5.0,-0.843128,30269.5,30205.75,30237.625,63.75,2.618,30102.6025,30271.5,30271.5,,,,,6,2,09:35,30206.0,0,13,3,09:42,30238.0,hold_exit_above_dvwap,above_dvwap,vwap,5m_hi_confirm_1m_close,7,-32.0,-32.5,0.5,8,36.25,34.25,0,0,0,F3_0935_HOLD_VWAP_T2618,,,,,,
U26,2026-08-17,SHORT,1m_confirm_5mHI,0935,F3,0,30312.35,,,,-5.0,-0.817748,30266.0,30191.0,30228.5,75.0,2.618,30069.65,30268.0,30268.0,,,,,6,2,09:35,30197.25,0,6,2,09:35,30225.75,hold_exit_above_dvwap,above_dvwap,vwap,5m_hi_confirm_1m_close,0,-28.5,-29.0,0.5,1,12.25,30.5,0,0,0,F3_0935_HOLD_VWAP_T2618,,,,,,
U26,2026-08-19,SHORT,1m_confirm_5mHI,0935,F3,0,29800.9965,,,,-5.0,-0.435983,29742.75,29648.5,29695.625,94.25,2.618,29496.0035,29744.75,29688.25,,,,,6,2,09:35,29673.5,0,20,4,09:49,29496.0035,target_2.618,,vwap,5m_hi_confirm_1m_close,14,177.4965,176.9965,0.5,15,215.25,14.75,1,0,0,F3_0935_HOLD_VWAP_T2618,,,,,,
U26,2026-08-21,SHORT,1m_confirm_5mHI,0935,F3,0,29549.0785,,,,-8.0,-0.72187,29476.0,29357.75,29416.875,118.25,2.618,29166.4215,29478.0,29320.25,,,,,6,2,09:35,29363.0,0,36,8,10:05,29320.75,ratchet_stop,,vwap,5m_hi_confirm_1m_close,30,42.25,41.75,0.5,31,107.25,10.5,0,0,0,F3_0935_HOLD_VWAP_T2618,,,,,,
H26,2025-12-17,SHORT,1m_confirm_5mHI,0935,F3,0,25481.431,,,,-8.0,-0.564224,25447.75,25393.25,25420.5,54.5,3.33,25266.265,25449.75,25406.75,,,,,6,2,09:35,25401.0,0,17,4,09:46,25266.265,target_3.33,,vwap,5m_hi_confirm_1m_close,11,134.735,134.235,0.5,12,155.5,5.75,1,1,0,F3_0935_HOLD_VWAP_T333,,,,,,
H26,2025-12-18,SHORT,1m_confirm_5mHI,0935,F3,0,25374.7685,,,,-6.0,-0.772303,25329.5,25256.25,25292.875,73.25,3.33,25085.5775,25331.5,25227.5,,,,,6,2,09:35,25270.0,0,23,5,09:52,25237.0,ratchet_stop,,vwap,5m_hi_confirm_1m_close,17,33.0,32.5,0.5,18,108.75,4.5,0,0,0,F3_0935_HOLD_VWAP_T333,,,,,,
H26,2025-12-22,SHORT,1m_confirm_5mHI,0935,F3,0,25856.859,,,,-7.0,-0.506942,25794.75,25694.25,25744.5,100.5,3.33,25460.085,25796.75,25727.5,,,,,6,2,09:35,25706.25,0,18,4,09:47,25720.0,hold_exit_above_dvwap,above_dvwap,vwap,5m_hi_confirm_1m_close,12,-13.75,-14.25,0.5,13,34.0,21.25,0,0,0,F3_0935_HOLD_VWAP_T333,,,,,,
H26,2026-01-05,SHORT,1m_confirm_5mHI,0935,F3,0,25728.5835,,,,-7.0,-0.844601,25672.5,25581.75,25627.125,90.75,3.33,25370.3025,25674.5,25674.5,,,,,6,2,09:35,25590.25,0,15,3,09:44,25602.0,hold_exit_above_dvwap,above_dvwap,vwap,5m_hi_confirm_1m_close,9,-11.75,-12.25,0.5,10,51.75,23.0,0,0,0,F3_0935_HOLD_VWAP_T333,,,,,,
H26,2026-01-08,SHORT,1m_confirm_5mHI,0935,F3,0,25871.289,,,,-8.0,-0.241331,25803.0,25692.5,25747.75,110.5,3.33,25435.035,25805.0,25658.5,,,,,6,2,09:35,25705.5,0,39,8,10:08,25671.25,ratchet_stop,,vwap,5m_hi_confirm_1m_close,33,34.25,33.75,0.5,34,136.5,24.75,0,0,0,F3_0935_HOLD_VWAP_T333,,,,,,
H26,2026-01-15,SHORT,1m_confirm_5mHI,0935,F3,0,25986.42,,,,-5.0,-0.511924,25946.25,25881.25,25913.75,65.0,3.33,25729.8,25948.25,25948.25,,,,,6,2,09:35,25888.75,0,14,3,09:43,25902.25,hold_exit_above_dvwap,above_dvwap,vwap,5m_hi_confirm_1m_close,8,-13.5,-14.0,0.5,9,35.25,22.0,0,0,0,F3_0935_HOLD_VWAP_T333,,,,,,
H26,2026-01-21,SHORT,1m_confirm_5mHI,0935,F3,0,25268.364,,,,-6.0,-0.259412,25223.25,25150.25,25186.75,73.0,3.33,24980.16,25225.25,25225.25,,,,,6,2,09:35,25163.75,0,8,2,09:37,25187.0,hold_exit_above_dvwap,above_dvwap,vwap,5m_hi_confirm_1m_close,2,-23.25,-23.75,0.5,3,22.0,27.5,0,0,0,F3_0935_HOLD_VWAP_T333,,,,,,
H26,2026-01-22,SHORT,1m_confirm_5mHI,0935,F3,0,25773.156,,,,-9.0,-0.333606,25731.75,25664.75,25698.25,67.0,3.33,25508.64,25733.75,25733.75,,,,,6,2,09:35,25666.25,0,8,2,09:37,25676.5,hold_exit_above_dvwap,above_dvwap,vwap,5m_hi_confirm_1m_close,2,-10.25,-10.75,0.5,3,33.0,11.5,0,0,0,F3_0935_HOLD_VWAP_T333,,,,,,
H26,2026-01-23,SHORT,1m_confirm_5mHI,0935,F3,0,25694.0605,,,,-5.0,-0.802518,25652.5,25585.25,25618.875,67.25,3.33,25428.5575,25654.5,25654.5,,,,,6,2,09:35,25592.5,0,12,3,09:41,25616.25,hold_exit_above_dvwap,above_dvwap,vwap,5m_hi_confirm_1m_close,6,-23.75,-24.25,0.5,7,30.0,31.0,0,0,0,F3_0935_HOLD_VWAP_T333,,,,,,
H26,2026-01-27,SHORT,1m_confirm_5mHI,0935,F3,0,26048.035,,,,-6.0,-0.793903,26012.5,25955.0,25983.75,57.5,3.33,25821.025,26014.5,26014.5,,,,,6,2,09:35,25962.0,0,12,3,09:41,25966.75,hold_exit_above_dvwap,above_dvwap,vwap,5m_hi_confirm_1m_close,6,-4.75,-5.25,0.5,7,44.75,10.25,0,0,0,F3_0935_HOLD_VWAP_T333,,,,,,
H26,2026-01-29,SHORT,1m_confirm_5mHI,0935,F3,0,26231.547,,,,-6.0,-0.65788,26175.0,26083.5,26129.25,91.5,3.33,25870.305,26177.0,26008.25,,,,,6,2,09:35,26098.0,0,30,6,09:59,25870.305,target_3.33,,vwap,5m_hi_confirm_1m_close,24,227.695,227.195,0.5,25,240.0,2.75,1,1,0,F3_0935_HOLD_VWAP_T333,,,,,,
H26,2026-02-03,SHORT,1m_confirm_5mHI,0935,F3,0,26022.393,,,,-5.0,-0.029144,25952.25,25838.75,25895.5,113.5,3.33,25574.295,25954.25,25799.5,,,,,6,2,09:35,25875.75,0,33,7,10:02,25574.295,target_3.33,,vwap,5m_hi_confirm_1m_close,27,301.455,300.955,0.5,28,304.5,17.5,1,1,0,F3_0935_HOLD_VWAP_T333,,,,,,
H26,2026-02-11,SHORT,1m_confirm_5mHI,0935,F3,0,25526.5865,,,,-6.0,-0.813482,25465.25,25366.0,25415.625,99.25,3.33,25134.7475,25467.25,25416.5,,,,,6,2,09:35,25386.5,0,16,4,09:45,25425.75,ratchet_stop,,vwap,5m_hi_confirm_1m_close,10,-39.25,-39.75,0.5,11,47.25,39.75,0,0,0,F3_0935_HOLD_VWAP_T333,,,,,,
H26,2026-02-18,SHORT,1m_confirm_5mHI,0935,F3,0,24884.2715,,,,-6.0,-0.471859,24833.75,24752.0,24792.875,81.75,3.33,24561.5225,24835.75,24835.75,,,,,6,2,09:35,24769.0,0,9,2,09:38,24825.75,hold_exit_above_dvwap,above_dvwap,vwap,5m_hi_confirm_1m_close,3,-56.75,-57.25,0.5,4,13.25,69.0,0,0,0,F3_0935_HOLD_VWAP_T333,,,,,,
H26,2026-02-24,SHORT,1m_confirm_5mHI,0935,F3,0,24898.4605,,,,-5.0,-0.07466,24826.0,24708.75,24767.375,117.25,3.33,24435.5575,24828.0,24828.0,,,,,6,2,09:35,24739.0,0,9,2,09:38,24797.0,hold_exit_above_dvwap,above_dvwap,vwap,5m_hi_confirm_1m_close,3,-58.0,-58.5,0.5,4,44.5,68.5,0,0,0,F3_0935_HOLD_VWAP_T333,,,,,,
H26,2026-02-26,SHORT,1m_confirm_5mHI,0935,F3,0,25395.148,,,,-7.0,-0.21623,25342.0,25256.0,25299.0,86.0,3.33,25055.62,25344.0,25178.0,,,,,6,2,09:35,25272.25,0,46,10,10:15,25055.62,target_3.33,,vwap,5m_hi_confirm_1m_close,40,216.63,216.13,0.5,41,246.75,23.5,1,1,0,F3_0935_HOLD_VWAP_T333,,,,,,
M26,2026-03-27,SHORT,1m_confirm_5mHI,0935,F3,0,23730.2805,,,,-7.0,-0.385654,23664.0,23556.75,23610.375,107.25,3.33,23306.8575,23666.0,23666.0,,,,,6,2,09:35,23564.75,0,9,2,09:38,23597.75,hold_exit_above_dvwap,above_dvwap,vwap,5m_hi_confirm_1m_close,3,-33.0,-33.5,0.5,4,32.75,41.5,0,0,0,F3_0935_HOLD_VWAP_T333,,,,,,
M26,2026-03-30,SHORT,1m_confirm_5mHI,0935,F3,0,23588.1535,,,,-6.0,-0.714987,23538.25,23457.5,23497.875,80.75,3.33,23269.3525,23540.25,23340.75,,,,,6,2,09:35,23463.75,0,42,9,10:11,23355.25,ratchet_stop,,vwap,5m_hi_confirm_1m_close,36,108.5,108.0,0.5,37,171.0,3.5,1,0,0,F3_0935_HOLD_VWAP_T333,,,,,,
M26,2026-04-07,SHORT,1m_confirm_5mHI,0935,F3,0,24375.98,,,,-7.0,-0.380328,24308.0,24198.0,24253.0,110.0,3.33,23941.7,24310.0,24310.0,,,,,6,2,09:35,24221.25,0,7,2,09:36,24242.25,hold_exit_above_dvwap,above_dvwap,vwap,5m_hi_confirm_1m_close,1,-21.0,-21.5,0.5,2,19.5,37.0,0,0,0,F3_0935_HOLD_VWAP_T333,,,,,,
M26,2026-04-09,SHORT,1m_confirm_5mHI,0935,F3,0,25155.721,,,,-7.0,-0.667477,25103.5,25019.0,25061.25,84.5,3.33,24822.115,25105.5,25105.5,,,,,6,2,09:35,25028.5,0,10,2,09:39,25062.5,hold_exit_above_dvwap,above_dvwap,vwap,5m_hi_confirm_1m_close,4,-34.0,-34.5,0.5,5,7.25,50.5,0,0,0,F3_0935_HOLD_VWAP_T333,,,,,,
M26,2026-04-22,SHORT,1m_confirm_5mHI,0935,F3,0,26941.7265,,,,-7.0,-0.41297,26892.75,26813.5,26853.125,79.25,3.33,26628.8475,26894.75,26894.75,,,,,6,2,09:35,26823.25,0,14,3,09:43,26846.5,hold_exit_above_dvwap,above_dvwap,vwap,5m_hi_confirm_1m_close,8,-23.25,-23.75,0.5,9,6.25,38.75,0,0,0,F3_0935_HOLD_VWAP_T333,,,,,,
M26,2026-04-27,SHORT,1m_confirm_5mHI,0935,F3,0,27479.9595,,,,-7.0,-0.497537,27435.0,27362.25,27398.625,72.75,3.33,27192.7425,27437.0,27437.0,,,,,6,2,09:35,27369.0,0,7,2,09:36,27390.5,hold_exit_above_dvwap,above_dvwap,vwap,5m_hi_confirm_1m_close,1,-21.5,-22.0,0.5,2,15.5,25.0,0,0,0,F3_0935_HOLD_VWAP_T333,,,,,,
M26,2026-04-30,SHORT,1m_confirm_5mHI,0935,F3,0,27584.3545,,,,-8.0,-0.401337,27491.5,27341.25,27416.375,150.25,3.33,26991.1675,27493.5,27373.0,,,,,6,2,09:35,27345.0,0,16,4,09:45,27359.75,hold_exit_above_dvwap,above_dvwap,vwap,5m_hi_confirm_1m_close,10,-14.75,-15.25,0.5,11,74.0,28.0,0,0,0,F3_0935_HOLD_VWAP_T333,,,,,,
M26,2026-05-18,SHORT,1m_confirm_5mHI,0935,F3,0,29405.69,,,,-5.0,-0.532795,29356.25,29276.25,29316.25,80.0,3.33,29089.85,29358.25,29282.75,,,,,6,2,09:35,29288.0,0,25,5,09:54,29272.5,hold_exit_above_dvwap,above_dvwap,vwap,5m_hi_confirm_1m_close,19,15.5,15.0,0.5,20,153.0,13.75,1,0,0,F3_0935_HOLD_VWAP_T333,,,,,,
M26,2026-05-26,SHORT,1m_confirm_5mHI,0935,F3,0,29992.474,,,,-7.0,-0.72972,29935.0,29842.0,29888.5,93.0,3.33,29625.31,29937.0,29937.0,,,,,6,2,09:35,29853.5,0,12,3,09:41,29903.5,hold_exit_above_dvwap,above_dvwap,vwap,5m_hi_confirm_1m_close,6,-50.0,-50.5,0.5,7,26.75,56.5,0,0,0,F3_0935_HOLD_VWAP_T333,,,,,,
M26,2026-05-27,SHORT,1m_confirm_5mHI,0935,F3,0,30232.9425,,,,-6.0,-0.012362,30192.0,30125.75,30158.875,66.25,3.33,29971.3875,30194.0,30194.0,,,,,6,2,09:35,30140.0,0,15,3,09:44,29971.3875,target_3.33,,vwap,5m_hi_confirm_1m_close,9,168.6125,168.1125,0.5,10,175.0,13.5,1,1,0,F3_0935_HOLD_VWAP_T333,,,,,,
M26,2026-05-29,SHORT,1m_confirm_5mHI,0935,F3,0,30463.8525,,,,-5.0,-0.897001,30426.0,30364.75,30395.375,61.25,3.33,30222.0375,30428.0,30428.0,,,,,6,2,09:35,30375.0,0,6,2,09:35,30420.0,hold_exit_above_dvwap,above_dvwap,vwap,5m_hi_confirm_1m_close,0,-45.0,-45.5,0.5,1,5.25,51.5,0,0,0,F3_0935_HOLD_VWAP_T333,,,,,,
M26,2026-06-02,SHORT,1m_confirm_5mHI,0935,F3,0,30630.0135,,,,-8.0,-0.277285,30567.75,30467.0,30517.375,100.75,3.33,30232.2525,30569.75,30569.75,,,,,6,2,09:35,30476.75,0,14,3,09:43,30485.0,hold_exit_above_dvwap,above_dvwap,vwap,5m_hi_confirm_1m_close,8,-8.25,-8.75,0.5,9,53.0,12.5,0,0,0,F3_0935_HOLD_VWAP_T333,,,,,,
M26,2026-06-03,SHORT,1m_confirm_5mHI,0935,F3,0,30865.6875,,,,-6.0,-0.980843,30807.75,30714.0,30760.875,93.75,3.33,30495.5625,30809.75,30625.0,,,,,6,2,09:35,30715.0,0,33,7,10:02,30631.25,ratchet_stop,,vwap,5m_hi_confirm_1m_close,27,83.75,83.25,0.5,28,219.0,22.5,1,0,0,F3_0935_HOLD_VWAP_T333,,,,,,
M26,2026-06-08,SHORT,1m_confirm_5mHI,0935,F3,0,29690.296,,,,-7.0,-0.860368,29584.0,29412.0,29498.0,172.0,3.33,29011.24,29586.0,29586.0,,,,,6,2,09:35,29418.25,0,13,3,09:42,29522.25,hold_exit_above_dvwap,above_dvwap,vwap,5m_hi_confirm_1m_close,7,-104.0,-104.5,0.5,8,20.75,105.0,0,0,0,F3_0935_HOLD_VWAP_T333,,,,,,
M26,2026-06-09,SHORT,1m_confirm_5mHI,0935,F3,0,29818.9155,,,,-7.0,-0.227781,29748.0,29633.25,29690.625,114.75,3.33,29365.8825,29750.0,29750.0,,,,,6,2,09:35,29650.75,0,6,2,09:35,29709.5,hold_exit_above_dvwap,above_dvwap,vwap,5m_hi_confirm_1m_close,0,-58.75,-59.25,0.5,1,3.0,59.0,0,0,0,F3_0935_HOLD_VWAP_T333,,,,,,
M26,2026-06-10,SHORT,1m_confirm_5mHI,0935,F3,0,29061.5545,,,,-7.0,-0.943786,28953.25,28778.0,28865.625,175.25,3.33,28369.6675,28955.25,28955.25,,,,,6,2,09:35,28781.0,0,6,2,09:35,28888.25,hold_exit_above_dvwap,above_dvwap,vwap,5m_hi_confirm_1m_close,0,-107.25,-107.75,0.5,1,8.5,120.0,0,0,0,F3_0935_HOLD_VWAP_T333,,,,,,
M26,2026-06-11,SHORT,1m_confirm_5mHI,0935,F3,0,28857.4745,,,,-7.0,-0.358151,28786.25,28671.0,28728.625,115.25,3.33,28402.4675,28788.25,28788.25,,,,,6,2,09:35,28687.25,0,7,2,09:36,28762.75,hold_exit_above_dvwap,above_dvwap,vwap,5m_hi_confirm_1m_close,1,-75.5,-76.0,0.5,2,14.5,98.0,0,0,0,F3_0935_HOLD_VWAP_T333,,,,,,
U26,2026-06-18,SHORT,1m_confirm_5mHI,0935,F3,0,30697.8485,,,,-8.0,-0.802222,30615.5,30482.25,30548.875,133.25,3.33,30171.7775,30617.5,30503.5,,,,,6,2,09:35,30486.25,0,20,4,09:49,30497.0,hold_exit_above_dvwap,above_dvwap,vwap,5m_hi_confirm_1m_close,14,-10.75,-11.25,0.5,15,95.25,17.25,0,0,0,F3_0935_HOLD_VWAP_T333,,,,,,
U26,2026-06-25,SHORT,1m_confirm_5mHI,0935,F3,0,30287.554,,,,-7.0,-0.333068,30193.0,30040.0,30116.5,153.0,3.33,29683.51,30195.0,30090.5,,,,,6,2,09:35,30057.75,0,17,4,09:46,29683.51,target_3.33,,vwap,5m_hi_confirm_1m_close,11,374.24,373.74,0.5,12,470.25,32.75,1,1,0,F3_0935_HOLD_VWAP_T333,,,,,,
U26,2026-07-01,SHORT,1m_confirm_5mHI,0935,F3,0,30355.9445,,,,-8.0,-0.690181,30260.0,30104.75,30182.375,155.25,3.33,29743.0175,30262.0,30262.0,,,,,6,2,09:35,30117.25,0,12,3,09:41,30161.5,hold_exit_above_dvwap,above_dvwap,vwap,5m_hi_confirm_1m_close,6,-44.25,-44.75,0.5,7,29.5,67.0,0,0,0,F3_0935_HOLD_VWAP_T333,,,,,,
U26,2026-07-07,SHORT,1m_confirm_5mHI,0935,F3,0,29791.119,,,,-7.0,-0.793934,29685.75,29515.25,29600.5,170.5,3.33,29117.985,29687.75,29687.75,,,,,6,2,09:35,29532.0,0,11,3,09:40,29586.5,hold_exit_above_dvwap,above_dvwap,vwap,5m_hi_confirm_1m_close,5,-54.5,-55.0,0.5,6,40.75,55.25,0,0,0,F3_0935_HOLD_VWAP_T333,,,,,,
U26,2026-07-13,SHORT,1m_confirm_5mHI,0935,F3,0,29802.449,,,,-7.0,-0.493283,29737.25,29631.75,29684.5,105.5,3.33,29385.935,29739.25,29600.75,,,,,6,2,09:35,29646.25,0,29,6,09:58,29607.25,ratchet_stop,,vwap,5m_hi_confirm_1m_close,23,39.0,38.5,0.5,24,128.25,27.25,0,0,0,F3_0935_HOLD_VWAP_T333,,,,,,
U26,2026-07-14,SHORT,1m_confirm_5mHI,0935,F3,0,29893.618,,,,-8.0,-0.274942,29815.75,29689.75,29752.75,126.0,3.33,29396.17,29817.75,29817.75,,,,,6,2,09:35,29693.0,0,8,2,09:37,29760.5,hold_exit_above_dvwap,above_dvwap,vwap,5m_hi_confirm_1m_close,2,-67.5,-68.0,0.5,3,8.0,85.0,0,0,0,F3_0935_HOLD_VWAP_T333,,,,,,
U26,2026-07-16,SHORT,1m_confirm_5mHI,0935,F3,0,29595.1905,,,,-6.0,-0.94826,29532.0,29429.75,29480.875,102.25,3.33,29191.5075,29534.0,29342.75,,,,,6,2,09:35,29435.5,0,30,6,09:59,29347.5,ratchet_stop,,vwap,5m_hi_confirm_1m_close,24,88.0,87.5,0.5,25,180.0,35.5,1,0,0,F3_0935_HOLD_VWAP_T333,,,,,,
U26,2026-07-17,SHORT,1m_confirm_5mHI,0935,F3,0,28776.3825,,,,-6.0,-0.82075,28686.0,28539.75,28612.875,146.25,3.33,28198.9875,28688.0,28512.0,,,,,6,2,09:35,28554.75,0,21,5,09:50,28520.75,ratchet_stop,,vwap,5m_hi_confirm_1m_close,15,34.0,33.5,0.5,16,146.5,16.5,0,0,0,F3_0935_HOLD_VWAP_T333,,,,,,
U26,2026-07-21,SHORT,1m_confirm_5mHI,0935,F3,0,29316.2385,,,,-7.0,-0.461546,29246.25,29133.0,29189.625,113.25,3.33,28869.1275,29248.25,29248.25,,,,,6,2,09:35,29147.0,0,6,2,09:35,29187.25,hold_exit_above_dvwap,above_dvwap,vwap,5m_hi_confirm_1m_close,0,-40.25,-40.75,0.5,1,9.0,42.0,0,0,0,F3_0935_HOLD_VWAP_T333,,,,,,
U26,2026-07-28,SHORT,1m_confirm_5mHI,0935,F3,0,28066.6235,,,,-5.0,-0.525227,27992.0,27871.25,27931.625,120.75,3.33,27589.9025,27994.0,27720.5,,,,,6,2,09:35,27876.0,0,36,8,10:05,27766.25,ratchet_stop,,vwap,5m_hi_confirm_1m_close,30,109.75,109.25,0.5,31,234.25,50.25,1,0,0,F3_0935_HOLD_VWAP_T333,,,,,,
U26,2026-08-10,SHORT,1m_confirm_5mHI,0935,F3,0,29906.4855,,,,-7.0,-0.909454,29841.75,29737.0,29789.375,104.75,3.33,29492.9325,29843.75,29843.75,,,,,6,2,09:35,29741.25,0,15,3,09:44,29776.0,hold_exit_above_dvwap,above_dvwap,vwap,5m_hi_confirm_1m_close,9,-34.75,-35.25,0.5,10,22.5,70.0,0,0,0,F3_0935_HOLD_VWAP_T333,,,,,,
U26,2026-08-11,SHORT,1m_confirm_5mHI,0935,F3,0,29914.188,,,,-8.0,-0.335205,29842.5,29726.5,29784.5,116.0,3.33,29456.22,29844.5,29844.5,,,,,6,2,09:35,29736.75,0,12,3,09:41,29744.25,hold_exit_above_dvwap,above_dvwap,vwap,5m_hi_confirm_1m_close,6,-7.5,-8.0,0.5,7,57.75,19.0,0,0,0,F3_0935_HOLD_VWAP_T333,,,,,,
U26,2026-08-12,SHORT,1m_confirm_5mHI,0935,F3,0,30078.382,,,,-8.0,-0.443299,30001.75,29877.75,29939.75,124.0,3.33,29588.83,30003.75,30003.75,,,,,6,2,09:35,29878.5,0,7,2,09:36,29928.0,hold_exit_above_dvwap,above_dvwap,vwap,5m_hi_confirm_1m_close,1,-49.5,-50.0,0.5,2,7.75,57.75,0,0,0,F3_0935_HOLD_VWAP_T333,,,,,,
U26,2026-08-14,SHORT,1m_confirm_5mHI,0935,F3,0,30308.8975,,,,-5.0,-0.843128,30269.5,30205.75,30237.625,63.75,3.33,30057.2125,30271.5,30271.5,,,,,6,2,09:35,30206.0,0,13,3,09:42,30238.0,hold_exit_above_dvwap,above_dvwap,vwap,5m_hi_confirm_1m_close,7,-32.0,-32.5,0.5,8,36.25,34.25,0,0,0,F3_0935_HOLD_VWAP_T333,,,,,,
U26,2026-08-17,SHORT,1m_confirm_5mHI,0935,F3,0,30312.35,,,,-5.0,-0.817748,30266.0,30191.0,30228.5,75.0,3.33,30016.25,30268.0,30268.0,,,,,6,2,09:35,30197.25,0,6,2,09:35,30225.75,hold_exit_above_dvwap,above_dvwap,vwap,5m_hi_confirm_1m_close,0,-28.5,-29.0,0.5,1,12.25,30.5,0,0,0,F3_0935_HOLD_VWAP_T333,,,,,,
U26,2026-08-19,SHORT,1m_confirm_5mHI,0935,F3,0,29800.9965,,,,-5.0,-0.435983,29742.75,29648.5,29695.625,94.25,3.33,29428.8975,29744.75,29628.75,,,,,6,2,09:35,29673.5,0,22,5,09:51,29428.8975,target_3.33,,vwap,5m_hi_confirm_1m_close,16,244.6025,244.1025,0.5,17,267.0,14.75,1,1,0,F3_0935_HOLD_VWAP_T333,,,,,,
U26,2026-08-21,SHORT,1m_confirm_5mHI,0935,F3,0,29549.0785,,,,-8.0,-0.72187,29476.0,29357.75,29416.875,118.25,3.33,29082.2275,29478.0,29320.25,,,,,6,2,09:35,29363.0,0,36,8,10:05,29320.75,ratchet_stop,,vwap,5m_hi_confirm_1m_close,30,42.25,41.75,0.5,31,107.25,10.5,0,0,0,F3_0935_HOLD_VWAP_T333,,,,,,
H26,2025-12-17,SHORT,1m_confirm_5mHI,0935,F3,0,25481.431,,,,-8.0,-0.564224,25447.75,25393.25,25420.5,54.5,4.23,25217.215,25449.75,25337.5,,,,,6,2,09:35,25401.0,0,28,6,09:57,25335.5,hold_exit_above_dvwap,above_dvwap,vwap,5m_hi_confirm_1m_close,22,65.5,65.0,0.5,23,155.5,5.75,1,1,0,F3_0935_HOLD_VWAP_T423,,,,,,
H26,2025-12-18,SHORT,1m_confirm_5mHI,0935,F3,0,25374.7685,,,,-6.0,-0.772303,25329.5,25256.25,25292.875,73.25,4.23,25019.6525,25331.5,25227.5,,,,,6,2,09:35,25270.0,0,23,5,09:52,25237.0,ratchet_stop,,vwap,5m_hi_confirm_1m_close,17,33.0,32.5,0.5,18,108.75,4.5,0,0,0,F3_0935_HOLD_VWAP_T423,,,,,,
H26,2025-12-22,SHORT,1m_confirm_5mHI,0935,F3,0,25856.859,,,,-7.0,-0.506942,25794.75,25694.25,25744.5,100.5,4.23,25369.635,25796.75,25727.5,,,,,6,2,09:35,25706.25,0,18,4,09:47,25720.0,hold_exit_above_dvwap,above_dvwap,vwap,5m_hi_confirm_1m_close,12,-13.75,-14.25,0.5,13,34.0,21.25,0,0,0,F3_0935_HOLD_VWAP_T423,,,,,,
H26,2026-01-05,SHORT,1m_confirm_5mHI,0935,F3,0,25728.5835,,,,-7.0,-0.844601,25672.5,25581.75,25627.125,90.75,4.23,25288.6275,25674.5,25674.5,,,,,6,2,09:35,25590.25,0,15,3,09:44,25602.0,hold_exit_above_dvwap,above_dvwap,vwap,5m_hi_confirm_1m_close,9,-11.75,-12.25,0.5,10,51.75,23.0,0,0,0,F3_0935_HOLD_VWAP_T423,,,,,,
H26,2026-01-08,SHORT,1m_confirm_5mHI,0935,F3,0,25871.289,,,,-8.0,-0.241331,25803.0,25692.5,25747.75,110.5,4.23,25335.585,25805.0,25658.5,,,,,6,2,09:35,25705.5,0,39,8,10:08,25671.25,ratchet_stop,,vwap,5m_hi_confirm_1m_close,33,34.25,33.75,0.5,34,136.5,24.75,0,0,0,F3_0935_HOLD_VWAP_T423,,,,,,
H26,2026-01-15,SHORT,1m_confirm_5mHI,0935,F3,0,25986.42,,,,-5.0,-0.511924,25946.25,25881.25,25913.75,65.0,4.23,25671.3,25948.25,25948.25,,,,,6,2,09:35,25888.75,0,14,3,09:43,25902.25,hold_exit_above_dvwap,above_dvwap,vwap,5m_hi_confirm_1m_close,8,-13.5,-14.0,0.5,9,35.25,22.0,0,0,0,F3_0935_HOLD_VWAP_T423,,,,,,
H26,2026-01-21,SHORT,1m_confirm_5mHI,0935,F3,0,25268.364,,,,-6.0,-0.259412,25223.25,25150.25,25186.75,73.0,4.23,24914.46,25225.25,25225.25,,,,,6,2,09:35,25163.75,0,8,2,09:37,25187.0,hold_exit_above_dvwap,above_dvwap,vwap,5m_hi_confirm_1m_close,2,-23.25,-23.75,0.5,3,22.0,27.5,0,0,0,F3_0935_HOLD_VWAP_T423,,,,,,
H26,2026-01-22,SHORT,1m_confirm_5mHI,0935,F3,0,25773.156,,,,-9.0,-0.333606,25731.75,25664.75,25698.25,67.0,4.23,25448.34,25733.75,25733.75,,,,,6,2,09:35,25666.25,0,8,2,09:37,25676.5,hold_exit_above_dvwap,above_dvwap,vwap,5m_hi_confirm_1m_close,2,-10.25,-10.75,0.5,3,33.0,11.5,0,0,0,F3_0935_HOLD_VWAP_T423,,,,,,
H26,2026-01-23,SHORT,1m_confirm_5mHI,0935,F3,0,25694.0605,,,,-5.0,-0.802518,25652.5,25585.25,25618.875,67.25,4.23,25368.0325,25654.5,25654.5,,,,,6,2,09:35,25592.5,0,12,3,09:41,25616.25,hold_exit_above_dvwap,above_dvwap,vwap,5m_hi_confirm_1m_close,6,-23.75,-24.25,0.5,7,30.0,31.0,0,0,0,F3_0935_HOLD_VWAP_T423,,,,,,
H26,2026-01-27,SHORT,1m_confirm_5mHI,0935,F3,0,26048.035,,,,-6.0,-0.793903,26012.5,25955.0,25983.75,57.5,4.23,25769.275,26014.5,26014.5,,,,,6,2,09:35,25962.0,0,12,3,09:41,25966.75,hold_exit_above_dvwap,above_dvwap,vwap,5m_hi_confirm_1m_close,6,-4.75,-5.25,0.5,7,44.75,10.25,0,0,0,F3_0935_HOLD_VWAP_T423,,,,,,
H26,2026-01-29,SHORT,1m_confirm_5mHI,0935,F3,0,26231.547,,,,-6.0,-0.65788,26175.0,26083.5,26129.25,91.5,4.23,25787.955,26177.0,25988.25,,,,,6,2,09:35,26098.0,0,32,7,10:01,25787.955,target_4.23,,vwap,5m_hi_confirm_1m_close,26,310.045,309.545,0.5,27,313.5,2.75,1,1,1,F3_0935_HOLD_VWAP_T423,,,,,,
H26,2026-02-03,SHORT,1m_confirm_5mHI,0935,F3,0,26022.393,,,,-5.0,-0.029144,25952.25,25838.75,25895.5,113.5,4.23,25472.145,25954.25,25594.0,,,,,6,2,09:35,25875.75,0,56,12,10:25,25472.145,target_4.23,,vwap,5m_hi_confirm_1m_close,50,403.605,403.105,0.5,51,405.5,17.5,1,1,1,F3_0935_HOLD_VWAP_T423,,,,,,
H26,2026-02-11,SHORT,1m_confirm_5mHI,0935,F3,0,25526.5865,,,,-6.0,-0.813482,25465.25,25366.0,25415.625,99.25,4.23,25045.4225,25467.25,25416.5,,,,,6,2,09:35,25386.5,0,16,4,09:45,25425.75,ratchet_stop,,vwap,5m_hi_confirm_1m_close,10,-39.25,-39.75,0.5,11,47.25,39.75,0,0,0,F3_0935_HOLD_VWAP_T423,,,,,,
H26,2026-02-18,SHORT,1m_confirm_5mHI,0935,F3,0,24884.2715,,,,-6.0,-0.471859,24833.75,24752.0,24792.875,81.75,4.23,24487.9475,24835.75,24835.75,,,,,6,2,09:35,24769.0,0,9,2,09:38,24825.75,hold_exit_above_dvwap,above_dvwap,vwap,5m_hi_confirm_1m_close,3,-56.75,-57.25,0.5,4,13.25,69.0,0,0,0,F3_0935_HOLD_VWAP_T423,,,,,,
H26,2026-02-24,SHORT,1m_confirm_5mHI,0935,F3,0,24898.4605,,,,-5.0,-0.07466,24826.0,24708.75,24767.375,117.25,4.23,24330.0325,24828.0,24828.0,,,,,6,2,09:35,24739.0,0,9,2,09:38,24797.0,hold_exit_above_dvwap,above_dvwap,vwap,5m_hi_confirm_1m_close,3,-58.0,-58.5,0.5,4,44.5,68.5,0,0,0,F3_0935_HOLD_VWAP_T423,,,,,,
H26,2026-02-26,SHORT,1m_confirm_5mHI,0935,F3,0,25395.148,,,,-7.0,-0.21623,25342.0,25256.0,25299.0,86.0,4.23,24978.22,25344.0,25178.0,,,,,6,2,09:35,25272.25,0,49,10,10:18,24978.22,target_4.23,,vwap,5m_hi_confirm_1m_close,43,294.03,293.53,0.5,44,307.25,23.5,1,1,1,F3_0935_HOLD_VWAP_T423,,,,,,
M26,2026-03-27,SHORT,1m_confirm_5mHI,0935,F3,0,23730.2805,,,,-7.0,-0.385654,23664.0,23556.75,23610.375,107.25,4.23,23210.3325,23666.0,23666.0,,,,,6,2,09:35,23564.75,0,9,2,09:38,23597.75,hold_exit_above_dvwap,above_dvwap,vwap,5m_hi_confirm_1m_close,3,-33.0,-33.5,0.5,4,32.75,41.5,0,0,0,F3_0935_HOLD_VWAP_T423,,,,,,
M26,2026-03-30,SHORT,1m_confirm_5mHI,0935,F3,0,23588.1535,,,,-6.0,-0.714987,23538.25,23457.5,23497.875,80.75,4.23,23196.6775,23540.25,23340.75,,,,,6,2,09:35,23463.75,0,42,9,10:11,23355.25,ratchet_stop,,vwap,5m_hi_confirm_1m_close,36,108.5,108.0,0.5,37,171.0,3.5,1,0,0,F3_0935_HOLD_VWAP_T423,,,,,,
M26,2026-04-07,SHORT,1m_confirm_5mHI,0935,F3,0,24375.98,,,,-7.0,-0.380328,24308.0,24198.0,24253.0,110.0,4.23,23842.7,24310.0,24310.0,,,,,6,2,09:35,24221.25,0,7,2,09:36,24242.25,hold_exit_above_dvwap,above_dvwap,vwap,5m_hi_confirm_1m_close,1,-21.0,-21.5,0.5,2,19.5,37.0,0,0,0,F3_0935_HOLD_VWAP_T423,,,,,,
M26,2026-04-09,SHORT,1m_confirm_5mHI,0935,F3,0,25155.721,,,,-7.0,-0.667477,25103.5,25019.0,25061.25,84.5,4.23,24746.065,25105.5,25105.5,,,,,6,2,09:35,25028.5,0,10,2,09:39,25062.5,hold_exit_above_dvwap,above_dvwap,vwap,5m_hi_confirm_1m_close,4,-34.0,-34.5,0.5,5,7.25,50.5,0,0,0,F3_0935_HOLD_VWAP_T423,,,,,,
M26,2026-04-22,SHORT,1m_confirm_5mHI,0935,F3,0,26941.7265,,,,-7.0,-0.41297,26892.75,26813.5,26853.125,79.25,4.23,26557.5225,26894.75,26894.75,,,,,6,2,09:35,26823.25,0,14,3,09:43,26846.5,hold_exit_above_dvwap,above_dvwap,vwap,5m_hi_confirm_1m_close,8,-23.25,-23.75,0.5,9,6.25,38.75,0,0,0,F3_0935_HOLD_VWAP_T423,,,,,,
M26,2026-04-27,SHORT,1m_confirm_5mHI,0935,F3,0,27479.9595,,,,-7.0,-0.497537,27435.0,27362.25,27398.625,72.75,4.23,27127.2675,27437.0,27437.0,,,,,6,2,09:35,27369.0,0,7,2,09:36,27390.5,hold_exit_above_dvwap,above_dvwap,vwap,5m_hi_confirm_1m_close,1,-21.5,-22.0,0.5,2,15.5,25.0,0,0,0,F3_0935_HOLD_VWAP_T423,,,,,,
M26,2026-04-30,SHORT,1m_confirm_5mHI,0935,F3,0,27584.3545,,,,-8.0,-0.401337,27491.5,27341.25,27416.375,150.25,4.23,26855.9425,27493.5,27373.0,,,,,6,2,09:35,27345.0,0,16,4,09:45,27359.75,hold_exit_above_dvwap,above_dvwap,vwap,5m_hi_confirm_1m_close,10,-14.75,-15.25,0.5,11,74.0,28.0,0,0,0,F3_0935_HOLD_VWAP_T423,,,,,,
M26,2026-05-18,SHORT,1m_confirm_5mHI,0935,F3,0,29405.69,,,,-5.0,-0.532795,29356.25,29276.25,29316.25,80.0,4.23,29017.85,29358.25,29282.75,,,,,6,2,09:35,29288.0,0,25,5,09:54,29272.5,hold_exit_above_dvwap,above_dvwap,vwap,5m_hi_confirm_1m_close,19,15.5,15.0,0.5,20,153.0,13.75,1,0,0,F3_0935_HOLD_VWAP_T423,,,,,,
M26,2026-05-26,SHORT,1m_confirm_5mHI,0935,F3,0,29992.474,,,,-7.0,-0.72972,29935.0,29842.0,29888.5,93.0,4.23,29541.61,29937.0,29937.0,,,,,6,2,09:35,29853.5,0,12,3,09:41,29903.5,hold_exit_above_dvwap,above_dvwap,vwap,5m_hi_confirm_1m_close,6,-50.0,-50.5,0.5,7,26.75,56.5,0,0,0,F3_0935_HOLD_VWAP_T423,,,,,,
M26,2026-05-27,SHORT,1m_confirm_5mHI,0935,F3,0,30232.9425,,,,-6.0,-0.012362,30192.0,30125.75,30158.875,66.25,4.23,29911.7625,30194.0,30068.75,,,,,6,2,09:35,30140.0,0,23,5,09:52,30066.5,hold_exit_above_dvwap,above_dvwap,vwap,5m_hi_confirm_1m_close,17,73.5,73.0,0.5,18,203.0,13.5,1,1,0,F3_0935_HOLD_VWAP_T423,,,,,,
M26,2026-05-29,SHORT,1m_confirm_5mHI,0935,F3,0,30463.8525,,,,-5.0,-0.897001,30426.0,30364.75,30395.375,61.25,4.23,30166.9125,30428.0,30428.0,,,,,6,2,09:35,30375.0,0,6,2,09:35,30420.0,hold_exit_above_dvwap,above_dvwap,vwap,5m_hi_confirm_1m_close,0,-45.0,-45.5,0.5,1,5.25,51.5,0,0,0,F3_0935_HOLD_VWAP_T423,,,,,,
M26,2026-06-02,SHORT,1m_confirm_5mHI,0935,F3,0,30630.0135,,,,-8.0,-0.277285,30567.75,30467.0,30517.375,100.75,4.23,30141.5775,30569.75,30569.75,,,,,6,2,09:35,30476.75,0,14,3,09:43,30485.0,hold_exit_above_dvwap,above_dvwap,vwap,5m_hi_confirm_1m_close,8,-8.25,-8.75,0.5,9,53.0,12.5,0,0,0,F3_0935_HOLD_VWAP_T423,,,,,,
M26,2026-06-03,SHORT,1m_confirm_5mHI,0935,F3,0,30865.6875,,,,-6.0,-0.980843,30807.75,30714.0,30760.875,93.75,4.23,30411.1875,30809.75,30625.0,,,,,6,2,09:35,30715.0,0,33,7,10:02,30631.25,ratchet_stop,,vwap,5m_hi_confirm_1m_close,27,83.75,83.25,0.5,28,219.0,22.5,1,0,0,F3_0935_HOLD_VWAP_T423,,,,,,
M26,2026-06-08,SHORT,1m_confirm_5mHI,0935,F3,0,29690.296,,,,-7.0,-0.860368,29584.0,29412.0,29498.0,172.0,4.23,28856.44,29586.0,29586.0,,,,,6,2,09:35,29418.25,0,13,3,09:42,29522.25,hold_exit_above_dvwap,above_dvwap,vwap,5m_hi_confirm_1m_close,7,-104.0,-104.5,0.5,8,20.75,105.0,0,0,0,F3_0935_HOLD_VWAP_T423,,,,,,
M26,2026-06-09,SHORT,1m_confirm_5mHI,0935,F3,0,29818.9155,,,,-7.0,-0.227781,29748.0,29633.25,29690.625,114.75,4.23,29262.6075,29750.0,29750.0,,,,,6,2,09:35,29650.75,0,6,2,09:35,29709.5,hold_exit_above_dvwap,above_dvwap,vwap,5m_hi_confirm_1m_close,0,-58.75,-59.25,0.5,1,3.0,59.0,0,0,0,F3_0935_HOLD_VWAP_T423,,,,,,
M26,2026-06-10,SHORT,1m_confirm_5mHI,0935,F3,0,29061.5545,,,,-7.0,-0.943786,28953.25,28778.0,28865.625,175.25,4.23,28211.9425,28955.25,28955.25,,,,,6,2,09:35,28781.0,0,6,2,09:35,28888.25,hold_exit_above_dvwap,above_dvwap,vwap,5m_hi_confirm_1m_close,0,-107.25,-107.75,0.5,1,8.5,120.0,0,0,0,F3_0935_HOLD_VWAP_T423,,,,,,
M26,2026-06-11,SHORT,1m_confirm_5mHI,0935,F3,0,28857.4745,,,,-7.0,-0.358151,28786.25,28671.0,28728.625,115.25,4.23,28298.7425,28788.25,28788.25,,,,,6,2,09:35,28687.25,0,7,2,09:36,28762.75,hold_exit_above_dvwap,above_dvwap,vwap,5m_hi_confirm_1m_close,1,-75.5,-76.0,0.5,2,14.5,98.0,0,0,0,F3_0935_HOLD_VWAP_T423,,,,,,
U26,2026-06-18,SHORT,1m_confirm_5mHI,0935,F3,0,30697.8485,,,,-8.0,-0.802222,30615.5,30482.25,30548.875,133.25,4.23,30051.8525,30617.5,30503.5,,,,,6,2,09:35,30486.25,0,20,4,09:49,30497.0,hold_exit_above_dvwap,above_dvwap,vwap,5m_hi_confirm_1m_close,14,-10.75,-11.25,0.5,15,95.25,17.25,0,0,0,F3_0935_HOLD_VWAP_T423,,,,,,
U26,2026-06-25,SHORT,1m_confirm_5mHI,0935,F3,0,30287.554,,,,-7.0,-0.333068,30193.0,30040.0,30116.5,153.0,4.23,29545.81,30195.0,30090.5,,,,,6,2,09:35,30057.75,0,19,4,09:48,29545.81,target_4.23,,vwap,5m_hi_confirm_1m_close,13,511.94,511.44,0.5,14,527.5,32.75,1,1,1,F3_0935_HOLD_VWAP_T423,,,,,,
U26,2026-07-01,SHORT,1m_confirm_5mHI,0935,F3,0,30355.9445,,,,-8.0,-0.690181,30260.0,30104.75,30182.375,155.25,4.23,29603.2925,30262.0,30262.0,,,,,6,2,09:35,30117.25,0,12,3,09:41,30161.5,hold_exit_above_dvwap,above_dvwap,vwap,5m_hi_confirm_1m_close,6,-44.25,-44.75,0.5,7,29.5,67.0,0,0,0,F3_0935_HOLD_VWAP_T423,,,,,,
U26,2026-07-07,SHORT,1m_confirm_5mHI,0935,F3,0,29791.119,,,,-7.0,-0.793934,29685.75,29515.25,29600.5,170.5,4.23,28964.535,29687.75,29687.75,,,,,6,2,09:35,29532.0,0,11,3,09:40,29586.5,hold_exit_above_dvwap,above_dvwap,vwap,5m_hi_confirm_1m_close,5,-54.5,-55.0,0.5,6,40.75,55.25,0,0,0,F3_0935_HOLD_VWAP_T423,,,,,,
U26,2026-07-13,SHORT,1m_confirm_5mHI,0935,F3,0,29802.449,,,,-7.0,-0.493283,29737.25,29631.75,29684.5,105.5,4.23,29290.985,29739.25,29600.75,,,,,6,2,09:35,29646.25,0,29,6,09:58,29607.25,ratchet_stop,,vwap,5m_hi_confirm_1m_close,23,39.0,38.5,0.5,24,128.25,27.25,0,0,0,F3_0935_HOLD_VWAP_T423,,,,,,
U26,2026-07-14,SHORT,1m_confirm_5mHI,0935,F3,0,29893.618,,,,-8.0,-0.274942,29815.75,29689.75,29752.75,126.0,4.23,29282.77,29817.75,29817.75,,,,,6,2,09:35,29693.0,0,8,2,09:37,29760.5,hold_exit_above_dvwap,above_dvwap,vwap,5m_hi_confirm_1m_close,2,-67.5,-68.0,0.5,3,8.0,85.0,0,0,0,F3_0935_HOLD_VWAP_T423,,,,,,
U26,2026-07-16,SHORT,1m_confirm_5mHI,0935,F3,0,29595.1905,,,,-6.0,-0.94826,29532.0,29429.75,29480.875,102.25,4.23,29099.4825,29534.0,29342.75,,,,,6,2,09:35,29435.5,0,30,6,09:59,29347.5,ratchet_stop,,vwap,5m_hi_confirm_1m_close,24,88.0,87.5,0.5,25,180.0,35.5,1,0,0,F3_0935_HOLD_VWAP_T423,,,,,,
U26,2026-07-17,SHORT,1m_confirm_5mHI,0935,F3,0,28776.3825,,,,-6.0,-0.82075,28686.0,28539.75,28612.875,146.25,4.23,28067.3625,28688.0,28512.0,,,,,6,2,09:35,28554.75,0,21,5,09:50,28520.75,ratchet_stop,,vwap,5m_hi_confirm_1m_close,15,34.0,33.5,0.5,16,146.5,16.5,0,0,0,F3_0935_HOLD_VWAP_T423,,,,,,
U26,2026-07-21,SHORT,1m_confirm_5mHI,0935,F3,0,29316.2385,,,,-7.0,-0.461546,29246.25,29133.0,29189.625,113.25,4.23,28767.2025,29248.25,29248.25,,,,,6,2,09:35,29147.0,0,6,2,09:35,29187.25,hold_exit_above_dvwap,above_dvwap,vwap,5m_hi_confirm_1m_close,0,-40.25,-40.75,0.5,1,9.0,42.0,0,0,0,F3_0935_HOLD_VWAP_T423,,,,,,
U26,2026-07-28,SHORT,1m_confirm_5mHI,0935,F3,0,28066.6235,,,,-5.0,-0.525227,27992.0,27871.25,27931.625,120.75,4.23,27481.2275,27994.0,27720.5,,,,,6,2,09:35,27876.0,0,36,8,10:05,27766.25,ratchet_stop,,vwap,5m_hi_confirm_1m_close,30,109.75,109.25,0.5,31,234.25,50.25,1,0,0,F3_0935_HOLD_VWAP_T423,,,,,,
U26,2026-08-10,SHORT,1m_confirm_5mHI,0935,F3,0,29906.4855,,,,-7.0,-0.909454,29841.75,29737.0,29789.375,104.75,4.23,29398.6575,29843.75,29843.75,,,,,6,2,09:35,29741.25,0,15,3,09:44,29776.0,hold_exit_above_dvwap,above_dvwap,vwap,5m_hi_confirm_1m_close,9,-34.75,-35.25,0.5,10,22.5,70.0,0,0,0,F3_0935_HOLD_VWAP_T423,,,,,,
U26,2026-08-11,SHORT,1m_confirm_5mHI,0935,F3,0,29914.188,,,,-8.0,-0.335205,29842.5,29726.5,29784.5,116.0,4.23,29351.82,29844.5,29844.5,,,,,6,2,09:35,29736.75,0,12,3,09:41,29744.25,hold_exit_above_dvwap,above_dvwap,vwap,5m_hi_confirm_1m_close,6,-7.5,-8.0,0.5,7,57.75,19.0,0,0,0,F3_0935_HOLD_VWAP_T423,,,,,,
U26,2026-08-12,SHORT,1m_confirm_5mHI,0935,F3,0,30078.382,,,,-8.0,-0.443299,30001.75,29877.75,29939.75,124.0,4.23,29477.23,30003.75,30003.75,,,,,6,2,09:35,29878.5,0,7,2,09:36,29928.0,hold_exit_above_dvwap,above_dvwap,vwap,5m_hi_confirm_1m_close,1,-49.5,-50.0,0.5,2,7.75,57.75,0,0,0,F3_0935_HOLD_VWAP_T423,,,,,,
U26,2026-08-14,SHORT,1m_confirm_5mHI,0935,F3,0,30308.8975,,,,-5.0,-0.843128,30269.5,30205.75,30237.625,63.75,4.23,29999.8375,30271.5,30271.5,,,,,6,2,09:35,30206.0,0,13,3,09:42,30238.0,hold_exit_above_dvwap,above_dvwap,vwap,5m_hi_confirm_1m_close,7,-32.0,-32.5,0.5,8,36.25,34.25,0,0,0,F3_0935_HOLD_VWAP_T423,,,,,,
U26,2026-08-17,SHORT,1m_confirm_5mHI,0935,F3,0,30312.35,,,,-5.0,-0.817748,30266.0,30191.0,30228.5,75.0,4.23,29948.75,30268.0,30268.0,,,,,6,2,09:35,30197.25,0,6,2,09:35,30225.75,hold_exit_above_dvwap,above_dvwap,vwap,5m_hi_confirm_1m_close,0,-28.5,-29.0,0.5,1,12.25,30.5,0,0,0,F3_0935_HOLD_VWAP_T423,,,,,,
U26,2026-08-19,SHORT,1m_confirm_5mHI,0935,F3,0,29800.9965,,,,-5.0,-0.435983,29742.75,29648.5,29695.625,94.25,4.23,29344.0725,29744.75,29462.0,,,,,6,2,09:35,29673.5,0,60,12,10:29,29482.5,ratchet_stop,,vwap,5m_hi_confirm_1m_close,54,191.0,190.5,0.5,55,297.75,14.75,1,1,0,F3_0935_HOLD_VWAP_T423,,,,,,
U26,2026-08-21,SHORT,1m_confirm_5mHI,0935,F3,0,29549.0785,,,,-8.0,-0.72187,29476.0,29357.75,29416.875,118.25,4.23,28975.8025,29478.0,29320.25,,,,,6,2,09:35,29363.0,0,36,8,10:05,29320.75,ratchet_stop,,vwap,5m_hi_confirm_1m_close,30,42.25,41.75,0.5,31,107.25,10.5,0,0,0,F3_0935_HOLD_VWAP_T423,,,,,,
H26,2025-12-17,SHORT,1m_confirm_5mHI,0935,F3,0,25481.431,,,,-8.0,-0.564224,25447.75,25393.25,25420.5,54.5,2.618,25305.069,25449.75,25449.75,,,,,6,2,09:35,25401.0,0,12,3,09:41,25305.069,target_2.618,,none,5m_hi_confirm_1m_close,0,95.931,95.431,0.5,7,96.0,5.75,1,0,0,F3_0935_RATCHET_HI_T2618,,,,,,
H26,2025-12-18,SHORT,1m_confirm_5mHI,0935,F3,0,25374.7685,,,,-6.0,-0.772303,25329.5,25256.25,25292.875,73.25,2.618,25137.7315,25331.5,25227.5,,,,,6,2,09:35,25270.0,0,23,5,09:52,25237.0,ratchet_stop,,none,5m_hi_confirm_1m_close,0,33.0,32.5,0.5,18,108.75,4.5,0,0,0,F3_0935_RATCHET_HI_T2618,,,,,,
H26,2025-12-22,SHORT,1m_confirm_5mHI,0935,F3,0,25856.859,,,,-7.0,-0.506942,25794.75,25694.25,25744.5,100.5,2.618,25531.641,25796.75,25720.5,,,,,6,2,09:35,25706.25,0,22,5,09:51,25734.0,ratchet_stop,,none,5m_hi_confirm_1m_close,0,-27.75,-28.25,0.5,17,34.0,38.0,0,0,0,F3_0935_RATCHET_HI_T2618,,,,,,
H26,2026-01-05,SHORT,1m_confirm_5mHI,0935,F3,0,25728.5835,,,,-7.0,-0.844601,25672.5,25581.75,25627.125,90.75,2.618,25434.9165,25674.5,25607.5,,,,,6,2,09:35,25590.25,0,16,4,09:45,25624.25,ratchet_stop,,none,5m_hi_confirm_1m_close,0,-34.0,-34.5,0.5,11,51.75,40.5,0,0,0,F3_0935_RATCHET_HI_T2618,,,,,,
H26,2026-01-08,SHORT,1m_confirm_5mHI,0935,F3,0,25871.289,,,,-8.0,-0.241331,25803.0,25692.5,25747.75,110.5,2.618,25513.711,25805.0,25658.5,,,,,6,2,09:35,25705.5,0,39,8,10:08,25671.25,ratchet_stop,,none,5m_hi_confirm_1m_close,0,34.25,33.75,0.5,34,136.5,24.75,0,0,0,F3_0935_RATCHET_HI_T2618,,,,,,
H26,2026-01-15,SHORT,1m_confirm_5mHI,0935,F3,0,25986.42,,,,-5.0,-0.511924,25946.25,25881.25,25913.75,65.0,2.618,25776.08,25948.25,25895.75,,,,,6,2,09:35,25888.75,0,16,4,09:45,25906.5,ratchet_stop,,none,5m_hi_confirm_1m_close,0,-17.75,-18.25,0.5,11,35.25,64.0,0,0,0,F3_0935_RATCHET_HI_T2618,,,,,,
H26,2026-01-21,SHORT,1m_confirm_5mHI,0935,F3,0,25268.364,,,,-6.0,-0.259412,25223.25,25150.25,25186.75,73.0,2.618,25032.136,25225.25,25219.75,,,,,6,2,09:35,25163.75,0,18,4,09:47,25234.75,ratchet_stop,,none,5m_hi_confirm_1m_close,0,-71.0,-71.5,0.5,13,36.25,74.25,0,0,0,F3_0935_RATCHET_HI_T2618,,,,,,
H26,2026-01-22,SHORT,1m_confirm_5mHI,0935,F3,0,25773.156,,,,-9.0,-0.333606,25731.75,25664.75,25698.25,67.0,2.618,25556.344,25733.75,25695.0,,,,,6,2,09:35,25666.25,0,20,4,09:49,25556.344,target_2.618,,none,5m_hi_confirm_1m_close,0,109.906,109.406,0.5,15,110.25,28.75,1,0,0,F3_0935_RATCHET_HI_T2618,,,,,,
H26,2026-01-23,SHORT,1m_confirm_5mHI,0935,F3,0,25694.0605,,,,-5.0,-0.802518,25652.5,25585.25,25618.875,67.25,2.618,25476.4395,25654.5,25623.5,,,,,6,2,09:35,25592.5,0,16,4,09:45,25626.75,ratchet_stop,,none,5m_hi_confirm_1m_close,0,-34.25,-34.75,0.5,11,30.0,47.5,0,0,0,F3_0935_RATCHET_HI_T2618,,,,,,
H26,2026-01-27,SHORT,1m_confirm_5mHI,0935,F3,0,26048.035,,,,-6.0,-0.793903,26012.5,25955.0,25983.75,57.5,2.618,25861.965,26014.5,25972.25,,,,,6,2,09:35,25962.0,0,16,4,09:45,25974.0,ratchet_stop,,none,5m_hi_confirm_1m_close,0,-12.0,-12.5,0.5,11,44.75,21.75,0,0,0,F3_0935_RATCHET_HI_T2618,,,,,,
H26,2026-01-29,SHORT,1m_confirm_5mHI,0935,F3,0,26231.547,,,,-6.0,-0.65788,26175.0,26083.5,26129.25,91.5,2.618,25935.453,26177.0,26100.75,,,,,6,2,09:35,26098.0,0,16,4,09:45,25935.453,target_2.618,,none,5m_hi_confirm_1m_close,0,162.547,162.047,0.5,11,172.5,2.75,1,0,0,F3_0935_RATCHET_HI_T2618,,,,,,
H26,2026-02-03,SHORT,1m_confirm_5mHI,0935,F3,0,26022.393,,,,-5.0,-0.029144,25952.25,25838.75,25895.5,113.5,2.618,25655.107,25954.25,25811.75,,,,,6,2,09:35,25875.75,0,28,6,09:57,25655.107,target_2.618,,none,5m_hi_confirm_1m_close,0,220.643,220.143,0.5,23,223.0,17.5,1,0,0,F3_0935_RATCHET_HI_T2618,,,,,,
H26,2026-02-11,SHORT,1m_confirm_5mHI,0935,F3,0,25526.5865,,,,-6.0,-0.813482,25465.25,25366.0,25415.625,99.25,2.618,25205.4135,25467.25,25416.5,,,,,6,2,09:35,25386.5,0,16,4,09:45,25425.75,ratchet_stop,,none,5m_hi_confirm_1m_close,0,-39.25,-39.75,0.5,11,47.25,39.75,0,0,0,F3_0935_RATCHET_HI_T2618,,,,,,
H26,2026-02-18,SHORT,1m_confirm_5mHI,0935,F3,0,24884.2715,,,,-6.0,-0.471859,24833.75,24752.0,24792.875,81.75,2.618,24619.7285,24835.75,24835.75,,,,,6,2,09:35,24769.0,0,13,3,09:42,24841.5,init_stop,,none,5m_hi_confirm_1m_close,0,-72.5,-73.0,0.5,8,13.25,76.0,0,0,0,F3_0935_RATCHET_HI_T2618,,,,,,
H26,2026-02-24,SHORT,1m_confirm_5mHI,0935,F3,0,24898.4605,,,,-5.0,-0.07466,24826.0,24708.75,24767.375,117.25,2.618,24519.0395,24828.0,24828.0,,,,,6,2,09:35,24739.0,0,11,3,09:40,24838.75,init_stop,,none,5m_hi_confirm_1m_close,0,-99.75,-100.25,0.5,6,44.5,104.5,0,0,0,F3_0935_RATCHET_HI_T2618,,,,,,
H26,2026-02-26,SHORT,1m_confirm_5mHI,0935,F3,0,25395.148,,,,-7.0,-0.21623,25342.0,25256.0,25299.0,86.0,2.618,25116.852,25344.0,25210.75,,,,,6,2,09:35,25272.25,0,43,9,10:12,25116.852,target_2.618,,none,5m_hi_confirm_1m_close,0,155.398,154.898,0.5,38,185.0,23.5,1,0,0,F3_0935_RATCHET_HI_T2618,,,,,,
M26,2026-03-27,SHORT,1m_confirm_5mHI,0935,F3,0,23730.2805,,,,-7.0,-0.385654,23664.0,23556.75,23610.375,107.25,2.618,23383.2195,23666.0,23613.0,,,,,6,2,09:35,23564.75,0,16,4,09:45,23619.5,ratchet_stop,,none,5m_hi_confirm_1m_close,0,-54.75,-55.25,0.5,11,32.75,65.25,0,0,0,F3_0935_RATCHET_HI_T2618,,,,,,
M26,2026-03-30,SHORT,1m_confirm_5mHI,0935,F3,0,23588.1535,,,,-6.0,-0.714987,23538.25,23457.5,23497.875,80.75,2.618,23326.8465,23540.25,23405.0,,,,,6,2,09:35,23463.75,0,26,6,09:55,23326.8465,target_2.618,,none,5m_hi_confirm_1m_close,0,136.9035,136.4035,0.5,21,140.75,3.5,1,0,0,F3_0935_RATCHET_HI_T2618,,,,,,
M26,2026-04-07,SHORT,1m_confirm_5mHI,0935,F3,0,24375.98,,,,-7.0,-0.380328,24308.0,24198.0,24253.0,110.0,2.618,24020.02,24310.0,24203.75,,,,,6,2,09:35,24221.25,0,37,8,10:06,24020.02,target_2.618,,none,5m_hi_confirm_1m_close,0,201.23,200.73,0.5,32,209.25,42.75,1,0,0,F3_0935_RATCHET_HI_T2618,,,,,,
M26,2026-04-09,SHORT,1m_confirm_5mHI,0935,F3,0,25155.721,,,,-7.0,-0.667477,25103.5,25019.0,25061.25,84.5,2.618,24882.279,25105.5,25079.0,,,,,6,2,09:35,25028.5,0,16,4,09:45,25096.25,ratchet_stop,,none,5m_hi_confirm_1m_close,0,-67.75,-68.25,0.5,11,7.25,83.0,0,0,0,F3_0935_RATCHET_HI_T2618,,,,,,
M26,2026-04-22,SHORT,1m_confirm_5mHI,0935,F3,0,26941.7265,,,,-7.0,-0.41297,26892.75,26813.5,26853.125,79.25,2.618,26685.2735,26894.75,26851.0,,,,,6,2,09:35,26823.25,0,16,4,09:45,26862.5,ratchet_stop,,none,5m_hi_confirm_1m_close,0,-39.25,-39.75,0.5,11,6.25,42.5,0,0,0,F3_0935_RATCHET_HI_T2618,,,,,,
M26,2026-04-27,SHORT,1m_confirm_5mHI,0935,F3,0,27479.9595,,,,-7.0,-0.497537,27435.0,27362.25,27398.625,72.75,2.618,27244.5405,27437.0,27388.25,,,,,6,2,09:35,27369.0,0,28,6,09:57,27394.25,ratchet_stop,,none,5m_hi_confirm_1m_close,0,-25.25,-25.75,0.5,23,70.5,44.25,0,0,0,F3_0935_RATCHET_HI_T2618,,,,,,
M26,2026-04-30,SHORT,1m_confirm_5mHI,0935,F3,0,27584.3545,,,,-8.0,-0.401337,27491.5,27341.25,27416.375,150.25,2.618,27098.1455,27493.5,27265.25,,,,,6,2,09:35,27345.0,0,36,8,10:05,27277.0,ratchet_stop,,none,5m_hi_confirm_1m_close,0,68.0,67.5,0.5,31,142.0,28.0,0,0,0,F3_0935_RATCHET_HI_T2618,,,,,,
M26,2026-05-18,SHORT,1m_confirm_5mHI,0935,F3,0,29405.69,,,,-5.0,-0.532795,29356.25,29276.25,29316.25,80.0,2.618,29146.81,29358.25,29301.75,,,,,6,2,09:35,29288.0,0,16,4,09:45,29146.81,target_2.618,,none,5m_hi_confirm_1m_close,0,141.19,140.69,0.5,11,148.0,13.75,1,0,0,F3_0935_RATCHET_HI_T2618,,,,,,
M26,2026-05-26,SHORT,1m_confirm_5mHI,0935,F3,0,29992.474,,,,-7.0,-0.72972,29935.0,29842.0,29888.5,93.0,2.618,29691.526,29937.0,29864.75,,,,,6,2,09:35,29853.5,0,16,4,09:45,29962.25,ratchet_stop,,none,5m_hi_confirm_1m_close,0,-108.75,-109.25,0.5,11,26.75,109.75,0,0,0,F3_0935_RATCHET_HI_T2618,,,,,,
M26,2026-05-27,SHORT,1m_confirm_5mHI,0935,F3,0,30232.9425,,,,-6.0,-0.012362,30192.0,30125.75,30158.875,66.25,2.618,30018.5575,30194.0,30194.0,,,,,6,2,09:35,30140.0,0,14,3,09:43,30018.5575,target_2.618,,none,5m_hi_confirm_1m_close,0,121.4425,120.9425,0.5,9,155.5,13.5,1,0,0,F3_0935_RATCHET_HI_T2618,,,,,,
M26,2026-05-29,SHORT,1m_confirm_5mHI,0935,F3,0,30463.8525,,,,-5.0,-0.897001,30426.0,30364.75,30395.375,61.25,2.618,30265.6475,30428.0,30428.0,,,,,6,2,09:35,30375.0,0,8,2,09:37,30433.0,init_stop,,none,5m_hi_confirm_1m_close,0,-58.0,-58.5,0.5,3,5.25,60.5,0,0,0,F3_0935_RATCHET_HI_T2618,,,,,,
M26,2026-06-02,SHORT,1m_confirm_5mHI,0935,F3,0,30630.0135,,,,-8.0,-0.277285,30567.75,30467.0,30517.375,100.75,2.618,30303.9865,30569.75,30489.25,,,,,6,2,09:35,30476.75,0,16,4,09:45,30507.75,ratchet_stop,,none,5m_hi_confirm_1m_close,0,-31.0,-31.5,0.5,11,53.0,45.25,0,0,0,F3_0935_RATCHET_HI_T2618,,,,,,
M26,2026-06-03,SHORT,1m_confirm_5mHI,0935,F3,0,30865.6875,,,,-6.0,-0.980843,30807.75,30714.0,30760.875,93.75,2.618,30562.3125,30809.75,30737.5,,,,,6,2,09:35,30715.0,0,18,4,09:47,30562.3125,target_2.618,,none,5m_hi_confirm_1m_close,0,152.6875,152.1875,0.5,13,171.5,22.5,1,0,0,F3_0935_RATCHET_HI_T2618,,,,,,
M26,2026-06-08,SHORT,1m_confirm_5mHI,0935,F3,0,29690.296,,,,-7.0,-0.860368,29584.0,29412.0,29498.0,172.0,2.618,29133.704,29586.0,29499.5,,,,,6,2,09:35,29418.25,0,16,4,09:45,29521.5,ratchet_stop,,none,5m_hi_confirm_1m_close,0,-103.25,-103.75,0.5,11,20.75,137.75,0,0,0,F3_0935_RATCHET_HI_T2618,,,,,,
M26,2026-06-09,SHORT,1m_confirm_5mHI,0935,F3,0,29818.9155,,,,-7.0,-0.227781,29748.0,29633.25,29690.625,114.75,2.618,29447.5845,29750.0,29750.0,,,,,6,2,09:35,29650.75,0,14,3,09:43,29750.75,init_stop,,none,5m_hi_confirm_1m_close,0,-100.0,-100.5,0.5,9,3.0,106.5,0,0,0,F3_0935_RATCHET_HI_T2618,,,,,,
M26,2026-06-10,SHORT,1m_confirm_5mHI,0935,F3,0,29061.5545,,,,-7.0,-0.943786,28953.25,28778.0,28865.625,175.25,2.618,28494.4455,28955.25,28955.25,,,,,6,2,09:35,28781.0,0,8,2,09:37,28963.0,init_stop,,none,5m_hi_confirm_1m_close,0,-182.0,-182.5,0.5,3,8.5,182.5,0,0,0,F3_0935_RATCHET_HI_T2618,,,,,,
M26,2026-06-11,SHORT,1m_confirm_5mHI,0935,F3,0,28857.4745,,,,-7.0,-0.358151,28786.25,28671.0,28728.625,115.25,2.618,28484.5255,28788.25,28785.25,,,,,6,2,09:35,28687.25,0,16,4,09:45,28817.75,ratchet_stop,,none,5m_hi_confirm_1m_close,0,-130.5,-131.0,0.5,11,36.5,133.25,0,0,0,F3_0935_RATCHET_HI_T2618,,,,,,
U26,2026-06-18,SHORT,1m_confirm_5mHI,0935,F3,0,30697.8485,,,,-8.0,-0.802222,30615.5,30482.25,30548.875,133.25,2.618,30266.6515,30617.5,30483.5,,,,,6,2,09:35,30486.25,0,21,5,09:50,30492.0,ratchet_stop,,none,5m_hi_confirm_1m_close,0,-5.75,-6.25,0.5,16,95.25,23.75,0,0,0,F3_0935_RATCHET_HI_T2618,,,,,,
U26,2026-06-25,SHORT,1m_confirm_5mHI,0935,F3,0,30287.554,,,,-7.0,-0.333068,30193.0,30040.0,30116.5,153.0,2.618,29792.446,30195.0,30195.0,,,,,6,2,09:35,30057.75,0,14,3,09:43,29792.446,target_2.618,,none,5m_hi_confirm_1m_close,0,265.304,264.804,0.5,9,299.5,32.75,1,0,0,F3_0935_RATCHET_HI_T2618,,,,,,
U26,2026-07-01,SHORT,1m_confirm_5mHI,0935,F3,0,30355.9445,,,,-8.0,-0.690181,30260.0,30104.75,30182.375,155.25,2.618,29853.5555,30262.0,30162.5,,,,,6,2,09:35,30117.25,0,17,4,09:46,30197.5,ratchet_stop,,none,5m_hi_confirm_1m_close,0,-80.25,-80.75,0.5,12,29.5,90.0,0,0,0,F3_0935_RATCHET_HI_T2618,,,,,,
U26,2026-07-07,SHORT,1m_confirm_5mHI,0935,F3,0,29791.119,,,,-7.0,-0.793934,29685.75,29515.25,29600.5,170.5,2.618,29239.381,29687.75,29313.0,,,,,6,2,09:35,29532.0,0,72,15,10:41,29239.381,target_2.618,,none,5m_hi_confirm_1m_close,0,292.619,292.119,0.5,67,305.75,75.0,1,0,0,F3_0935_RATCHET_HI_T2618,,,,,,
U26,2026-07-13,SHORT,1m_confirm_5mHI,0935,F3,0,29802.449,,,,-7.0,-0.493283,29737.25,29631.75,29684.5,105.5,2.618,29461.051,29739.25,29600.75,,,,,6,2,09:35,29646.25,0,29,6,09:58,29607.25,ratchet_stop,,none,5m_hi_confirm_1m_close,0,39.0,38.5,0.5,24,128.25,27.25,0,0,0,F3_0935_RATCHET_HI_T2618,,,,,,
U26,2026-07-14,SHORT,1m_confirm_5mHI,0935,F3,0,29893.618,,,,-8.0,-0.274942,29815.75,29689.75,29752.75,126.0,2.618,29485.882,29817.75,29781.0,,,,,6,2,09:35,29693.0,0,29,6,09:58,29783.0,ratchet_stop,,none,5m_hi_confirm_1m_close,0,-90.0,-90.5,0.5,24,8.0,115.5,0,0,0,F3_0935_RATCHET_HI_T2618,,,,,,
U26,2026-07-16,SHORT,1m_confirm_5mHI,0935,F3,0,29595.1905,,,,-6.0,-0.94826,29532.0,29429.75,29480.875,102.25,2.618,29264.3095,29534.0,29471.0,,,,,6,2,09:35,29435.5,0,20,4,09:49,29264.3095,target_2.618,,none,5m_hi_confirm_1m_close,0,171.1905,170.6905,0.5,15,171.25,35.5,1,0,0,F3_0935_RATCHET_HI_T2618,,,,,,
U26,2026-07-17,SHORT,1m_confirm_5mHI,0935,F3,0,28776.3825,,,,-6.0,-0.82075,28686.0,28539.75,28612.875,146.25,2.618,28303.1175,28688.0,28512.0,,,,,6,2,09:35,28554.75,0,21,5,09:50,28520.75,ratchet_stop,,none,5m_hi_confirm_1m_close,0,34.0,33.5,0.5,16,146.5,16.5,0,0,0,F3_0935_RATCHET_HI_T2618,,,,,,
U26,2026-07-21,SHORT,1m_confirm_5mHI,0935,F3,0,29316.2385,,,,-7.0,-0.461546,29246.25,29133.0,29189.625,113.25,2.618,28949.7615,29248.25,29153.5,,,,,6,2,09:35,29147.0,0,31,7,10:00,29170.0,ratchet_stop,,none,5m_hi_confirm_1m_close,0,-23.0,-23.5,0.5,26,54.5,79.0,0,0,0,F3_0935_RATCHET_HI_T2618,,,,,,
U26,2026-07-28,SHORT,1m_confirm_5mHI,0935,F3,0,28066.6235,,,,-5.0,-0.525227,27992.0,27871.25,27931.625,120.75,2.618,27675.8765,27994.0,27926.25,,,,,6,2,09:35,27876.0,0,17,4,09:46,27675.8765,target_2.618,,none,5m_hi_confirm_1m_close,0,200.1235,199.6235,0.5,12,203.0,50.25,1,0,0,F3_0935_RATCHET_HI_T2618,,,,,,
U26,2026-08-10,SHORT,1m_confirm_5mHI,0935,F3,0,29906.4855,,,,-7.0,-0.909454,29841.75,29737.0,29789.375,104.75,2.618,29567.5145,29843.75,29811.25,,,,,6,2,09:35,29741.25,0,20,4,09:49,29817.75,ratchet_stop,,none,5m_hi_confirm_1m_close,0,-76.5,-77.0,0.5,15,22.5,86.75,0,0,0,F3_0935_RATCHET_HI_T2618,,,,,,
U26,2026-08-11,SHORT,1m_confirm_5mHI,0935,F3,0,29914.188,,,,-8.0,-0.335205,29842.5,29726.5,29784.5,116.0,2.618,29538.812,29844.5,29725.0,,,,,6,2,09:35,29736.75,0,30,6,09:59,29732.75,ratchet_stop,,none,5m_hi_confirm_1m_close,0,4.0,3.5,0.5,25,105.0,19.5,0,0,0,F3_0935_RATCHET_HI_T2618,,,,,,
U26,2026-08-12,SHORT,1m_confirm_5mHI,0935,F3,0,30078.382,,,,-8.0,-0.443299,30001.75,29877.75,29939.75,124.0,2.618,29677.118,30003.75,29946.25,,,,,6,2,09:35,29878.5,0,19,4,09:48,29969.0,ratchet_stop,,none,5m_hi_confirm_1m_close,0,-90.5,-91.0,0.5,14,25.25,92.25,0,0,0,F3_0935_RATCHET_HI_T2618,,,,,,
U26,2026-08-14,SHORT,1m_confirm_5mHI,0935,F3,0,30308.8975,,,,-5.0,-0.843128,30269.5,30205.75,30237.625,63.75,2.618,30102.6025,30271.5,30222.0,,,,,6,2,09:35,30206.0,0,16,4,09:45,30265.75,ratchet_stop,,none,5m_hi_confirm_1m_close,0,-59.75,-60.25,0.5,11,36.25,69.25,0,0,0,F3_0935_RATCHET_HI_T2618,,,,,,
U26,2026-08-17,SHORT,1m_confirm_5mHI,0935,F3,0,30312.35,,,,-5.0,-0.817748,30266.0,30191.0,30228.5,75.0,2.618,30069.65,30268.0,30230.5,,,,,6,2,09:35,30197.25,0,22,5,09:51,30245.0,ratchet_stop,,none,5m_hi_confirm_1m_close,0,-47.75,-48.25,0.5,17,31.75,50.5,0,0,0,F3_0935_RATCHET_HI_T2618,,,,,,
U26,2026-08-19,SHORT,1m_confirm_5mHI,0935,F3,0,29800.9965,,,,-5.0,-0.435983,29742.75,29648.5,29695.625,94.25,2.618,29496.0035,29744.75,29688.25,,,,,6,2,09:35,29673.5,0,20,4,09:49,29496.0035,target_2.618,,none,5m_hi_confirm_1m_close,0,177.4965,176.9965,0.5,15,215.25,14.75,1,0,0,F3_0935_RATCHET_HI_T2618,,,,,,
U26,2026-08-21,SHORT,1m_confirm_5mHI,0935,F3,0,29549.0785,,,,-8.0,-0.72187,29476.0,29357.75,29416.875,118.25,2.618,29166.4215,29478.0,29320.25,,,,,6,2,09:35,29363.0,0,36,8,10:05,29320.75,ratchet_stop,,none,5m_hi_confirm_1m_close,0,42.25,41.75,0.5,31,107.25,10.5,0,0,0,F3_0935_RATCHET_HI_T2618,,,,,,
H26,2025-12-17,SHORT,1m_confirm_5mHI,0935,F3,0,25481.431,,,,-8.0,-0.564224,25447.75,25393.25,25420.5,54.5,3.33,25266.265,25449.75,25406.75,,,,,6,2,09:35,25401.0,0,17,4,09:46,25266.265,target_3.33,,none,5m_hi_confirm_1m_close,0,134.735,134.235,0.5,12,155.5,5.75,1,1,0,F3_0935_RATCHET_HI_T333,,,,,,
H26,2025-12-18,SHORT,1m_confirm_5mHI,0935,F3,0,25374.7685,,,,-6.0,-0.772303,25329.5,25256.25,25292.875,73.25,3.33,25085.5775,25331.5,25227.5,,,,,6,2,09:35,25270.0,0,23,5,09:52,25237.0,ratchet_stop,,none,5m_hi_confirm_1m_close,0,33.0,32.5,0.5,18,108.75,4.5,0,0,0,F3_0935_RATCHET_HI_T333,,,,,,
H26,2025-12-22,SHORT,1m_confirm_5mHI,0935,F3,0,25856.859,,,,-7.0,-0.506942,25794.75,25694.25,25744.5,100.5,3.33,25460.085,25796.75,25720.5,,,,,6,2,09:35,25706.25,0,22,5,09:51,25734.0,ratchet_stop,,none,5m_hi_confirm_1m_close,0,-27.75,-28.25,0.5,17,34.0,38.0,0,0,0,F3_0935_RATCHET_HI_T333,,,,,,
H26,2026-01-05,SHORT,1m_confirm_5mHI,0935,F3,0,25728.5835,,,,-7.0,-0.844601,25672.5,25581.75,25627.125,90.75,3.33,25370.3025,25674.5,25607.5,,,,,6,2,09:35,25590.25,0,16,4,09:45,25624.25,ratchet_stop,,none,5m_hi_confirm_1m_close,0,-34.0,-34.5,0.5,11,51.75,40.5,0,0,0,F3_0935_RATCHET_HI_T333,,,,,,
H26,2026-01-08,SHORT,1m_confirm_5mHI,0935,F3,0,25871.289,,,,-8.0,-0.241331,25803.0,25692.5,25747.75,110.5,3.33,25435.035,25805.0,25658.5,,,,,6,2,09:35,25705.5,0,39,8,10:08,25671.25,ratchet_stop,,none,5m_hi_confirm_1m_close,0,34.25,33.75,0.5,34,136.5,24.75,0,0,0,F3_0935_RATCHET_HI_T333,,,,,,
H26,2026-01-15,SHORT,1m_confirm_5mHI,0935,F3,0,25986.42,,,,-5.0,-0.511924,25946.25,25881.25,25913.75,65.0,3.33,25729.8,25948.25,25895.75,,,,,6,2,09:35,25888.75,0,16,4,09:45,25906.5,ratchet_stop,,none,5m_hi_confirm_1m_close,0,-17.75,-18.25,0.5,11,35.25,64.0,0,0,0,F3_0935_RATCHET_HI_T333,,,,,,
H26,2026-01-21,SHORT,1m_confirm_5mHI,0935,F3,0,25268.364,,,,-6.0,-0.259412,25223.25,25150.25,25186.75,73.0,3.33,24980.16,25225.25,25219.75,,,,,6,2,09:35,25163.75,0,18,4,09:47,25234.75,ratchet_stop,,none,5m_hi_confirm_1m_close,0,-71.0,-71.5,0.5,13,36.25,74.25,0,0,0,F3_0935_RATCHET_HI_T333,,,,,,
H26,2026-01-22,SHORT,1m_confirm_5mHI,0935,F3,0,25773.156,,,,-9.0,-0.333606,25731.75,25664.75,25698.25,67.0,3.33,25508.64,25733.75,25569.25,,,,,6,2,09:35,25666.25,0,46,10,10:15,25577.0,ratchet_stop,,none,5m_hi_confirm_1m_close,0,89.25,88.75,0.5,41,129.5,28.75,1,0,0,F3_0935_RATCHET_HI_T333,,,,,,
H26,2026-01-23,SHORT,1m_confirm_5mHI,0935,F3,0,25694.0605,,,,-5.0,-0.802518,25652.5,25585.25,25618.875,67.25,3.33,25428.5575,25654.5,25623.5,,,,,6,2,09:35,25592.5,0,16,4,09:45,25626.75,ratchet_stop,,none,5m_hi_confirm_1m_close,0,-34.25,-34.75,0.5,11,30.0,47.5,0,0,0,F3_0935_RATCHET_HI_T333,,,,,,
H26,2026-01-27,SHORT,1m_confirm_5mHI,0935,F3,0,26048.035,,,,-6.0,-0.793903,26012.5,25955.0,25983.75,57.5,3.33,25821.025,26014.5,25972.25,,,,,6,2,09:35,25962.0,0,16,4,09:45,25974.0,ratchet_stop,,none,5m_hi_confirm_1m_close,0,-12.0,-12.5,0.5,11,44.75,21.75,0,0,0,F3_0935_RATCHET_HI_T333,,,,,,
H26,2026-01-29,SHORT,1m_confirm_5mHI,0935,F3,0,26231.547,,,,-6.0,-0.65788,26175.0,26083.5,26129.25,91.5,3.33,25870.305,26177.0,26008.25,,,,,6,2,09:35,26098.0,0,30,6,09:59,25870.305,target_3.33,,none,5m_hi_confirm_1m_close,0,227.695,227.195,0.5,25,240.0,2.75,1,1,0,F3_0935_RATCHET_HI_T333,,,,,,
H26,2026-02-03,SHORT,1m_confirm_5mHI,0935,F3,0,26022.393,,,,-5.0,-0.029144,25952.25,25838.75,25895.5,113.5,3.33,25574.295,25954.25,25799.5,,,,,6,2,09:35,25875.75,0,33,7,10:02,25574.295,target_3.33,,none,5m_hi_confirm_1m_close,0,301.455,300.955,0.5,28,304.5,17.5,1,1,0,F3_0935_RATCHET_HI_T333,,,,,,
H26,2026-02-11,SHORT,1m_confirm_5mHI,0935,F3,0,25526.5865,,,,-6.0,-0.813482,25465.25,25366.0,25415.625,99.25,3.33,25134.7475,25467.25,25416.5,,,,,6,2,09:35,25386.5,0,16,4,09:45,25425.75,ratchet_stop,,none,5m_hi_confirm_1m_close,0,-39.25,-39.75,0.5,11,47.25,39.75,0,0,0,F3_0935_RATCHET_HI_T333,,,,,,
H26,2026-02-18,SHORT,1m_confirm_5mHI,0935,F3,0,24884.2715,,,,-6.0,-0.471859,24833.75,24752.0,24792.875,81.75,3.33,24561.5225,24835.75,24835.75,,,,,6,2,09:35,24769.0,0,13,3,09:42,24841.5,init_stop,,none,5m_hi_confirm_1m_close,0,-72.5,-73.0,0.5,8,13.25,76.0,0,0,0,F3_0935_RATCHET_HI_T333,,,,,,
H26,2026-02-24,SHORT,1m_confirm_5mHI,0935,F3,0,24898.4605,,,,-5.0,-0.07466,24826.0,24708.75,24767.375,117.25,3.33,24435.5575,24828.0,24828.0,,,,,6,2,09:35,24739.0,0,11,3,09:40,24838.75,init_stop,,none,5m_hi_confirm_1m_close,0,-99.75,-100.25,0.5,6,44.5,104.5,0,0,0,F3_0935_RATCHET_HI_T333,,,,,,
H26,2026-02-26,SHORT,1m_confirm_5mHI,0935,F3,0,25395.148,,,,-7.0,-0.21623,25342.0,25256.0,25299.0,86.0,3.33,25055.62,25344.0,25178.0,,,,,6,2,09:35,25272.25,0,46,10,10:15,25055.62,target_3.33,,none,5m_hi_confirm_1m_close,0,216.63,216.13,0.5,41,246.75,23.5,1,1,0,F3_0935_RATCHET_HI_T333,,,,,,
M26,2026-03-27,SHORT,1m_confirm_5mHI,0935,F3,0,23730.2805,,,,-7.0,-0.385654,23664.0,23556.75,23610.375,107.25,3.33,23306.8575,23666.0,23613.0,,,,,6,2,09:35,23564.75,0,16,4,09:45,23619.5,ratchet_stop,,none,5m_hi_confirm_1m_close,0,-54.75,-55.25,0.5,11,32.75,65.25,0,0,0,F3_0935_RATCHET_HI_T333,,,,,,
M26,2026-03-30,SHORT,1m_confirm_5mHI,0935,F3,0,23588.1535,,,,-6.0,-0.714987,23538.25,23457.5,23497.875,80.75,3.33,23269.3525,23540.25,23340.75,,,,,6,2,09:35,23463.75,0,42,9,10:11,23355.25,ratchet_stop,,none,5m_hi_confirm_1m_close,0,108.5,108.0,0.5,37,171.0,3.5,1,0,0,F3_0935_RATCHET_HI_T333,,,,,,
M26,2026-04-07,SHORT,1m_confirm_5mHI,0935,F3,0,24375.98,,,,-7.0,-0.380328,24308.0,24198.0,24253.0,110.0,3.33,23941.7,24310.0,24044.0,,,,,6,2,09:35,24221.25,0,51,11,10:20,24067.25,ratchet_stop,,none,5m_hi_confirm_1m_close,0,154.0,153.5,0.5,46,227.25,42.75,1,0,0,F3_0935_RATCHET_HI_T333,,,,,,
M26,2026-04-09,SHORT,1m_confirm_5mHI,0935,F3,0,25155.721,,,,-7.0,-0.667477,25103.5,25019.0,25061.25,84.5,3.33,24822.115,25105.5,25079.0,,,,,6,2,09:35,25028.5,0,16,4,09:45,25096.25,ratchet_stop,,none,5m_hi_confirm_1m_close,0,-67.75,-68.25,0.5,11,7.25,83.0,0,0,0,F3_0935_RATCHET_HI_T333,,,,,,
M26,2026-04-22,SHORT,1m_confirm_5mHI,0935,F3,0,26941.7265,,,,-7.0,-0.41297,26892.75,26813.5,26853.125,79.25,3.33,26628.8475,26894.75,26851.0,,,,,6,2,09:35,26823.25,0,16,4,09:45,26862.5,ratchet_stop,,none,5m_hi_confirm_1m_close,0,-39.25,-39.75,0.5,11,6.25,42.5,0,0,0,F3_0935_RATCHET_HI_T333,,,,,,
M26,2026-04-27,SHORT,1m_confirm_5mHI,0935,F3,0,27479.9595,,,,-7.0,-0.497537,27435.0,27362.25,27398.625,72.75,3.33,27192.7425,27437.0,27388.25,,,,,6,2,09:35,27369.0,0,28,6,09:57,27394.25,ratchet_stop,,none,5m_hi_confirm_1m_close,0,-25.25,-25.75,0.5,23,70.5,44.25,0,0,0,F3_0935_RATCHET_HI_T333,,,,,,
M26,2026-04-30,SHORT,1m_confirm_5mHI,0935,F3,0,27584.3545,,,,-8.0,-0.401337,27491.5,27341.25,27416.375,150.25,3.33,26991.1675,27493.5,27265.25,,,,,6,2,09:35,27345.0,0,36,8,10:05,27277.0,ratchet_stop,,none,5m_hi_confirm_1m_close,0,68.0,67.5,0.5,31,142.0,28.0,0,0,0,F3_0935_RATCHET_HI_T333,,,,,,
M26,2026-05-18,SHORT,1m_confirm_5mHI,0935,F3,0,29405.69,,,,-5.0,-0.532795,29356.25,29276.25,29316.25,80.0,3.33,29089.85,29358.25,29206.0,,,,,6,2,09:35,29288.0,0,26,6,09:55,29278.25,ratchet_stop,,none,5m_hi_confirm_1m_close,0,9.75,9.25,0.5,21,153.0,13.75,1,0,0,F3_0935_RATCHET_HI_T333,,,,,,
M26,2026-05-26,SHORT,1m_confirm_5mHI,0935,F3,0,29992.474,,,,-7.0,-0.72972,29935.0,29842.0,29888.5,93.0,3.33,29625.31,29937.0,29864.75,,,,,6,2,09:35,29853.5,0,16,4,09:45,29962.25,ratchet_stop,,none,5m_hi_confirm_1m_close,0,-108.75,-109.25,0.5,11,26.75,109.75,0,0,0,F3_0935_RATCHET_HI_T333,,,,,,
M26,2026-05-27,SHORT,1m_confirm_5mHI,0935,F3,0,30232.9425,,,,-6.0,-0.012362,30192.0,30125.75,30158.875,66.25,3.33,29971.3875,30194.0,30194.0,,,,,6,2,09:35,30140.0,0,15,3,09:44,29971.3875,target_3.33,,none,5m_hi_confirm_1m_close,0,168.6125,168.1125,0.5,10,175.0,13.5,1,1,0,F3_0935_RATCHET_HI_T333,,,,,,
M26,2026-05-29,SHORT,1m_confirm_5mHI,0935,F3,0,30463.8525,,,,-5.0,-0.897001,30426.0,30364.75,30395.375,61.25,3.33,30222.0375,30428.0,30428.0,,,,,6,2,09:35,30375.0,0,8,2,09:37,30433.0,init_stop,,none,5m_hi_confirm_1m_close,0,-58.0,-58.5,0.5,3,5.25,60.5,0,0,0,F3_0935_RATCHET_HI_T333,,,,,,
M26,2026-06-02,SHORT,1m_confirm_5mHI,0935,F3,0,30630.0135,,,,-8.0,-0.277285,30567.75,30467.0,30517.375,100.75,3.33,30232.2525,30569.75,30489.25,,,,,6,2,09:35,30476.75,0,16,4,09:45,30507.75,ratchet_stop,,none,5m_hi_confirm_1m_close,0,-31.0,-31.5,0.5,11,53.0,45.25,0,0,0,F3_0935_RATCHET_HI_T333,,,,,,
M26,2026-06-03,SHORT,1m_confirm_5mHI,0935,F3,0,30865.6875,,,,-6.0,-0.980843,30807.75,30714.0,30760.875,93.75,3.33,30495.5625,30809.75,30625.0,,,,,6,2,09:35,30715.0,0,33,7,10:02,30631.25,ratchet_stop,,none,5m_hi_confirm_1m_close,0,83.75,83.25,0.5,28,219.0,22.5,1,0,0,F3_0935_RATCHET_HI_T333,,,,,,
M26,2026-06-08,SHORT,1m_confirm_5mHI,0935,F3,0,29690.296,,,,-7.0,-0.860368,29584.0,29412.0,29498.0,172.0,3.33,29011.24,29586.0,29499.5,,,,,6,2,09:35,29418.25,0,16,4,09:45,29521.5,ratchet_stop,,none,5m_hi_confirm_1m_close,0,-103.25,-103.75,0.5,11,20.75,137.75,0,0,0,F3_0935_RATCHET_HI_T333,,,,,,
M26,2026-06-09,SHORT,1m_confirm_5mHI,0935,F3,0,29818.9155,,,,-7.0,-0.227781,29748.0,29633.25,29690.625,114.75,3.33,29365.8825,29750.0,29750.0,,,,,6,2,09:35,29650.75,0,14,3,09:43,29750.75,init_stop,,none,5m_hi_confirm_1m_close,0,-100.0,-100.5,0.5,9,3.0,106.5,0,0,0,F3_0935_RATCHET_HI_T333,,,,,,
M26,2026-06-10,SHORT,1m_confirm_5mHI,0935,F3,0,29061.5545,,,,-7.0,-0.943786,28953.25,28778.0,28865.625,175.25,3.33,28369.6675,28955.25,28955.25,,,,,6,2,09:35,28781.0,0,8,2,09:37,28963.0,init_stop,,none,5m_hi_confirm_1m_close,0,-182.0,-182.5,0.5,3,8.5,182.5,0,0,0,F3_0935_RATCHET_HI_T333,,,,,,
M26,2026-06-11,SHORT,1m_confirm_5mHI,0935,F3,0,28857.4745,,,,-7.0,-0.358151,28786.25,28671.0,28728.625,115.25,3.33,28402.4675,28788.25,28785.25,,,,,6,2,09:35,28687.25,0,16,4,09:45,28817.75,ratchet_stop,,none,5m_hi_confirm_1m_close,0,-130.5,-131.0,0.5,11,36.5,133.25,0,0,0,F3_0935_RATCHET_HI_T333,,,,,,
U26,2026-06-18,SHORT,1m_confirm_5mHI,0935,F3,0,30697.8485,,,,-8.0,-0.802222,30615.5,30482.25,30548.875,133.25,3.33,30171.7775,30617.5,30483.5,,,,,6,2,09:35,30486.25,0,21,5,09:50,30492.0,ratchet_stop,,none,5m_hi_confirm_1m_close,0,-5.75,-6.25,0.5,16,95.25,23.75,0,0,0,F3_0935_RATCHET_HI_T333,,,,,,
U26,2026-06-25,SHORT,1m_confirm_5mHI,0935,F3,0,30287.554,,,,-7.0,-0.333068,30193.0,30040.0,30116.5,153.0,3.33,29683.51,30195.0,30090.5,,,,,6,2,09:35,30057.75,0,17,4,09:46,29683.51,target_3.33,,none,5m_hi_confirm_1m_close,0,374.24,373.74,0.5,12,470.25,32.75,1,1,0,F3_0935_RATCHET_HI_T333,,,,,,
U26,2026-07-01,SHORT,1m_confirm_5mHI,0935,F3,0,30355.9445,,,,-8.0,-0.690181,30260.0,30104.75,30182.375,155.25,3.33,29743.0175,30262.0,30162.5,,,,,6,2,09:35,30117.25,0,17,4,09:46,30197.5,ratchet_stop,,none,5m_hi_confirm_1m_close,0,-80.25,-80.75,0.5,12,29.5,90.0,0,0,0,F3_0935_RATCHET_HI_T333,,,,,,
U26,2026-07-07,SHORT,1m_confirm_5mHI,0935,F3,0,29791.119,,,,-7.0,-0.793934,29685.75,29515.25,29600.5,170.5,3.33,29117.985,29687.75,29274.75,,,,,6,2,09:35,29532.0,0,81,17,10:50,29275.0,ratchet_stop,,none,5m_hi_confirm_1m_close,0,257.0,256.5,0.5,76,322.0,75.0,1,0,0,F3_0935_RATCHET_HI_T333,,,,,,
U26,2026-07-13,SHORT,1m_confirm_5mHI,0935,F3,0,29802.449,,,,-7.0,-0.493283,29737.25,29631.75,29684.5,105.5,3.33,29385.935,29739.25,29600.75,,,,,6,2,09:35,29646.25,0,29,6,09:58,29607.25,ratchet_stop,,none,5m_hi_confirm_1m_close,0,39.0,38.5,0.5,24,128.25,27.25,0,0,0,F3_0935_RATCHET_HI_T333,,,,,,
U26,2026-07-14,SHORT,1m_confirm_5mHI,0935,F3,0,29893.618,,,,-8.0,-0.274942,29815.75,29689.75,29752.75,126.0,3.33,29396.17,29817.75,29781.0,,,,,6,2,09:35,29693.0,0,29,6,09:58,29783.0,ratchet_stop,,none,5m_hi_confirm_1m_close,0,-90.0,-90.5,0.5,24,8.0,115.5,0,0,0,F3_0935_RATCHET_HI_T333,,,,,,
U26,2026-07-16,SHORT,1m_confirm_5mHI,0935,F3,0,29595.1905,,,,-6.0,-0.94826,29532.0,29429.75,29480.875,102.25,3.33,29191.5075,29534.0,29342.75,,,,,6,2,09:35,29435.5,0,30,6,09:59,29347.5,ratchet_stop,,none,5m_hi_confirm_1m_close,0,88.0,87.5,0.5,25,180.0,35.5,1,0,0,F3_0935_RATCHET_HI_T333,,,,,,
U26,2026-07-17,SHORT,1m_confirm_5mHI,0935,F3,0,28776.3825,,,,-6.0,-0.82075,28686.0,28539.75,28612.875,146.25,3.33,28198.9875,28688.0,28512.0,,,,,6,2,09:35,28554.75,0,21,5,09:50,28520.75,ratchet_stop,,none,5m_hi_confirm_1m_close,0,34.0,33.5,0.5,16,146.5,16.5,0,0,0,F3_0935_RATCHET_HI_T333,,,,,,
U26,2026-07-21,SHORT,1m_confirm_5mHI,0935,F3,0,29316.2385,,,,-7.0,-0.461546,29246.25,29133.0,29189.625,113.25,3.33,28869.1275,29248.25,29153.5,,,,,6,2,09:35,29147.0,0,31,7,10:00,29170.0,ratchet_stop,,none,5m_hi_confirm_1m_close,0,-23.0,-23.5,0.5,26,54.5,79.0,0,0,0,F3_0935_RATCHET_HI_T333,,,,,,
U26,2026-07-28,SHORT,1m_confirm_5mHI,0935,F3,0,28066.6235,,,,-5.0,-0.525227,27992.0,27871.25,27931.625,120.75,3.33,27589.9025,27994.0,27720.5,,,,,6,2,09:35,27876.0,0,36,8,10:05,27766.25,ratchet_stop,,none,5m_hi_confirm_1m_close,0,109.75,109.25,0.5,31,234.25,50.25,1,0,0,F3_0935_RATCHET_HI_T333,,,,,,
U26,2026-08-10,SHORT,1m_confirm_5mHI,0935,F3,0,29906.4855,,,,-7.0,-0.909454,29841.75,29737.0,29789.375,104.75,3.33,29492.9325,29843.75,29811.25,,,,,6,2,09:35,29741.25,0,20,4,09:49,29817.75,ratchet_stop,,none,5m_hi_confirm_1m_close,0,-76.5,-77.0,0.5,15,22.5,86.75,0,0,0,F3_0935_RATCHET_HI_T333,,,,,,
U26,2026-08-11,SHORT,1m_confirm_5mHI,0935,F3,0,29914.188,,,,-8.0,-0.335205,29842.5,29726.5,29784.5,116.0,3.33,29456.22,29844.5,29725.0,,,,,6,2,09:35,29736.75,0,30,6,09:59,29732.75,ratchet_stop,,none,5m_hi_confirm_1m_close,0,4.0,3.5,0.5,25,105.0,19.5,0,0,0,F3_0935_RATCHET_HI_T333,,,,,,
U26,2026-08-12,SHORT,1m_confirm_5mHI,0935,F3,0,30078.382,,,,-8.0,-0.443299,30001.75,29877.75,29939.75,124.0,3.33,29588.83,30003.75,29946.25,,,,,6,2,09:35,29878.5,0,19,4,09:48,29969.0,ratchet_stop,,none,5m_hi_confirm_1m_close,0,-90.5,-91.0,0.5,14,25.25,92.25,0,0,0,F3_0935_RATCHET_HI_T333,,,,,,
U26,2026-08-14,SHORT,1m_confirm_5mHI,0935,F3,0,30308.8975,,,,-5.0,-0.843128,30269.5,30205.75,30237.625,63.75,3.33,30057.2125,30271.5,30222.0,,,,,6,2,09:35,30206.0,0,16,4,09:45,30265.75,ratchet_stop,,none,5m_hi_confirm_1m_close,0,-59.75,-60.25,0.5,11,36.25,69.25,0,0,0,F3_0935_RATCHET_HI_T333,,,,,,
U26,2026-08-17,SHORT,1m_confirm_5mHI,0935,F3,0,30312.35,,,,-5.0,-0.817748,30266.0,30191.0,30228.5,75.0,3.33,30016.25,30268.0,30230.5,,,,,6,2,09:35,30197.25,0,22,5,09:51,30245.0,ratchet_stop,,none,5m_hi_confirm_1m_close,0,-47.75,-48.25,0.5,17,31.75,50.5,0,0,0,F3_0935_RATCHET_HI_T333,,,,,,
U26,2026-08-19,SHORT,1m_confirm_5mHI,0935,F3,0,29800.9965,,,,-5.0,-0.435983,29742.75,29648.5,29695.625,94.25,3.33,29428.8975,29744.75,29628.75,,,,,6,2,09:35,29673.5,0,22,5,09:51,29428.8975,target_3.33,,none,5m_hi_confirm_1m_close,0,244.6025,244.1025,0.5,17,267.0,14.75,1,1,0,F3_0935_RATCHET_HI_T333,,,,,,
U26,2026-08-21,SHORT,1m_confirm_5mHI,0935,F3,0,29549.0785,,,,-8.0,-0.72187,29476.0,29357.75,29416.875,118.25,3.33,29082.2275,29478.0,29320.25,,,,,6,2,09:35,29363.0,0,36,8,10:05,29320.75,ratchet_stop,,none,5m_hi_confirm_1m_close,0,42.25,41.75,0.5,31,107.25,10.5,0,0,0,F3_0935_RATCHET_HI_T333,,,,,,
H26,2025-12-17,SHORT,1m_confirm_5mHI,0935,F3,0,25481.431,,,,-8.0,-0.564224,25447.75,25393.25,25420.5,54.5,4.23,25217.215,25449.75,25337.5,,,,,6,2,09:35,25401.0,0,29,6,09:58,25338.5,ratchet_stop,,none,5m_hi_confirm_1m_close,0,62.5,62.0,0.5,24,155.5,5.75,1,1,0,F3_0935_RATCHET_HI_T423,,,,,,
H26,2025-12-18,SHORT,1m_confirm_5mHI,0935,F3,0,25374.7685,,,,-6.0,-0.772303,25329.5,25256.25,25292.875,73.25,4.23,25019.6525,25331.5,25227.5,,,,,6,2,09:35,25270.0,0,23,5,09:52,25237.0,ratchet_stop,,none,5m_hi_confirm_1m_close,0,33.0,32.5,0.5,18,108.75,4.5,0,0,0,F3_0935_RATCHET_HI_T423,,,,,,
H26,2025-12-22,SHORT,1m_confirm_5mHI,0935,F3,0,25856.859,,,,-7.0,-0.506942,25794.75,25694.25,25744.5,100.5,4.23,25369.635,25796.75,25720.5,,,,,6,2,09:35,25706.25,0,22,5,09:51,25734.0,ratchet_stop,,none,5m_hi_confirm_1m_close,0,-27.75,-28.25,0.5,17,34.0,38.0,0,0,0,F3_0935_RATCHET_HI_T423,,,,,,
H26,2026-01-05,SHORT,1m_confirm_5mHI,0935,F3,0,25728.5835,,,,-7.0,-0.844601,25672.5,25581.75,25627.125,90.75,4.23,25288.6275,25674.5,25607.5,,,,,6,2,09:35,25590.25,0,16,4,09:45,25624.25,ratchet_stop,,none,5m_hi_confirm_1m_close,0,-34.0,-34.5,0.5,11,51.75,40.5,0,0,0,F3_0935_RATCHET_HI_T423,,,,,,
H26,2026-01-08,SHORT,1m_confirm_5mHI,0935,F3,0,25871.289,,,,-8.0,-0.241331,25803.0,25692.5,25747.75,110.5,4.23,25335.585,25805.0,25658.5,,,,,6,2,09:35,25705.5,0,39,8,10:08,25671.25,ratchet_stop,,none,5m_hi_confirm_1m_close,0,34.25,33.75,0.5,34,136.5,24.75,0,0,0,F3_0935_RATCHET_HI_T423,,,,,,
H26,2026-01-15,SHORT,1m_confirm_5mHI,0935,F3,0,25986.42,,,,-5.0,-0.511924,25946.25,25881.25,25913.75,65.0,4.23,25671.3,25948.25,25895.75,,,,,6,2,09:35,25888.75,0,16,4,09:45,25906.5,ratchet_stop,,none,5m_hi_confirm_1m_close,0,-17.75,-18.25,0.5,11,35.25,64.0,0,0,0,F3_0935_RATCHET_HI_T423,,,,,,
H26,2026-01-21,SHORT,1m_confirm_5mHI,0935,F3,0,25268.364,,,,-6.0,-0.259412,25223.25,25150.25,25186.75,73.0,4.23,24914.46,25225.25,25219.75,,,,,6,2,09:35,25163.75,0,18,4,09:47,25234.75,ratchet_stop,,none,5m_hi_confirm_1m_close,0,-71.0,-71.5,0.5,13,36.25,74.25,0,0,0,F3_0935_RATCHET_HI_T423,,,,,,
H26,2026-01-22,SHORT,1m_confirm_5mHI,0935,F3,0,25773.156,,,,-9.0,-0.333606,25731.75,25664.75,25698.25,67.0,4.23,25448.34,25733.75,25569.25,,,,,6,2,09:35,25666.25,0,46,10,10:15,25577.0,ratchet_stop,,none,5m_hi_confirm_1m_close,0,89.25,88.75,0.5,41,129.5,28.75,1,0,0,F3_0935_RATCHET_HI_T423,,,,,,
H26,2026-01-23,SHORT,1m_confirm_5mHI,0935,F3,0,25694.0605,,,,-5.0,-0.802518,25652.5,25585.25,25618.875,67.25,4.23,25368.0325,25654.5,25623.5,,,,,6,2,09:35,25592.5,0,16,4,09:45,25626.75,ratchet_stop,,none,5m_hi_confirm_1m_close,0,-34.25,-34.75,0.5,11,30.0,47.5,0,0,0,F3_0935_RATCHET_HI_T423,,,,,,
H26,2026-01-27,SHORT,1m_confirm_5mHI,0935,F3,0,26048.035,,,,-6.0,-0.793903,26012.5,25955.0,25983.75,57.5,4.23,25769.275,26014.5,25972.25,,,,,6,2,09:35,25962.0,0,16,4,09:45,25974.0,ratchet_stop,,none,5m_hi_confirm_1m_close,0,-12.0,-12.5,0.5,11,44.75,21.75,0,0,0,F3_0935_RATCHET_HI_T423,,,,,,
H26,2026-01-29,SHORT,1m_confirm_5mHI,0935,F3,0,26231.547,,,,-6.0,-0.65788,26175.0,26083.5,26129.25,91.5,4.23,25787.955,26177.0,25988.25,,,,,6,2,09:35,26098.0,0,32,7,10:01,25787.955,target_4.23,,none,5m_hi_confirm_1m_close,0,310.045,309.545,0.5,27,313.5,2.75,1,1,1,F3_0935_RATCHET_HI_T423,,,,,,
H26,2026-02-03,SHORT,1m_confirm_5mHI,0935,F3,0,26022.393,,,,-5.0,-0.029144,25952.25,25838.75,25895.5,113.5,4.23,25472.145,25954.25,25594.0,,,,,6,2,09:35,25875.75,0,56,12,10:25,25472.145,target_4.23,,none,5m_hi_confirm_1m_close,0,403.605,403.105,0.5,51,405.5,17.5,1,1,1,F3_0935_RATCHET_HI_T423,,,,,,
H26,2026-02-11,SHORT,1m_confirm_5mHI,0935,F3,0,25526.5865,,,,-6.0,-0.813482,25465.25,25366.0,25415.625,99.25,4.23,25045.4225,25467.25,25416.5,,,,,6,2,09:35,25386.5,0,16,4,09:45,25425.75,ratchet_stop,,none,5m_hi_confirm_1m_close,0,-39.25,-39.75,0.5,11,47.25,39.75,0,0,0,F3_0935_RATCHET_HI_T423,,,,,,
H26,2026-02-18,SHORT,1m_confirm_5mHI,0935,F3,0,24884.2715,,,,-6.0,-0.471859,24833.75,24752.0,24792.875,81.75,4.23,24487.9475,24835.75,24835.75,,,,,6,2,09:35,24769.0,0,13,3,09:42,24841.5,init_stop,,none,5m_hi_confirm_1m_close,0,-72.5,-73.0,0.5,8,13.25,76.0,0,0,0,F3_0935_RATCHET_HI_T423,,,,,,
H26,2026-02-24,SHORT,1m_confirm_5mHI,0935,F3,0,24898.4605,,,,-5.0,-0.07466,24826.0,24708.75,24767.375,117.25,4.23,24330.0325,24828.0,24828.0,,,,,6,2,09:35,24739.0,0,11,3,09:40,24838.75,init_stop,,none,5m_hi_confirm_1m_close,0,-99.75,-100.25,0.5,6,44.5,104.5,0,0,0,F3_0935_RATCHET_HI_T423,,,,,,
H26,2026-02-26,SHORT,1m_confirm_5mHI,0935,F3,0,25395.148,,,,-7.0,-0.21623,25342.0,25256.0,25299.0,86.0,4.23,24978.22,25344.0,25178.0,,,,,6,2,09:35,25272.25,0,49,10,10:18,24978.22,target_4.23,,none,5m_hi_confirm_1m_close,0,294.03,293.53,0.5,44,307.25,23.5,1,1,1,F3_0935_RATCHET_HI_T423,,,,,,
M26,2026-03-27,SHORT,1m_confirm_5mHI,0935,F3,0,23730.2805,,,,-7.0,-0.385654,23664.0,23556.75,23610.375,107.25,4.23,23210.3325,23666.0,23613.0,,,,,6,2,09:35,23564.75,0,16,4,09:45,23619.5,ratchet_stop,,none,5m_hi_confirm_1m_close,0,-54.75,-55.25,0.5,11,32.75,65.25,0,0,0,F3_0935_RATCHET_HI_T423,,,,,,
M26,2026-03-30,SHORT,1m_confirm_5mHI,0935,F3,0,23588.1535,,,,-6.0,-0.714987,23538.25,23457.5,23497.875,80.75,4.23,23196.6775,23540.25,23340.75,,,,,6,2,09:35,23463.75,0,42,9,10:11,23355.25,ratchet_stop,,none,5m_hi_confirm_1m_close,0,108.5,108.0,0.5,37,171.0,3.5,1,0,0,F3_0935_RATCHET_HI_T423,,,,,,
M26,2026-04-07,SHORT,1m_confirm_5mHI,0935,F3,0,24375.98,,,,-7.0,-0.380328,24308.0,24198.0,24253.0,110.0,4.23,23842.7,24310.0,24044.0,,,,,6,2,09:35,24221.25,0,51,11,10:20,24067.25,ratchet_stop,,none,5m_hi_confirm_1m_close,0,154.0,153.5,0.5,46,227.25,42.75,1,0,0,F3_0935_RATCHET_HI_T423,,,,,,
M26,2026-04-09,SHORT,1m_confirm_5mHI,0935,F3,0,25155.721,,,,-7.0,-0.667477,25103.5,25019.0,25061.25,84.5,4.23,24746.065,25105.5,25079.0,,,,,6,2,09:35,25028.5,0,16,4,09:45,25096.25,ratchet_stop,,none,5m_hi_confirm_1m_close,0,-67.75,-68.25,0.5,11,7.25,83.0,0,0,0,F3_0935_RATCHET_HI_T423,,,,,,
M26,2026-04-22,SHORT,1m_confirm_5mHI,0935,F3,0,26941.7265,,,,-7.0,-0.41297,26892.75,26813.5,26853.125,79.25,4.23,26557.5225,26894.75,26851.0,,,,,6,2,09:35,26823.25,0,16,4,09:45,26862.5,ratchet_stop,,none,5m_hi_confirm_1m_close,0,-39.25,-39.75,0.5,11,6.25,42.5,0,0,0,F3_0935_RATCHET_HI_T423,,,,,,
M26,2026-04-27,SHORT,1m_confirm_5mHI,0935,F3,0,27479.9595,,,,-7.0,-0.497537,27435.0,27362.25,27398.625,72.75,4.23,27127.2675,27437.0,27388.25,,,,,6,2,09:35,27369.0,0,28,6,09:57,27394.25,ratchet_stop,,none,5m_hi_confirm_1m_close,0,-25.25,-25.75,0.5,23,70.5,44.25,0,0,0,F3_0935_RATCHET_HI_T423,,,,,,
M26,2026-04-30,SHORT,1m_confirm_5mHI,0935,F3,0,27584.3545,,,,-8.0,-0.401337,27491.5,27341.25,27416.375,150.25,4.23,26855.9425,27493.5,27265.25,,,,,6,2,09:35,27345.0,0,36,8,10:05,27277.0,ratchet_stop,,none,5m_hi_confirm_1m_close,0,68.0,67.5,0.5,31,142.0,28.0,0,0,0,F3_0935_RATCHET_HI_T423,,,,,,
M26,2026-05-18,SHORT,1m_confirm_5mHI,0935,F3,0,29405.69,,,,-5.0,-0.532795,29356.25,29276.25,29316.25,80.0,4.23,29017.85,29358.25,29206.0,,,,,6,2,09:35,29288.0,0,26,6,09:55,29278.25,ratchet_stop,,none,5m_hi_confirm_1m_close,0,9.75,9.25,0.5,21,153.0,13.75,1,0,0,F3_0935_RATCHET_HI_T423,,,,,,
M26,2026-05-26,SHORT,1m_confirm_5mHI,0935,F3,0,29992.474,,,,-7.0,-0.72972,29935.0,29842.0,29888.5,93.0,4.23,29541.61,29937.0,29864.75,,,,,6,2,09:35,29853.5,0,16,4,09:45,29962.25,ratchet_stop,,none,5m_hi_confirm_1m_close,0,-108.75,-109.25,0.5,11,26.75,109.75,0,0,0,F3_0935_RATCHET_HI_T423,,,,,,
M26,2026-05-27,SHORT,1m_confirm_5mHI,0935,F3,0,30232.9425,,,,-6.0,-0.012362,30192.0,30125.75,30158.875,66.25,4.23,29911.7625,30194.0,30032.25,,,,,6,2,09:35,30140.0,0,28,6,09:57,30043.25,ratchet_stop,,none,5m_hi_confirm_1m_close,0,96.75,96.25,0.5,23,203.0,13.5,1,1,0,F3_0935_RATCHET_HI_T423,,,,,,
M26,2026-05-29,SHORT,1m_confirm_5mHI,0935,F3,0,30463.8525,,,,-5.0,-0.897001,30426.0,30364.75,30395.375,61.25,4.23,30166.9125,30428.0,30428.0,,,,,6,2,09:35,30375.0,0,8,2,09:37,30433.0,init_stop,,none,5m_hi_confirm_1m_close,0,-58.0,-58.5,0.5,3,5.25,60.5,0,0,0,F3_0935_RATCHET_HI_T423,,,,,,
M26,2026-06-02,SHORT,1m_confirm_5mHI,0935,F3,0,30630.0135,,,,-8.0,-0.277285,30567.75,30467.0,30517.375,100.75,4.23,30141.5775,30569.75,30489.25,,,,,6,2,09:35,30476.75,0,16,4,09:45,30507.75,ratchet_stop,,none,5m_hi_confirm_1m_close,0,-31.0,-31.5,0.5,11,53.0,45.25,0,0,0,F3_0935_RATCHET_HI_T423,,,,,,
M26,2026-06-03,SHORT,1m_confirm_5mHI,0935,F3,0,30865.6875,,,,-6.0,-0.980843,30807.75,30714.0,30760.875,93.75,4.23,30411.1875,30809.75,30625.0,,,,,6,2,09:35,30715.0,0,33,7,10:02,30631.25,ratchet_stop,,none,5m_hi_confirm_1m_close,0,83.75,83.25,0.5,28,219.0,22.5,1,0,0,F3_0935_RATCHET_HI_T423,,,,,,
M26,2026-06-08,SHORT,1m_confirm_5mHI,0935,F3,0,29690.296,,,,-7.0,-0.860368,29584.0,29412.0,29498.0,172.0,4.23,28856.44,29586.0,29499.5,,,,,6,2,09:35,29418.25,0,16,4,09:45,29521.5,ratchet_stop,,none,5m_hi_confirm_1m_close,0,-103.25,-103.75,0.5,11,20.75,137.75,0,0,0,F3_0935_RATCHET_HI_T423,,,,,,
M26,2026-06-09,SHORT,1m_confirm_5mHI,0935,F3,0,29818.9155,,,,-7.0,-0.227781,29748.0,29633.25,29690.625,114.75,4.23,29262.6075,29750.0,29750.0,,,,,6,2,09:35,29650.75,0,14,3,09:43,29750.75,init_stop,,none,5m_hi_confirm_1m_close,0,-100.0,-100.5,0.5,9,3.0,106.5,0,0,0,F3_0935_RATCHET_HI_T423,,,,,,
M26,2026-06-10,SHORT,1m_confirm_5mHI,0935,F3,0,29061.5545,,,,-7.0,-0.943786,28953.25,28778.0,28865.625,175.25,4.23,28211.9425,28955.25,28955.25,,,,,6,2,09:35,28781.0,0,8,2,09:37,28963.0,init_stop,,none,5m_hi_confirm_1m_close,0,-182.0,-182.5,0.5,3,8.5,182.5,0,0,0,F3_0935_RATCHET_HI_T423,,,,,,
M26,2026-06-11,SHORT,1m_confirm_5mHI,0935,F3,0,28857.4745,,,,-7.0,-0.358151,28786.25,28671.0,28728.625,115.25,4.23,28298.7425,28788.25,28785.25,,,,,6,2,09:35,28687.25,0,16,4,09:45,28817.75,ratchet_stop,,none,5m_hi_confirm_1m_close,0,-130.5,-131.0,0.5,11,36.5,133.25,0,0,0,F3_0935_RATCHET_HI_T423,,,,,,
U26,2026-06-18,SHORT,1m_confirm_5mHI,0935,F3,0,30697.8485,,,,-8.0,-0.802222,30615.5,30482.25,30548.875,133.25,4.23,30051.8525,30617.5,30483.5,,,,,6,2,09:35,30486.25,0,21,5,09:50,30492.0,ratchet_stop,,none,5m_hi_confirm_1m_close,0,-5.75,-6.25,0.5,16,95.25,23.75,0,0,0,F3_0935_RATCHET_HI_T423,,,,,,
U26,2026-06-25,SHORT,1m_confirm_5mHI,0935,F3,0,30287.554,,,,-7.0,-0.333068,30193.0,30040.0,30116.5,153.0,4.23,29545.81,30195.0,30090.5,,,,,6,2,09:35,30057.75,0,19,4,09:48,29545.81,target_4.23,,none,5m_hi_confirm_1m_close,0,511.94,511.44,0.5,14,527.5,32.75,1,1,1,F3_0935_RATCHET_HI_T423,,,,,,
U26,2026-07-01,SHORT,1m_confirm_5mHI,0935,F3,0,30355.9445,,,,-8.0,-0.690181,30260.0,30104.75,30182.375,155.25,4.23,29603.2925,30262.0,30162.5,,,,,6,2,09:35,30117.25,0,17,4,09:46,30197.5,ratchet_stop,,none,5m_hi_confirm_1m_close,0,-80.25,-80.75,0.5,12,29.5,90.0,0,0,0,F3_0935_RATCHET_HI_T423,,,,,,
U26,2026-07-07,SHORT,1m_confirm_5mHI,0935,F3,0,29791.119,,,,-7.0,-0.793934,29685.75,29515.25,29600.5,170.5,4.23,28964.535,29687.75,29274.75,,,,,6,2,09:35,29532.0,0,81,17,10:50,29275.0,ratchet_stop,,none,5m_hi_confirm_1m_close,0,257.0,256.5,0.5,76,322.0,75.0,1,0,0,F3_0935_RATCHET_HI_T423,,,,,,
U26,2026-07-13,SHORT,1m_confirm_5mHI,0935,F3,0,29802.449,,,,-7.0,-0.493283,29737.25,29631.75,29684.5,105.5,4.23,29290.985,29739.25,29600.75,,,,,6,2,09:35,29646.25,0,29,6,09:58,29607.25,ratchet_stop,,none,5m_hi_confirm_1m_close,0,39.0,38.5,0.5,24,128.25,27.25,0,0,0,F3_0935_RATCHET_HI_T423,,,,,,
U26,2026-07-14,SHORT,1m_confirm_5mHI,0935,F3,0,29893.618,,,,-8.0,-0.274942,29815.75,29689.75,29752.75,126.0,4.23,29282.77,29817.75,29781.0,,,,,6,2,09:35,29693.0,0,29,6,09:58,29783.0,ratchet_stop,,none,5m_hi_confirm_1m_close,0,-90.0,-90.5,0.5,24,8.0,115.5,0,0,0,F3_0935_RATCHET_HI_T423,,,,,,
U26,2026-07-16,SHORT,1m_confirm_5mHI,0935,F3,0,29595.1905,,,,-6.0,-0.94826,29532.0,29429.75,29480.875,102.25,4.23,29099.4825,29534.0,29342.75,,,,,6,2,09:35,29435.5,0,30,6,09:59,29347.5,ratchet_stop,,none,5m_hi_confirm_1m_close,0,88.0,87.5,0.5,25,180.0,35.5,1,0,0,F3_0935_RATCHET_HI_T423,,,,,,
U26,2026-07-17,SHORT,1m_confirm_5mHI,0935,F3,0,28776.3825,,,,-6.0,-0.82075,28686.0,28539.75,28612.875,146.25,4.23,28067.3625,28688.0,28512.0,,,,,6,2,09:35,28554.75,0,21,5,09:50,28520.75,ratchet_stop,,none,5m_hi_confirm_1m_close,0,34.0,33.5,0.5,16,146.5,16.5,0,0,0,F3_0935_RATCHET_HI_T423,,,,,,
U26,2026-07-21,SHORT,1m_confirm_5mHI,0935,F3,0,29316.2385,,,,-7.0,-0.461546,29246.25,29133.0,29189.625,113.25,4.23,28767.2025,29248.25,29153.5,,,,,6,2,09:35,29147.0,0,31,7,10:00,29170.0,ratchet_stop,,none,5m_hi_confirm_1m_close,0,-23.0,-23.5,0.5,26,54.5,79.0,0,0,0,F3_0935_RATCHET_HI_T423,,,,,,
U26,2026-07-28,SHORT,1m_confirm_5mHI,0935,F3,0,28066.6235,,,,-5.0,-0.525227,27992.0,27871.25,27931.625,120.75,4.23,27481.2275,27994.0,27720.5,,,,,6,2,09:35,27876.0,0,36,8,10:05,27766.25,ratchet_stop,,none,5m_hi_confirm_1m_close,0,109.75,109.25,0.5,31,234.25,50.25,1,0,0,F3_0935_RATCHET_HI_T423,,,,,,
U26,2026-08-10,SHORT,1m_confirm_5mHI,0935,F3,0,29906.4855,,,,-7.0,-0.909454,29841.75,29737.0,29789.375,104.75,4.23,29398.6575,29843.75,29811.25,,,,,6,2,09:35,29741.25,0,20,4,09:49,29817.75,ratchet_stop,,none,5m_hi_confirm_1m_close,0,-76.5,-77.0,0.5,15,22.5,86.75,0,0,0,F3_0935_RATCHET_HI_T423,,,,,,
U26,2026-08-11,SHORT,1m_confirm_5mHI,0935,F3,0,29914.188,,,,-8.0,-0.335205,29842.5,29726.5,29784.5,116.0,4.23,29351.82,29844.5,29725.0,,,,,6,2,09:35,29736.75,0,30,6,09:59,29732.75,ratchet_stop,,none,5m_hi_confirm_1m_close,0,4.0,3.5,0.5,25,105.0,19.5,0,0,0,F3_0935_RATCHET_HI_T423,,,,,,
U26,2026-08-12,SHORT,1m_confirm_5mHI,0935,F3,0,30078.382,,,,-8.0,-0.443299,30001.75,29877.75,29939.75,124.0,4.23,29477.23,30003.75,29946.25,,,,,6,2,09:35,29878.5,0,19,4,09:48,29969.0,ratchet_stop,,none,5m_hi_confirm_1m_close,0,-90.5,-91.0,0.5,14,25.25,92.25,0,0,0,F3_0935_RATCHET_HI_T423,,,,,,
U26,2026-08-14,SHORT,1m_confirm_5mHI,0935,F3,0,30308.8975,,,,-5.0,-0.843128,30269.5,30205.75,30237.625,63.75,4.23,29999.8375,30271.5,30222.0,,,,,6,2,09:35,30206.0,0,16,4,09:45,30265.75,ratchet_stop,,none,5m_hi_confirm_1m_close,0,-59.75,-60.25,0.5,11,36.25,69.25,0,0,0,F3_0935_RATCHET_HI_T423,,,,,,
U26,2026-08-17,SHORT,1m_confirm_5mHI,0935,F3,0,30312.35,,,,-5.0,-0.817748,30266.0,30191.0,30228.5,75.0,4.23,29948.75,30268.0,30230.5,,,,,6,2,09:35,30197.25,0,22,5,09:51,30245.0,ratchet_stop,,none,5m_hi_confirm_1m_close,0,-47.75,-48.25,0.5,17,31.75,50.5,0,0,0,F3_0935_RATCHET_HI_T423,,,,,,
U26,2026-08-19,SHORT,1m_confirm_5mHI,0935,F3,0,29800.9965,,,,-5.0,-0.435983,29742.75,29648.5,29695.625,94.25,4.23,29344.0725,29744.75,29462.0,,,,,6,2,09:35,29673.5,0,60,12,10:29,29482.5,ratchet_stop,,none,5m_hi_confirm_1m_close,0,191.0,190.5,0.5,55,297.75,14.75,1,1,0,F3_0935_RATCHET_HI_T423,,,,,,
U26,2026-08-21,SHORT,1m_confirm_5mHI,0935,F3,0,29549.0785,,,,-8.0,-0.72187,29476.0,29357.75,29416.875,118.25,4.23,28975.8025,29478.0,29320.25,,,,,6,2,09:35,29363.0,0,36,8,10:05,29320.75,ratchet_stop,,none,5m_hi_confirm_1m_close,0,42.25,41.75,0.5,31,107.25,10.5,0,0,0,F3_0935_RATCHET_HI_T423,,,,,,
H26,2025-12-17,SHORT,1m_confirm_5mHI,0935,F3,1,25481.431,,,,-8.0,-0.564224,25447.75,25393.25,25420.5,54.5,2.618,25305.069,25449.75,25449.75,,,,,6,2,09:35,25401.0,0,12,3,09:41,25305.069,target_2.618,,vwap,5m_hi_confirm_1m_close,6,95.931,95.431,0.5,7,96.0,5.75,1,0,0,F3_0935_INV1618_HOLD_VWAP_T2618,,,,,,
H26,2025-12-18,SHORT,1m_confirm_5mHI,0935,F3,1,25374.7685,,,,-6.0,-0.772303,25329.5,25256.25,25292.875,73.25,2.618,25137.7315,25331.5,25227.5,,,,,6,2,09:35,25270.0,0,23,5,09:52,25237.0,ratchet_stop,,vwap,5m_hi_confirm_1m_close,17,33.0,32.5,0.5,18,108.75,4.5,0,0,0,F3_0935_INV1618_HOLD_VWAP_T2618,,,,,,
H26,2025-12-22,SHORT,1m_confirm_5mHI,0935,F3,1,25856.859,,,,-7.0,-0.506942,25794.75,25694.25,25744.5,100.5,2.618,25531.641,25796.75,25727.5,,,,,6,2,09:35,25706.25,0,18,4,09:47,25720.0,hold_exit_above_dvwap,above_dvwap,vwap,5m_hi_confirm_1m_close,12,-13.75,-14.25,0.5,13,34.0,21.25,0,0,0,F3_0935_INV1618_HOLD_VWAP_T2618,,,,,,
H26,2026-01-05,SHORT,1m_confirm_5mHI,0935,F3,1,25728.5835,,,,-7.0,-0.844601,25672.5,25581.75,25627.125,90.75,2.618,25434.9165,25674.5,25674.5,,,,,6,2,09:35,25590.25,0,15,3,09:44,25602.0,hold_exit_above_dvwap,above_dvwap,vwap,5m_hi_confirm_1m_close,9,-11.75,-12.25,0.5,10,51.75,23.0,0,0,0,F3_0935_INV1618_HOLD_VWAP_T2618,,,,,,
H26,2026-01-08,SHORT,1m_confirm_5mHI,0935,F3,1,25871.289,,,,-8.0,-0.241331,25803.0,25692.5,25747.75,110.5,2.618,25513.711,25805.0,25658.5,,,,,6,2,09:35,25705.5,0,39,8,10:08,25671.25,ratchet_stop,,vwap,5m_hi_confirm_1m_close,33,34.25,33.75,0.5,34,136.5,24.75,0,0,0,F3_0935_INV1618_HOLD_VWAP_T2618,,,,,,
H26,2026-01-15,SHORT,1m_confirm_5mHI,0935,F3,1,25986.42,,,,-5.0,-0.511924,25946.25,25881.25,25913.75,65.0,2.618,25776.08,25948.25,25948.25,,,,,6,2,09:35,25888.75,0,14,3,09:43,25902.25,hold_exit_above_dvwap,above_dvwap,vwap,5m_hi_confirm_1m_close,8,-13.5,-14.0,0.5,9,35.25,22.0,0,0,0,F3_0935_INV1618_HOLD_VWAP_T2618,,,,,,
H26,2026-01-21,SHORT,1m_confirm_5mHI,0935,F3,1,25268.364,,,,-6.0,-0.259412,25223.25,25150.25,25186.75,73.0,2.618,25032.136,25225.25,25225.25,,,,,6,2,09:35,25163.75,0,8,2,09:37,25187.0,hold_exit_above_dvwap,above_dvwap,vwap,5m_hi_confirm_1m_close,2,-23.25,-23.75,0.5,3,22.0,27.5,0,0,0,F3_0935_INV1618_HOLD_VWAP_T2618,,,,,,
H26,2026-01-22,SHORT,1m_confirm_5mHI,0935,F3,1,25773.156,,,,-9.0,-0.333606,25731.75,25664.75,25698.25,67.0,2.618,25556.344,25733.75,25733.75,,,,,6,2,09:35,25666.25,0,8,2,09:37,25676.5,hold_exit_above_dvwap,above_dvwap,vwap,5m_hi_confirm_1m_close,2,-10.25,-10.75,0.5,3,33.0,11.5,0,0,0,F3_0935_INV1618_HOLD_VWAP_T2618,,,,,,
H26,2026-01-23,SHORT,1m_confirm_5mHI,0935,F3,1,25694.0605,,,,-5.0,-0.802518,25652.5,25585.25,25618.875,67.25,2.618,25476.4395,25654.5,25654.5,,,,,6,2,09:35,25592.5,0,12,3,09:41,25616.25,hold_exit_above_dvwap,above_dvwap,vwap,5m_hi_confirm_1m_close,6,-23.75,-24.25,0.5,7,30.0,31.0,0,0,0,F3_0935_INV1618_HOLD_VWAP_T2618,,,,,,
H26,2026-01-27,SHORT,1m_confirm_5mHI,0935,F3,1,26048.035,,,,-6.0,-0.793903,26012.5,25955.0,25983.75,57.5,2.618,25861.965,26014.5,26014.5,,,,,6,2,09:35,25962.0,0,12,3,09:41,25966.75,hold_exit_above_dvwap,above_dvwap,vwap,5m_hi_confirm_1m_close,6,-4.75,-5.25,0.5,7,44.75,10.25,0,0,0,F3_0935_INV1618_HOLD_VWAP_T2618,,,,,,
H26,2026-01-29,SHORT,1m_confirm_5mHI,0935,F3,1,26231.547,,,,-6.0,-0.65788,26175.0,26083.5,26129.25,91.5,2.618,25935.453,26177.0,26100.75,,,,,6,2,09:35,26098.0,0,16,4,09:45,25935.453,target_2.618,,vwap,5m_hi_confirm_1m_close,10,162.547,162.047,0.5,11,172.5,2.75,1,0,0,F3_0935_INV1618_HOLD_VWAP_T2618,,,,,,
H26,2026-02-03,SHORT,1m_confirm_5mHI,0935,F3,1,26022.393,,,,-5.0,-0.029144,25952.25,25838.75,25895.5,113.5,2.618,25655.107,25954.25,25811.75,,,,,6,2,09:35,25875.75,0,28,6,09:57,25655.107,target_2.618,,vwap,5m_hi_confirm_1m_close,22,220.643,220.143,0.5,23,223.0,17.5,1,0,0,F3_0935_INV1618_HOLD_VWAP_T2618,,,,,,
H26,2026-02-11,SHORT,1m_confirm_5mHI,0935,F3,1,25526.5865,,,,-6.0,-0.813482,25465.25,25366.0,25415.625,99.25,2.618,25205.4135,25467.25,25416.5,,,,,6,2,09:35,25386.5,0,16,4,09:45,25425.75,ratchet_stop,,vwap,5m_hi_confirm_1m_close,10,-39.25,-39.75,0.5,11,47.25,39.75,0,0,0,F3_0935_INV1618_HOLD_VWAP_T2618,,,,,,
H26,2026-02-18,SHORT,1m_confirm_5mHI,0935,F3,1,24884.2715,,,,-6.0,-0.471859,24833.75,24752.0,24792.875,81.75,2.618,24619.7285,24835.75,24835.75,,,,,6,2,09:35,24769.0,0,9,2,09:38,24825.75,hold_exit_above_dvwap,above_dvwap,vwap,5m_hi_confirm_1m_close,3,-56.75,-57.25,0.5,4,13.25,69.0,0,0,0,F3_0935_INV1618_HOLD_VWAP_T2618,,,,,,
H26,2026-02-24,SHORT,1m_confirm_5mHI,0935,F3,1,24898.4605,,,,-5.0,-0.07466,24826.0,24708.75,24767.375,117.25,2.618,24519.0395,24828.0,24828.0,,,,,6,2,09:35,24739.0,0,9,2,09:38,24797.0,hold_exit_above_dvwap,above_dvwap,vwap,5m_hi_confirm_1m_close,3,-58.0,-58.5,0.5,4,44.5,68.5,0,0,0,F3_0935_INV1618_HOLD_VWAP_T2618,,,,,,
H26,2026-02-26,SHORT,1m_confirm_5mHI,0935,F3,1,25395.148,,,,-7.0,-0.21623,25342.0,25256.0,25299.0,86.0,2.618,25116.852,25344.0,25210.75,,,,,6,2,09:35,25272.25,0,43,9,10:12,25116.852,target_2.618,,vwap,5m_hi_confirm_1m_close,37,155.398,154.898,0.5,38,185.0,23.5,1,0,0,F3_0935_INV1618_HOLD_VWAP_T2618,,,,,,
M26,2026-03-27,SHORT,1m_confirm_5mHI,0935,F3,1,23730.2805,,,,-7.0,-0.385654,23664.0,23556.75,23610.375,107.25,2.618,23383.2195,23666.0,23666.0,,,,,6,2,09:35,23564.75,0,9,2,09:38,23597.75,hold_exit_above_dvwap,above_dvwap,vwap,5m_hi_confirm_1m_close,3,-33.0,-33.5,0.5,4,32.75,41.5,0,0,0,F3_0935_INV1618_HOLD_VWAP_T2618,,,,,,
M26,2026-03-30,SHORT,1m_confirm_5mHI,0935,F3,1,23588.1535,,,,-6.0,-0.714987,23538.25,23457.5,23497.875,80.75,2.618,23326.8465,23540.25,23405.0,,,,,6,2,09:35,23463.75,0,26,6,09:55,23326.8465,target_2.618,,vwap,5m_hi_confirm_1m_close,20,136.9035,136.4035,0.5,21,140.75,3.5,1,0,0,F3_0935_INV1618_HOLD_VWAP_T2618,,,,,,
M26,2026-04-07,SHORT,1m_confirm_5mHI,0935,F3,1,24375.98,,,,-7.0,-0.380328,24308.0,24198.0,24253.0,110.0,2.618,24020.02,24310.0,24310.0,,,,,6,2,09:35,24221.25,0,7,2,09:36,24242.25,hold_exit_above_dvwap,above_dvwap,vwap,5m_hi_confirm_1m_close,1,-21.0,-21.5,0.5,2,19.5,37.0,0,0,0,F3_0935_INV1618_HOLD_VWAP_T2618,,,,,,
M26,2026-04-09,SHORT,1m_confirm_5mHI,0935,F3,1,25155.721,,,,-7.0,-0.667477,25103.5,25019.0,25061.25,84.5,2.618,24882.279,25105.5,25105.5,,,,,6,2,09:35,25028.5,0,10,2,09:39,25062.5,hold_exit_above_dvwap,above_dvwap,vwap,5m_hi_confirm_1m_close,4,-34.0,-34.5,0.5,5,7.25,50.5,0,0,0,F3_0935_INV1618_HOLD_VWAP_T2618,,,,,,
M26,2026-04-22,SHORT,1m_confirm_5mHI,0935,F3,1,26941.7265,,,,-7.0,-0.41297,26892.75,26813.5,26853.125,79.25,2.618,26685.2735,26894.75,26894.75,,,,,6,2,09:35,26823.25,0,14,3,09:43,26846.5,hold_exit_above_dvwap,above_dvwap,vwap,5m_hi_confirm_1m_close,8,-23.25,-23.75,0.5,9,6.25,38.75,0,0,0,F3_0935_INV1618_HOLD_VWAP_T2618,,,,,,
M26,2026-04-27,SHORT,1m_confirm_5mHI,0935,F3,1,27479.9595,,,,-7.0,-0.497537,27435.0,27362.25,27398.625,72.75,2.618,27244.5405,27437.0,27437.0,,,,,6,2,09:35,27369.0,0,7,2,09:36,27390.5,hold_exit_above_dvwap,above_dvwap,vwap,5m_hi_confirm_1m_close,1,-21.5,-22.0,0.5,2,15.5,25.0,0,0,0,F3_0935_INV1618_HOLD_VWAP_T2618,,,,,,
M26,2026-04-30,SHORT,1m_confirm_5mHI,0935,F3,1,27584.3545,,,,-8.0,-0.401337,27491.5,27341.25,27416.375,150.25,2.618,27098.1455,27493.5,27373.0,,,,,6,2,09:35,27345.0,0,16,4,09:45,27359.75,hold_exit_above_dvwap,above_dvwap,vwap,5m_hi_confirm_1m_close,10,-14.75,-15.25,0.5,11,74.0,28.0,0,0,0,F3_0935_INV1618_HOLD_VWAP_T2618,,,,,,
M26,2026-05-18,SHORT,1m_confirm_5mHI,0935,F3,1,29405.69,,,,-5.0,-0.532795,29356.25,29276.25,29316.25,80.0,2.618,29146.81,29358.25,29301.75,,,,,6,2,09:35,29288.0,0,16,4,09:45,29146.81,target_2.618,,vwap,5m_hi_confirm_1m_close,10,141.19,140.69,0.5,11,148.0,13.75,1,0,0,F3_0935_INV1618_HOLD_VWAP_T2618,,,,,,
M26,2026-05-26,SHORT,1m_confirm_5mHI,0935,F3,1,29992.474,,,,-7.0,-0.72972,29935.0,29842.0,29888.5,93.0,2.618,29691.526,29937.0,29937.0,,,,,6,2,09:35,29853.5,0,12,3,09:41,29903.5,hold_exit_above_dvwap,above_dvwap,vwap,5m_hi_confirm_1m_close,6,-50.0,-50.5,0.5,7,26.75,56.5,0,0,0,F3_0935_INV1618_HOLD_VWAP_T2618,,,,,,
M26,2026-05-27,SHORT,1m_confirm_5mHI,0935,F3,1,30232.9425,,,,-6.0,-0.012362,30192.0,30125.75,30158.875,66.25,2.618,30018.5575,30194.0,30194.0,,,,,6,2,09:35,30140.0,0,14,3,09:43,30018.5575,target_2.618,,vwap,5m_hi_confirm_1m_close,8,121.4425,120.9425,0.5,9,155.5,13.5,1,0,0,F3_0935_INV1618_HOLD_VWAP_T2618,,,,,,
M26,2026-05-29,SHORT,1m_confirm_5mHI,0935,F3,1,30463.8525,,,,-5.0,-0.897001,30426.0,30364.75,30395.375,61.25,2.618,30265.6475,30428.0,30428.0,,,,,6,2,09:35,30375.0,0,6,2,09:35,30420.0,hold_exit_above_dvwap,above_dvwap,vwap,5m_hi_confirm_1m_close,0,-45.0,-45.5,0.5,1,5.25,51.5,0,0,0,F3_0935_INV1618_HOLD_VWAP_T2618,,,,,,
M26,2026-06-02,SHORT,1m_confirm_5mHI,0935,F3,1,30630.0135,,,,-8.0,-0.277285,30567.75,30467.0,30517.375,100.75,2.618,30303.9865,30569.75,30569.75,,,,,6,2,09:35,30476.75,0,14,3,09:43,30485.0,hold_exit_above_dvwap,above_dvwap,vwap,5m_hi_confirm_1m_close,8,-8.25,-8.75,0.5,9,53.0,12.5,0,0,0,F3_0935_INV1618_HOLD_VWAP_T2618,,,,,,
M26,2026-06-03,SHORT,1m_confirm_5mHI,0935,F3,1,30865.6875,,,,-6.0,-0.980843,30807.75,30714.0,30760.875,93.75,2.618,30562.3125,30809.75,30737.5,,,,,6,2,09:35,30715.0,0,18,4,09:47,30562.3125,target_2.618,,vwap,5m_hi_confirm_1m_close,12,152.6875,152.1875,0.5,13,171.5,22.5,1,0,0,F3_0935_INV1618_HOLD_VWAP_T2618,,,,,,
M26,2026-06-08,SHORT,1m_confirm_5mHI,0935,F3,1,29690.296,,,,-7.0,-0.860368,29584.0,29412.0,29498.0,172.0,2.618,29133.704,29586.0,29586.0,,,,,6,2,09:35,29418.25,0,13,3,09:42,29522.25,hold_exit_above_dvwap,above_dvwap,vwap,5m_hi_confirm_1m_close,7,-104.0,-104.5,0.5,8,20.75,105.0,0,0,0,F3_0935_INV1618_HOLD_VWAP_T2618,,,,,,
M26,2026-06-09,SHORT,1m_confirm_5mHI,0935,F3,1,29818.9155,,,,-7.0,-0.227781,29748.0,29633.25,29690.625,114.75,2.618,29447.5845,29750.0,29750.0,,,,,6,2,09:35,29650.75,0,6,2,09:35,29709.5,hold_exit_above_dvwap,above_dvwap,vwap,5m_hi_confirm_1m_close,0,-58.75,-59.25,0.5,1,3.0,59.0,0,0,0,F3_0935_INV1618_HOLD_VWAP_T2618,,,,,,
M26,2026-06-10,SHORT,1m_confirm_5mHI,0935,F3,1,29061.5545,,,,-7.0,-0.943786,28953.25,28778.0,28865.625,175.25,2.618,28494.4455,28955.25,28955.25,,,,,6,2,09:35,28781.0,0,6,2,09:35,28888.25,hold_exit_above_dvwap,above_dvwap,vwap,5m_hi_confirm_1m_close,0,-107.25,-107.75,0.5,1,8.5,120.0,0,0,0,F3_0935_INV1618_HOLD_VWAP_T2618,,,,,,
M26,2026-06-11,SHORT,1m_confirm_5mHI,0935,F3,1,28857.4745,,,,-7.0,-0.358151,28786.25,28671.0,28728.625,115.25,2.618,28484.5255,28788.25,28788.25,,,,,6,2,09:35,28687.25,0,7,2,09:36,28762.75,hold_exit_above_dvwap,above_dvwap,vwap,5m_hi_confirm_1m_close,1,-75.5,-76.0,0.5,2,14.5,98.0,0,0,0,F3_0935_INV1618_HOLD_VWAP_T2618,,,,,,
U26,2026-06-18,SHORT,1m_confirm_5mHI,0935,F3,1,30697.8485,,,,-8.0,-0.802222,30615.5,30482.25,30548.875,133.25,2.618,30266.6515,30617.5,30503.5,,,,,6,2,09:35,30486.25,0,20,4,09:49,30497.0,hold_exit_above_dvwap,above_dvwap,vwap,5m_hi_confirm_1m_close,14,-10.75,-11.25,0.5,15,95.25,17.25,0,0,0,F3_0935_INV1618_HOLD_VWAP_T2618,,,,,,
U26,2026-06-25,SHORT,1m_confirm_5mHI,0935,F3,1,30287.554,,,,-7.0,-0.333068,30193.0,30040.0,30116.5,153.0,2.618,29792.446,30195.0,30195.0,,,,,6,2,09:35,30057.75,0,14,3,09:43,29792.446,target_2.618,,vwap,5m_hi_confirm_1m_close,8,265.304,264.804,0.5,9,299.5,32.75,1,0,0,F3_0935_INV1618_HOLD_VWAP_T2618,,,,,,
U26,2026-07-01,SHORT,1m_confirm_5mHI,0935,F3,1,30355.9445,,,,-8.0,-0.690181,30260.0,30104.75,30182.375,155.25,2.618,29853.5555,30262.0,30262.0,,,,,6,2,09:35,30117.25,0,12,3,09:41,30161.5,hold_exit_above_dvwap,above_dvwap,vwap,5m_hi_confirm_1m_close,6,-44.25,-44.75,0.5,7,29.5,67.0,0,0,0,F3_0935_INV1618_HOLD_VWAP_T2618,,,,,,
U26,2026-07-07,SHORT,1m_confirm_5mHI,0935,F3,1,29791.119,,,,-7.0,-0.793934,29685.75,29515.25,29600.5,170.5,2.618,29239.381,29687.75,29687.75,,,,,6,2,09:35,29532.0,0,11,3,09:40,29586.5,hold_exit_above_dvwap,above_dvwap,vwap,5m_hi_confirm_1m_close,5,-54.5,-55.0,0.5,6,40.75,55.25,0,0,0,F3_0935_INV1618_HOLD_VWAP_T2618,,,,,,
U26,2026-07-13,SHORT,1m_confirm_5mHI,0935,F3,1,29802.449,,,,-7.0,-0.493283,29737.25,29631.75,29684.5,105.5,2.618,29461.051,29739.25,29600.75,,,,,6,2,09:35,29646.25,0,29,6,09:58,29607.25,ratchet_stop,,vwap,5m_hi_confirm_1m_close,23,39.0,38.5,0.5,24,128.25,27.25,0,0,0,F3_0935_INV1618_HOLD_VWAP_T2618,,,,,,
U26,2026-07-14,SHORT,1m_confirm_5mHI,0935,F3,1,29893.618,,,,-8.0,-0.274942,29815.75,29689.75,29752.75,126.0,2.618,29485.882,29817.75,29817.75,,,,,6,2,09:35,29693.0,0,8,2,09:37,29760.5,hold_exit_above_dvwap,above_dvwap,vwap,5m_hi_confirm_1m_close,2,-67.5,-68.0,0.5,3,8.0,85.0,0,0,0,F3_0935_INV1618_HOLD_VWAP_T2618,,,,,,
U26,2026-07-16,SHORT,1m_confirm_5mHI,0935,F3,1,29595.1905,,,,-6.0,-0.94826,29532.0,29429.75,29480.875,102.25,2.618,29264.3095,29534.0,29471.0,,,,,6,2,09:35,29435.5,0,20,4,09:49,29264.3095,target_2.618,,vwap,5m_hi_confirm_1m_close,14,171.1905,170.6905,0.5,15,171.25,35.5,1,0,0,F3_0935_INV1618_HOLD_VWAP_T2618,,,,,,
U26,2026-07-17,SHORT,1m_confirm_5mHI,0935,F3,1,28776.3825,,,,-6.0,-0.82075,28686.0,28539.75,28612.875,146.25,2.618,28303.1175,28688.0,28512.0,,,,,6,2,09:35,28554.75,0,21,5,09:50,28520.75,ratchet_stop,,vwap,5m_hi_confirm_1m_close,15,34.0,33.5,0.5,16,146.5,16.5,0,0,0,F3_0935_INV1618_HOLD_VWAP_T2618,,,,,,
U26,2026-07-21,SHORT,1m_confirm_5mHI,0935,F3,1,29316.2385,,,,-7.0,-0.461546,29246.25,29133.0,29189.625,113.25,2.618,28949.7615,29248.25,29248.25,,,,,6,2,09:35,29147.0,0,6,2,09:35,29187.25,hold_exit_above_dvwap,above_dvwap,vwap,5m_hi_confirm_1m_close,0,-40.25,-40.75,0.5,1,9.0,42.0,0,0,0,F3_0935_INV1618_HOLD_VWAP_T2618,,,,,,
U26,2026-07-28,SHORT,1m_confirm_5mHI,0935,F3,1,28066.6235,,,,-5.0,-0.525227,27992.0,27871.25,27931.625,120.75,2.618,27675.8765,27994.0,27926.25,,,,,6,2,09:35,27876.0,0,17,4,09:46,27675.8765,target_2.618,,vwap,5m_hi_confirm_1m_close,11,200.1235,199.6235,0.5,12,203.0,50.25,1,0,0,F3_0935_INV1618_HOLD_VWAP_T2618,,,,,,
U26,2026-08-10,SHORT,1m_confirm_5mHI,0935,F3,1,29906.4855,,,,-7.0,-0.909454,29841.75,29737.0,29789.375,104.75,2.618,29567.5145,29843.75,29843.75,,,,,6,2,09:35,29741.25,0,15,3,09:44,29776.0,hold_exit_above_dvwap,above_dvwap,vwap,5m_hi_confirm_1m_close,9,-34.75,-35.25,0.5,10,22.5,70.0,0,0,0,F3_0935_INV1618_HOLD_VWAP_T2618,,,,,,
U26,2026-08-11,SHORT,1m_confirm_5mHI,0935,F3,1,29914.188,,,,-8.0,-0.335205,29842.5,29726.5,29784.5,116.0,2.618,29538.812,29844.5,29844.5,,,,,6,2,09:35,29736.75,0,12,3,09:41,29744.25,hold_exit_above_dvwap,above_dvwap,vwap,5m_hi_confirm_1m_close,6,-7.5,-8.0,0.5,7,57.75,19.0,0,0,0,F3_0935_INV1618_HOLD_VWAP_T2618,,,,,,
U26,2026-08-12,SHORT,1m_confirm_5mHI,0935,F3,1,30078.382,,,,-8.0,-0.443299,30001.75,29877.75,29939.75,124.0,2.618,29677.118,30003.75,30003.75,,,,,6,2,09:35,29878.5,0,7,2,09:36,29928.0,hold_exit_above_dvwap,above_dvwap,vwap,5m_hi_confirm_1m_close,1,-49.5,-50.0,0.5,2,7.75,57.75,0,0,0,F3_0935_INV1618_HOLD_VWAP_T2618,,,,,,
U26,2026-08-14,SHORT,1m_confirm_5mHI,0935,F3,1,30308.8975,,,,-5.0,-0.843128,30269.5,30205.75,30237.625,63.75,2.618,30102.6025,30271.5,30271.5,,,,,6,2,09:35,30206.0,0,13,3,09:42,30238.0,hold_exit_above_dvwap,above_dvwap,vwap,5m_hi_confirm_1m_close,7,-32.0,-32.5,0.5,8,36.25,34.25,0,0,0,F3_0935_INV1618_HOLD_VWAP_T2618,,,,,,
U26,2026-08-17,SHORT,1m_confirm_5mHI,0935,F3,1,30312.35,,,,-5.0,-0.817748,30266.0,30191.0,30228.5,75.0,2.618,30069.65,30268.0,30268.0,,,,,6,2,09:35,30197.25,0,6,2,09:35,30225.75,hold_exit_above_dvwap,above_dvwap,vwap,5m_hi_confirm_1m_close,0,-28.5,-29.0,0.5,1,12.25,30.5,0,0,0,F3_0935_INV1618_HOLD_VWAP_T2618,,,,,,
U26,2026-08-19,SHORT,1m_confirm_5mHI,0935,F3,1,29800.9965,,,,-5.0,-0.435983,29742.75,29648.5,29695.625,94.25,2.618,29496.0035,29744.75,29688.25,,,,,6,2,09:35,29673.5,0,20,4,09:49,29496.0035,target_2.618,,vwap,5m_hi_confirm_1m_close,14,177.4965,176.9965,0.5,15,215.25,14.75,1,0,0,F3_0935_INV1618_HOLD_VWAP_T2618,,,,,,
U26,2026-08-21,SHORT,1m_confirm_5mHI,0935,F3,1,29549.0785,,,,-8.0,-0.72187,29476.0,29357.75,29416.875,118.25,2.618,29166.4215,29478.0,29320.25,,,,,6,2,09:35,29363.0,0,36,8,10:05,29320.75,ratchet_stop,,vwap,5m_hi_confirm_1m_close,30,42.25,41.75,0.5,31,107.25,10.5,0,0,0,F3_0935_INV1618_HOLD_VWAP_T2618,,,,,,
H26,2025-12-17,SHORT,1m_confirm_5mHI,0935,F3,1,25481.431,,,,-8.0,-0.564224,25447.75,25393.25,25420.5,54.5,3.33,25266.265,25449.75,25406.75,,,,,6,2,09:35,25401.0,0,17,4,09:46,25266.265,target_3.33,,vwap,5m_hi_confirm_1m_close,11,134.735,134.235,0.5,12,155.5,5.75,1,1,0,F3_0935_INV1618_HOLD_VWAP_T333,,,,,,
H26,2025-12-18,SHORT,1m_confirm_5mHI,0935,F3,1,25374.7685,,,,-6.0,-0.772303,25329.5,25256.25,25292.875,73.25,3.33,25085.5775,25331.5,25227.5,,,,,6,2,09:35,25270.0,0,23,5,09:52,25237.0,ratchet_stop,,vwap,5m_hi_confirm_1m_close,17,33.0,32.5,0.5,18,108.75,4.5,0,0,0,F3_0935_INV1618_HOLD_VWAP_T333,,,,,,
H26,2025-12-22,SHORT,1m_confirm_5mHI,0935,F3,1,25856.859,,,,-7.0,-0.506942,25794.75,25694.25,25744.5,100.5,3.33,25460.085,25796.75,25727.5,,,,,6,2,09:35,25706.25,0,18,4,09:47,25720.0,hold_exit_above_dvwap,above_dvwap,vwap,5m_hi_confirm_1m_close,12,-13.75,-14.25,0.5,13,34.0,21.25,0,0,0,F3_0935_INV1618_HOLD_VWAP_T333,,,,,,
H26,2026-01-05,SHORT,1m_confirm_5mHI,0935,F3,1,25728.5835,,,,-7.0,-0.844601,25672.5,25581.75,25627.125,90.75,3.33,25370.3025,25674.5,25674.5,,,,,6,2,09:35,25590.25,0,15,3,09:44,25602.0,hold_exit_above_dvwap,above_dvwap,vwap,5m_hi_confirm_1m_close,9,-11.75,-12.25,0.5,10,51.75,23.0,0,0,0,F3_0935_INV1618_HOLD_VWAP_T333,,,,,,
H26,2026-01-08,SHORT,1m_confirm_5mHI,0935,F3,1,25871.289,,,,-8.0,-0.241331,25803.0,25692.5,25747.75,110.5,3.33,25435.035,25805.0,25658.5,,,,,6,2,09:35,25705.5,0,39,8,10:08,25671.25,ratchet_stop,,vwap,5m_hi_confirm_1m_close,33,34.25,33.75,0.5,34,136.5,24.75,0,0,0,F3_0935_INV1618_HOLD_VWAP_T333,,,,,,
H26,2026-01-15,SHORT,1m_confirm_5mHI,0935,F3,1,25986.42,,,,-5.0,-0.511924,25946.25,25881.25,25913.75,65.0,3.33,25729.8,25948.25,25948.25,,,,,6,2,09:35,25888.75,0,14,3,09:43,25902.25,hold_exit_above_dvwap,above_dvwap,vwap,5m_hi_confirm_1m_close,8,-13.5,-14.0,0.5,9,35.25,22.0,0,0,0,F3_0935_INV1618_HOLD_VWAP_T333,,,,,,
H26,2026-01-21,SHORT,1m_confirm_5mHI,0935,F3,1,25268.364,,,,-6.0,-0.259412,25223.25,25150.25,25186.75,73.0,3.33,24980.16,25225.25,25225.25,,,,,6,2,09:35,25163.75,0,8,2,09:37,25187.0,hold_exit_above_dvwap,above_dvwap,vwap,5m_hi_confirm_1m_close,2,-23.25,-23.75,0.5,3,22.0,27.5,0,0,0,F3_0935_INV1618_HOLD_VWAP_T333,,,,,,
H26,2026-01-22,SHORT,1m_confirm_5mHI,0935,F3,1,25773.156,,,,-9.0,-0.333606,25731.75,25664.75,25698.25,67.0,3.33,25508.64,25733.75,25733.75,,,,,6,2,09:35,25666.25,0,8,2,09:37,25676.5,hold_exit_above_dvwap,above_dvwap,vwap,5m_hi_confirm_1m_close,2,-10.25,-10.75,0.5,3,33.0,11.5,0,0,0,F3_0935_INV1618_HOLD_VWAP_T333,,,,,,
H26,2026-01-23,SHORT,1m_confirm_5mHI,0935,F3,1,25694.0605,,,,-5.0,-0.802518,25652.5,25585.25,25618.875,67.25,3.33,25428.5575,25654.5,25654.5,,,,,6,2,09:35,25592.5,0,12,3,09:41,25616.25,hold_exit_above_dvwap,above_dvwap,vwap,5m_hi_confirm_1m_close,6,-23.75,-24.25,0.5,7,30.0,31.0,0,0,0,F3_0935_INV1618_HOLD_VWAP_T333,,,,,,
H26,2026-01-27,SHORT,1m_confirm_5mHI,0935,F3,1,26048.035,,,,-6.0,-0.793903,26012.5,25955.0,25983.75,57.5,3.33,25821.025,26014.5,26014.5,,,,,6,2,09:35,25962.0,0,12,3,09:41,25966.75,hold_exit_above_dvwap,above_dvwap,vwap,5m_hi_confirm_1m_close,6,-4.75,-5.25,0.5,7,44.75,10.25,0,0,0,F3_0935_INV1618_HOLD_VWAP_T333,,,,,,
H26,2026-01-29,SHORT,1m_confirm_5mHI,0935,F3,1,26231.547,,,,-6.0,-0.65788,26175.0,26083.5,26129.25,91.5,3.33,25870.305,26177.0,26008.25,,,,,6,2,09:35,26098.0,0,30,6,09:59,25870.305,target_3.33,,vwap,5m_hi_confirm_1m_close,24,227.695,227.195,0.5,25,240.0,2.75,1,1,0,F3_0935_INV1618_HOLD_VWAP_T333,,,,,,
H26,2026-02-03,SHORT,1m_confirm_5mHI,0935,F3,1,26022.393,,,,-5.0,-0.029144,25952.25,25838.75,25895.5,113.5,3.33,25574.295,25954.25,25799.5,,,,,6,2,09:35,25875.75,0,33,7,10:02,25574.295,target_3.33,,vwap,5m_hi_confirm_1m_close,27,301.455,300.955,0.5,28,304.5,17.5,1,1,0,F3_0935_INV1618_HOLD_VWAP_T333,,,,,,
H26,2026-02-11,SHORT,1m_confirm_5mHI,0935,F3,1,25526.5865,,,,-6.0,-0.813482,25465.25,25366.0,25415.625,99.25,3.33,25134.7475,25467.25,25416.5,,,,,6,2,09:35,25386.5,0,16,4,09:45,25425.75,ratchet_stop,,vwap,5m_hi_confirm_1m_close,10,-39.25,-39.75,0.5,11,47.25,39.75,0,0,0,F3_0935_INV1618_HOLD_VWAP_T333,,,,,,
H26,2026-02-18,SHORT,1m_confirm_5mHI,0935,F3,1,24884.2715,,,,-6.0,-0.471859,24833.75,24752.0,24792.875,81.75,3.33,24561.5225,24835.75,24835.75,,,,,6,2,09:35,24769.0,0,9,2,09:38,24825.75,hold_exit_above_dvwap,above_dvwap,vwap,5m_hi_confirm_1m_close,3,-56.75,-57.25,0.5,4,13.25,69.0,0,0,0,F3_0935_INV1618_HOLD_VWAP_T333,,,,,,
H26,2026-02-24,SHORT,1m_confirm_5mHI,0935,F3,1,24898.4605,,,,-5.0,-0.07466,24826.0,24708.75,24767.375,117.25,3.33,24435.5575,24828.0,24828.0,,,,,6,2,09:35,24739.0,0,9,2,09:38,24797.0,hold_exit_above_dvwap,above_dvwap,vwap,5m_hi_confirm_1m_close,3,-58.0,-58.5,0.5,4,44.5,68.5,0,0,0,F3_0935_INV1618_HOLD_VWAP_T333,,,,,,
H26,2026-02-26,SHORT,1m_confirm_5mHI,0935,F3,1,25395.148,,,,-7.0,-0.21623,25342.0,25256.0,25299.0,86.0,3.33,25055.62,25344.0,25178.0,,,,,6,2,09:35,25272.25,0,46,10,10:15,25055.62,target_3.33,,vwap,5m_hi_confirm_1m_close,40,216.63,216.13,0.5,41,246.75,23.5,1,1,0,F3_0935_INV1618_HOLD_VWAP_T333,,,,,,
M26,2026-03-27,SHORT,1m_confirm_5mHI,0935,F3,1,23730.2805,,,,-7.0,-0.385654,23664.0,23556.75,23610.375,107.25,3.33,23306.8575,23666.0,23666.0,,,,,6,2,09:35,23564.75,0,9,2,09:38,23597.75,hold_exit_above_dvwap,above_dvwap,vwap,5m_hi_confirm_1m_close,3,-33.0,-33.5,0.5,4,32.75,41.5,0,0,0,F3_0935_INV1618_HOLD_VWAP_T333,,,,,,
M26,2026-03-30,SHORT,1m_confirm_5mHI,0935,F3,1,23588.1535,,,,-6.0,-0.714987,23538.25,23457.5,23497.875,80.75,3.33,23269.3525,23540.25,23340.75,,,,,6,2,09:35,23463.75,0,42,9,10:11,23355.25,ratchet_stop,,vwap,5m_hi_confirm_1m_close,36,108.5,108.0,0.5,37,171.0,3.5,1,0,0,F3_0935_INV1618_HOLD_VWAP_T333,,,,,,
M26,2026-04-07,SHORT,1m_confirm_5mHI,0935,F3,1,24375.98,,,,-7.0,-0.380328,24308.0,24198.0,24253.0,110.0,3.33,23941.7,24310.0,24310.0,,,,,6,2,09:35,24221.25,0,7,2,09:36,24242.25,hold_exit_above_dvwap,above_dvwap,vwap,5m_hi_confirm_1m_close,1,-21.0,-21.5,0.5,2,19.5,37.0,0,0,0,F3_0935_INV1618_HOLD_VWAP_T333,,,,,,
M26,2026-04-09,SHORT,1m_confirm_5mHI,0935,F3,1,25155.721,,,,-7.0,-0.667477,25103.5,25019.0,25061.25,84.5,3.33,24822.115,25105.5,25105.5,,,,,6,2,09:35,25028.5,0,10,2,09:39,25062.5,hold_exit_above_dvwap,above_dvwap,vwap,5m_hi_confirm_1m_close,4,-34.0,-34.5,0.5,5,7.25,50.5,0,0,0,F3_0935_INV1618_HOLD_VWAP_T333,,,,,,
M26,2026-04-22,SHORT,1m_confirm_5mHI,0935,F3,1,26941.7265,,,,-7.0,-0.41297,26892.75,26813.5,26853.125,79.25,3.33,26628.8475,26894.75,26894.75,,,,,6,2,09:35,26823.25,0,14,3,09:43,26846.5,hold_exit_above_dvwap,above_dvwap,vwap,5m_hi_confirm_1m_close,8,-23.25,-23.75,0.5,9,6.25,38.75,0,0,0,F3_0935_INV1618_HOLD_VWAP_T333,,,,,,
M26,2026-04-27,SHORT,1m_confirm_5mHI,0935,F3,1,27479.9595,,,,-7.0,-0.497537,27435.0,27362.25,27398.625,72.75,3.33,27192.7425,27437.0,27437.0,,,,,6,2,09:35,27369.0,0,7,2,09:36,27390.5,hold_exit_above_dvwap,above_dvwap,vwap,5m_hi_confirm_1m_close,1,-21.5,-22.0,0.5,2,15.5,25.0,0,0,0,F3_0935_INV1618_HOLD_VWAP_T333,,,,,,
M26,2026-04-30,SHORT,1m_confirm_5mHI,0935,F3,1,27584.3545,,,,-8.0,-0.401337,27491.5,27341.25,27416.375,150.25,3.33,26991.1675,27493.5,27373.0,,,,,6,2,09:35,27345.0,0,16,4,09:45,27359.75,hold_exit_above_dvwap,above_dvwap,vwap,5m_hi_confirm_1m_close,10,-14.75,-15.25,0.5,11,74.0,28.0,0,0,0,F3_0935_INV1618_HOLD_VWAP_T333,,,,,,
M26,2026-05-18,SHORT,1m_confirm_5mHI,0935,F3,1,29405.69,,,,-5.0,-0.532795,29356.25,29276.25,29316.25,80.0,3.33,29089.85,29358.25,29282.75,,,,,6,2,09:35,29288.0,0,25,5,09:54,29272.5,hold_exit_above_dvwap,above_dvwap,vwap,5m_hi_confirm_1m_close,19,15.5,15.0,0.5,20,153.0,13.75,1,0,0,F3_0935_INV1618_HOLD_VWAP_T333,,,,,,
M26,2026-05-26,SHORT,1m_confirm_5mHI,0935,F3,1,29992.474,,,,-7.0,-0.72972,29935.0,29842.0,29888.5,93.0,3.33,29625.31,29937.0,29937.0,,,,,6,2,09:35,29853.5,0,12,3,09:41,29903.5,hold_exit_above_dvwap,above_dvwap,vwap,5m_hi_confirm_1m_close,6,-50.0,-50.5,0.5,7,26.75,56.5,0,0,0,F3_0935_INV1618_HOLD_VWAP_T333,,,,,,
M26,2026-05-27,SHORT,1m_confirm_5mHI,0935,F3,1,30232.9425,,,,-6.0,-0.012362,30192.0,30125.75,30158.875,66.25,3.33,29971.3875,30194.0,30194.0,,,,,6,2,09:35,30140.0,0,15,3,09:44,29971.3875,target_3.33,,vwap,5m_hi_confirm_1m_close,9,168.6125,168.1125,0.5,10,175.0,13.5,1,1,0,F3_0935_INV1618_HOLD_VWAP_T333,,,,,,
M26,2026-05-29,SHORT,1m_confirm_5mHI,0935,F3,1,30463.8525,,,,-5.0,-0.897001,30426.0,30364.75,30395.375,61.25,3.33,30222.0375,30428.0,30428.0,,,,,6,2,09:35,30375.0,0,6,2,09:35,30420.0,hold_exit_above_dvwap,above_dvwap,vwap,5m_hi_confirm_1m_close,0,-45.0,-45.5,0.5,1,5.25,51.5,0,0,0,F3_0935_INV1618_HOLD_VWAP_T333,,,,,,
M26,2026-06-02,SHORT,1m_confirm_5mHI,0935,F3,1,30630.0135,,,,-8.0,-0.277285,30567.75,30467.0,30517.375,100.75,3.33,30232.2525,30569.75,30569.75,,,,,6,2,09:35,30476.75,0,14,3,09:43,30485.0,hold_exit_above_dvwap,above_dvwap,vwap,5m_hi_confirm_1m_close,8,-8.25,-8.75,0.5,9,53.0,12.5,0,0,0,F3_0935_INV1618_HOLD_VWAP_T333,,,,,,
M26,2026-06-03,SHORT,1m_confirm_5mHI,0935,F3,1,30865.6875,,,,-6.0,-0.980843,30807.75,30714.0,30760.875,93.75,3.33,30495.5625,30809.75,30625.0,,,,,6,2,09:35,30715.0,0,33,7,10:02,30631.25,ratchet_stop,,vwap,5m_hi_confirm_1m_close,27,83.75,83.25,0.5,28,219.0,22.5,1,0,0,F3_0935_INV1618_HOLD_VWAP_T333,,,,,,
M26,2026-06-08,SHORT,1m_confirm_5mHI,0935,F3,1,29690.296,,,,-7.0,-0.860368,29584.0,29412.0,29498.0,172.0,3.33,29011.24,29586.0,29586.0,,,,,6,2,09:35,29418.25,0,13,3,09:42,29522.25,hold_exit_above_dvwap,above_dvwap,vwap,5m_hi_confirm_1m_close,7,-104.0,-104.5,0.5,8,20.75,105.0,0,0,0,F3_0935_INV1618_HOLD_VWAP_T333,,,,,,
M26,2026-06-09,SHORT,1m_confirm_5mHI,0935,F3,1,29818.9155,,,,-7.0,-0.227781,29748.0,29633.25,29690.625,114.75,3.33,29365.8825,29750.0,29750.0,,,,,6,2,09:35,29650.75,0,6,2,09:35,29709.5,hold_exit_above_dvwap,above_dvwap,vwap,5m_hi_confirm_1m_close,0,-58.75,-59.25,0.5,1,3.0,59.0,0,0,0,F3_0935_INV1618_HOLD_VWAP_T333,,,,,,
M26,2026-06-10,SHORT,1m_confirm_5mHI,0935,F3,1,29061.5545,,,,-7.0,-0.943786,28953.25,28778.0,28865.625,175.25,3.33,28369.6675,28955.25,28955.25,,,,,6,2,09:35,28781.0,0,6,2,09:35,28888.25,hold_exit_above_dvwap,above_dvwap,vwap,5m_hi_confirm_1m_close,0,-107.25,-107.75,0.5,1,8.5,120.0,0,0,0,F3_0935_INV1618_HOLD_VWAP_T333,,,,,,
M26,2026-06-11,SHORT,1m_confirm_5mHI,0935,F3,1,28857.4745,,,,-7.0,-0.358151,28786.25,28671.0,28728.625,115.25,3.33,28402.4675,28788.25,28788.25,,,,,6,2,09:35,28687.25,0,7,2,09:36,28762.75,hold_exit_above_dvwap,above_dvwap,vwap,5m_hi_confirm_1m_close,1,-75.5,-76.0,0.5,2,14.5,98.0,0,0,0,F3_0935_INV1618_HOLD_VWAP_T333,,,,,,
U26,2026-06-18,SHORT,1m_confirm_5mHI,0935,F3,1,30697.8485,,,,-8.0,-0.802222,30615.5,30482.25,30548.875,133.25,3.33,30171.7775,30617.5,30503.5,,,,,6,2,09:35,30486.25,0,20,4,09:49,30497.0,hold_exit_above_dvwap,above_dvwap,vwap,5m_hi_confirm_1m_close,14,-10.75,-11.25,0.5,15,95.25,17.25,0,0,0,F3_0935_INV1618_HOLD_VWAP_T333,,,,,,
U26,2026-06-25,SHORT,1m_confirm_5mHI,0935,F3,1,30287.554,,,,-7.0,-0.333068,30193.0,30040.0,30116.5,153.0,3.33,29683.51,30195.0,30090.5,,,,,6,2,09:35,30057.75,0,17,4,09:46,29683.51,target_3.33,,vwap,5m_hi_confirm_1m_close,11,374.24,373.74,0.5,12,470.25,32.75,1,1,0,F3_0935_INV1618_HOLD_VWAP_T333,,,,,,
U26,2026-07-01,SHORT,1m_confirm_5mHI,0935,F3,1,30355.9445,,,,-8.0,-0.690181,30260.0,30104.75,30182.375,155.25,3.33,29743.0175,30262.0,30262.0,,,,,6,2,09:35,30117.25,0,12,3,09:41,30161.5,hold_exit_above_dvwap,above_dvwap,vwap,5m_hi_confirm_1m_close,6,-44.25,-44.75,0.5,7,29.5,67.0,0,0,0,F3_0935_INV1618_HOLD_VWAP_T333,,,,,,
U26,2026-07-07,SHORT,1m_confirm_5mHI,0935,F3,1,29791.119,,,,-7.0,-0.793934,29685.75,29515.25,29600.5,170.5,3.33,29117.985,29687.75,29687.75,,,,,6,2,09:35,29532.0,0,11,3,09:40,29586.5,hold_exit_above_dvwap,above_dvwap,vwap,5m_hi_confirm_1m_close,5,-54.5,-55.0,0.5,6,40.75,55.25,0,0,0,F3_0935_INV1618_HOLD_VWAP_T333,,,,,,
U26,2026-07-13,SHORT,1m_confirm_5mHI,0935,F3,1,29802.449,,,,-7.0,-0.493283,29737.25,29631.75,29684.5,105.5,3.33,29385.935,29739.25,29600.75,,,,,6,2,09:35,29646.25,0,29,6,09:58,29607.25,ratchet_stop,,vwap,5m_hi_confirm_1m_close,23,39.0,38.5,0.5,24,128.25,27.25,0,0,0,F3_0935_INV1618_HOLD_VWAP_T333,,,,,,
U26,2026-07-14,SHORT,1m_confirm_5mHI,0935,F3,1,29893.618,,,,-8.0,-0.274942,29815.75,29689.75,29752.75,126.0,3.33,29396.17,29817.75,29817.75,,,,,6,2,09:35,29693.0,0,8,2,09:37,29760.5,hold_exit_above_dvwap,above_dvwap,vwap,5m_hi_confirm_1m_close,2,-67.5,-68.0,0.5,3,8.0,85.0,0,0,0,F3_0935_INV1618_HOLD_VWAP_T333,,,,,,
U26,2026-07-16,SHORT,1m_confirm_5mHI,0935,F3,1,29595.1905,,,,-6.0,-0.94826,29532.0,29429.75,29480.875,102.25,3.33,29191.5075,29534.0,29342.75,,,,,6,2,09:35,29435.5,0,30,6,09:59,29347.5,ratchet_stop,,vwap,5m_hi_confirm_1m_close,24,88.0,87.5,0.5,25,180.0,35.5,1,0,0,F3_0935_INV1618_HOLD_VWAP_T333,,,,,,
U26,2026-07-17,SHORT,1m_confirm_5mHI,0935,F3,1,28776.3825,,,,-6.0,-0.82075,28686.0,28539.75,28612.875,146.25,3.33,28198.9875,28688.0,28512.0,,,,,6,2,09:35,28554.75,0,21,5,09:50,28520.75,ratchet_stop,,vwap,5m_hi_confirm_1m_close,15,34.0,33.5,0.5,16,146.5,16.5,0,0,0,F3_0935_INV1618_HOLD_VWAP_T333,,,,,,
U26,2026-07-21,SHORT,1m_confirm_5mHI,0935,F3,1,29316.2385,,,,-7.0,-0.461546,29246.25,29133.0,29189.625,113.25,3.33,28869.1275,29248.25,29248.25,,,,,6,2,09:35,29147.0,0,6,2,09:35,29187.25,hold_exit_above_dvwap,above_dvwap,vwap,5m_hi_confirm_1m_close,0,-40.25,-40.75,0.5,1,9.0,42.0,0,0,0,F3_0935_INV1618_HOLD_VWAP_T333,,,,,,
U26,2026-07-28,SHORT,1m_confirm_5mHI,0935,F3,1,28066.6235,,,,-5.0,-0.525227,27992.0,27871.25,27931.625,120.75,3.33,27589.9025,27994.0,27720.5,,,,,6,2,09:35,27876.0,0,36,8,10:05,27766.25,ratchet_stop,,vwap,5m_hi_confirm_1m_close,30,109.75,109.25,0.5,31,234.25,50.25,1,0,0,F3_0935_INV1618_HOLD_VWAP_T333,,,,,,
U26,2026-08-10,SHORT,1m_confirm_5mHI,0935,F3,1,29906.4855,,,,-7.0,-0.909454,29841.75,29737.0,29789.375,104.75,3.33,29492.9325,29843.75,29843.75,,,,,6,2,09:35,29741.25,0,15,3,09:44,29776.0,hold_exit_above_dvwap,above_dvwap,vwap,5m_hi_confirm_1m_close,9,-34.75,-35.25,0.5,10,22.5,70.0,0,0,0,F3_0935_INV1618_HOLD_VWAP_T333,,,,,,
U26,2026-08-11,SHORT,1m_confirm_5mHI,0935,F3,1,29914.188,,,,-8.0,-0.335205,29842.5,29726.5,29784.5,116.0,3.33,29456.22,29844.5,29844.5,,,,,6,2,09:35,29736.75,0,12,3,09:41,29744.25,hold_exit_above_dvwap,above_dvwap,vwap,5m_hi_confirm_1m_close,6,-7.5,-8.0,0.5,7,57.75,19.0,0,0,0,F3_0935_INV1618_HOLD_VWAP_T333,,,,,,
U26,2026-08-12,SHORT,1m_confirm_5mHI,0935,F3,1,30078.382,,,,-8.0,-0.443299,30001.75,29877.75,29939.75,124.0,3.33,29588.83,30003.75,30003.75,,,,,6,2,09:35,29878.5,0,7,2,09:36,29928.0,hold_exit_above_dvwap,above_dvwap,vwap,5m_hi_confirm_1m_close,1,-49.5,-50.0,0.5,2,7.75,57.75,0,0,0,F3_0935_INV1618_HOLD_VWAP_T333,,,,,,
U26,2026-08-14,SHORT,1m_confirm_5mHI,0935,F3,1,30308.8975,,,,-5.0,-0.843128,30269.5,30205.75,30237.625,63.75,3.33,30057.2125,30271.5,30271.5,,,,,6,2,09:35,30206.0,0,13,3,09:42,30238.0,hold_exit_above_dvwap,above_dvwap,vwap,5m_hi_confirm_1m_close,7,-32.0,-32.5,0.5,8,36.25,34.25,0,0,0,F3_0935_INV1618_HOLD_VWAP_T333,,,,,,
U26,2026-08-17,SHORT,1m_confirm_5mHI,0935,F3,1,30312.35,,,,-5.0,-0.817748,30266.0,30191.0,30228.5,75.0,3.33,30016.25,30268.0,30268.0,,,,,6,2,09:35,30197.25,0,6,2,09:35,30225.75,hold_exit_above_dvwap,above_dvwap,vwap,5m_hi_confirm_1m_close,0,-28.5,-29.0,0.5,1,12.25,30.5,0,0,0,F3_0935_INV1618_HOLD_VWAP_T333,,,,,,
U26,2026-08-19,SHORT,1m_confirm_5mHI,0935,F3,1,29800.9965,,,,-5.0,-0.435983,29742.75,29648.5,29695.625,94.25,3.33,29428.8975,29744.75,29628.75,,,,,6,2,09:35,29673.5,0,22,5,09:51,29428.8975,target_3.33,,vwap,5m_hi_confirm_1m_close,16,244.6025,244.1025,0.5,17,267.0,14.75,1,1,0,F3_0935_INV1618_HOLD_VWAP_T333,,,,,,
U26,2026-08-21,SHORT,1m_confirm_5mHI,0935,F3,1,29549.0785,,,,-8.0,-0.72187,29476.0,29357.75,29416.875,118.25,3.33,29082.2275,29478.0,29320.25,,,,,6,2,09:35,29363.0,0,36,8,10:05,29320.75,ratchet_stop,,vwap,5m_hi_confirm_1m_close,30,42.25,41.75,0.5,31,107.25,10.5,0,0,0,F3_0935_INV1618_HOLD_VWAP_T333,,,,,,
H26,2025-12-17,SHORT,1m_confirm_5mHI,0935,F3,1,25481.431,,,,-8.0,-0.564224,25447.75,25393.25,25420.5,54.5,4.23,25217.215,25449.75,25337.5,,,,,6,2,09:35,25401.0,0,28,6,09:57,25335.5,hold_exit_above_dvwap,above_dvwap,vwap,5m_hi_confirm_1m_close,22,65.5,65.0,0.5,23,155.5,5.75,1,1,0,F3_0935_INV1618_HOLD_VWAP_T423,,,,,,
H26,2025-12-18,SHORT,1m_confirm_5mHI,0935,F3,1,25374.7685,,,,-6.0,-0.772303,25329.5,25256.25,25292.875,73.25,4.23,25019.6525,25331.5,25227.5,,,,,6,2,09:35,25270.0,0,23,5,09:52,25237.0,ratchet_stop,,vwap,5m_hi_confirm_1m_close,17,33.0,32.5,0.5,18,108.75,4.5,0,0,0,F3_0935_INV1618_HOLD_VWAP_T423,,,,,,
H26,2025-12-22,SHORT,1m_confirm_5mHI,0935,F3,1,25856.859,,,,-7.0,-0.506942,25794.75,25694.25,25744.5,100.5,4.23,25369.635,25796.75,25727.5,,,,,6,2,09:35,25706.25,0,18,4,09:47,25720.0,hold_exit_above_dvwap,above_dvwap,vwap,5m_hi_confirm_1m_close,12,-13.75,-14.25,0.5,13,34.0,21.25,0,0,0,F3_0935_INV1618_HOLD_VWAP_T423,,,,,,
H26,2026-01-05,SHORT,1m_confirm_5mHI,0935,F3,1,25728.5835,,,,-7.0,-0.844601,25672.5,25581.75,25627.125,90.75,4.23,25288.6275,25674.5,25674.5,,,,,6,2,09:35,25590.25,0,15,3,09:44,25602.0,hold_exit_above_dvwap,above_dvwap,vwap,5m_hi_confirm_1m_close,9,-11.75,-12.25,0.5,10,51.75,23.0,0,0,0,F3_0935_INV1618_HOLD_VWAP_T423,,,,,,
H26,2026-01-08,SHORT,1m_confirm_5mHI,0935,F3,1,25871.289,,,,-8.0,-0.241331,25803.0,25692.5,25747.75,110.5,4.23,25335.585,25805.0,25658.5,,,,,6,2,09:35,25705.5,0,39,8,10:08,25671.25,ratchet_stop,,vwap,5m_hi_confirm_1m_close,33,34.25,33.75,0.5,34,136.5,24.75,0,0,0,F3_0935_INV1618_HOLD_VWAP_T423,,,,,,
H26,2026-01-15,SHORT,1m_confirm_5mHI,0935,F3,1,25986.42,,,,-5.0,-0.511924,25946.25,25881.25,25913.75,65.0,4.23,25671.3,25948.25,25948.25,,,,,6,2,09:35,25888.75,0,14,3,09:43,25902.25,hold_exit_above_dvwap,above_dvwap,vwap,5m_hi_confirm_1m_close,8,-13.5,-14.0,0.5,9,35.25,22.0,0,0,0,F3_0935_INV1618_HOLD_VWAP_T423,,,,,,
H26,2026-01-21,SHORT,1m_confirm_5mHI,0935,F3,1,25268.364,,,,-6.0,-0.259412,25223.25,25150.25,25186.75,73.0,4.23,24914.46,25225.25,25225.25,,,,,6,2,09:35,25163.75,0,8,2,09:37,25187.0,hold_exit_above_dvwap,above_dvwap,vwap,5m_hi_confirm_1m_close,2,-23.25,-23.75,0.5,3,22.0,27.5,0,0,0,F3_0935_INV1618_HOLD_VWAP_T423,,,,,,
H26,2026-01-22,SHORT,1m_confirm_5mHI,0935,F3,1,25773.156,,,,-9.0,-0.333606,25731.75,25664.75,25698.25,67.0,4.23,25448.34,25733.75,25733.75,,,,,6,2,09:35,25666.25,0,8,2,09:37,25676.5,hold_exit_above_dvwap,above_dvwap,vwap,5m_hi_confirm_1m_close,2,-10.25,-10.75,0.5,3,33.0,11.5,0,0,0,F3_0935_INV1618_HOLD_VWAP_T423,,,,,,
H26,2026-01-23,SHORT,1m_confirm_5mHI,0935,F3,1,25694.0605,,,,-5.0,-0.802518,25652.5,25585.25,25618.875,67.25,4.23,25368.0325,25654.5,25654.5,,,,,6,2,09:35,25592.5,0,12,3,09:41,25616.25,hold_exit_above_dvwap,above_dvwap,vwap,5m_hi_confirm_1m_close,6,-23.75,-24.25,0.5,7,30.0,31.0,0,0,0,F3_0935_INV1618_HOLD_VWAP_T423,,,,,,
H26,2026-01-27,SHORT,1m_confirm_5mHI,0935,F3,1,26048.035,,,,-6.0,-0.793903,26012.5,25955.0,25983.75,57.5,4.23,25769.275,26014.5,26014.5,,,,,6,2,09:35,25962.0,0,12,3,09:41,25966.75,hold_exit_above_dvwap,above_dvwap,vwap,5m_hi_confirm_1m_close,6,-4.75,-5.25,0.5,7,44.75,10.25,0,0,0,F3_0935_INV1618_HOLD_VWAP_T423,,,,,,
H26,2026-01-29,SHORT,1m_confirm_5mHI,0935,F3,1,26231.547,,,,-6.0,-0.65788,26175.0,26083.5,26129.25,91.5,4.23,25787.955,26177.0,25988.25,,,,,6,2,09:35,26098.0,0,32,7,10:01,25787.955,target_4.23,,vwap,5m_hi_confirm_1m_close,26,310.045,309.545,0.5,27,313.5,2.75,1,1,1,F3_0935_INV1618_HOLD_VWAP_T423,,,,,,
H26,2026-02-03,SHORT,1m_confirm_5mHI,0935,F3,1,26022.393,,,,-5.0,-0.029144,25952.25,25838.75,25895.5,113.5,4.23,25472.145,25954.25,25594.0,,,,,6,2,09:35,25875.75,0,56,12,10:25,25472.145,target_4.23,,vwap,5m_hi_confirm_1m_close,50,403.605,403.105,0.5,51,405.5,17.5,1,1,1,F3_0935_INV1618_HOLD_VWAP_T423,,,,,,
H26,2026-02-11,SHORT,1m_confirm_5mHI,0935,F3,1,25526.5865,,,,-6.0,-0.813482,25465.25,25366.0,25415.625,99.25,4.23,25045.4225,25467.25,25416.5,,,,,6,2,09:35,25386.5,0,16,4,09:45,25425.75,ratchet_stop,,vwap,5m_hi_confirm_1m_close,10,-39.25,-39.75,0.5,11,47.25,39.75,0,0,0,F3_0935_INV1618_HOLD_VWAP_T423,,,,,,
H26,2026-02-18,SHORT,1m_confirm_5mHI,0935,F3,1,24884.2715,,,,-6.0,-0.471859,24833.75,24752.0,24792.875,81.75,4.23,24487.9475,24835.75,24835.75,,,,,6,2,09:35,24769.0,0,9,2,09:38,24825.75,hold_exit_above_dvwap,above_dvwap,vwap,5m_hi_confirm_1m_close,3,-56.75,-57.25,0.5,4,13.25,69.0,0,0,0,F3_0935_INV1618_HOLD_VWAP_T423,,,,,,
H26,2026-02-24,SHORT,1m_confirm_5mHI,0935,F3,1,24898.4605,,,,-5.0,-0.07466,24826.0,24708.75,24767.375,117.25,4.23,24330.0325,24828.0,24828.0,,,,,6,2,09:35,24739.0,0,9,2,09:38,24797.0,hold_exit_above_dvwap,above_dvwap,vwap,5m_hi_confirm_1m_close,3,-58.0,-58.5,0.5,4,44.5,68.5,0,0,0,F3_0935_INV1618_HOLD_VWAP_T423,,,,,,
H26,2026-02-26,SHORT,1m_confirm_5mHI,0935,F3,1,25395.148,,,,-7.0,-0.21623,25342.0,25256.0,25299.0,86.0,4.23,24978.22,25344.0,25178.0,,,,,6,2,09:35,25272.25,0,49,10,10:18,24978.22,target_4.23,,vwap,5m_hi_confirm_1m_close,43,294.03,293.53,0.5,44,307.25,23.5,1,1,1,F3_0935_INV1618_HOLD_VWAP_T423,,,,,,
M26,2026-03-27,SHORT,1m_confirm_5mHI,0935,F3,1,23730.2805,,,,-7.0,-0.385654,23664.0,23556.75,23610.375,107.25,4.23,23210.3325,23666.0,23666.0,,,,,6,2,09:35,23564.75,0,9,2,09:38,23597.75,hold_exit_above_dvwap,above_dvwap,vwap,5m_hi_confirm_1m_close,3,-33.0,-33.5,0.5,4,32.75,41.5,0,0,0,F3_0935_INV1618_HOLD_VWAP_T423,,,,,,
M26,2026-03-30,SHORT,1m_confirm_5mHI,0935,F3,1,23588.1535,,,,-6.0,-0.714987,23538.25,23457.5,23497.875,80.75,4.23,23196.6775,23540.25,23340.75,,,,,6,2,09:35,23463.75,0,42,9,10:11,23355.25,ratchet_stop,,vwap,5m_hi_confirm_1m_close,36,108.5,108.0,0.5,37,171.0,3.5,1,0,0,F3_0935_INV1618_HOLD_VWAP_T423,,,,,,
M26,2026-04-07,SHORT,1m_confirm_5mHI,0935,F3,1,24375.98,,,,-7.0,-0.380328,24308.0,24198.0,24253.0,110.0,4.23,23842.7,24310.0,24310.0,,,,,6,2,09:35,24221.25,0,7,2,09:36,24242.25,hold_exit_above_dvwap,above_dvwap,vwap,5m_hi_confirm_1m_close,1,-21.0,-21.5,0.5,2,19.5,37.0,0,0,0,F3_0935_INV1618_HOLD_VWAP_T423,,,,,,
M26,2026-04-09,SHORT,1m_confirm_5mHI,0935,F3,1,25155.721,,,,-7.0,-0.667477,25103.5,25019.0,25061.25,84.5,4.23,24746.065,25105.5,25105.5,,,,,6,2,09:35,25028.5,0,10,2,09:39,25062.5,hold_exit_above_dvwap,above_dvwap,vwap,5m_hi_confirm_1m_close,4,-34.0,-34.5,0.5,5,7.25,50.5,0,0,0,F3_0935_INV1618_HOLD_VWAP_T423,,,,,,
M26,2026-04-22,SHORT,1m_confirm_5mHI,0935,F3,1,26941.7265,,,,-7.0,-0.41297,26892.75,26813.5,26853.125,79.25,4.23,26557.5225,26894.75,26894.75,,,,,6,2,09:35,26823.25,0,14,3,09:43,26846.5,hold_exit_above_dvwap,above_dvwap,vwap,5m_hi_confirm_1m_close,8,-23.25,-23.75,0.5,9,6.25,38.75,0,0,0,F3_0935_INV1618_HOLD_VWAP_T423,,,,,,
M26,2026-04-27,SHORT,1m_confirm_5mHI,0935,F3,1,27479.9595,,,,-7.0,-0.497537,27435.0,27362.25,27398.625,72.75,4.23,27127.2675,27437.0,27437.0,,,,,6,2,09:35,27369.0,0,7,2,09:36,27390.5,hold_exit_above_dvwap,above_dvwap,vwap,5m_hi_confirm_1m_close,1,-21.5,-22.0,0.5,2,15.5,25.0,0,0,0,F3_0935_INV1618_HOLD_VWAP_T423,,,,,,
M26,2026-04-30,SHORT,1m_confirm_5mHI,0935,F3,1,27584.3545,,,,-8.0,-0.401337,27491.5,27341.25,27416.375,150.25,4.23,26855.9425,27493.5,27373.0,,,,,6,2,09:35,27345.0,0,16,4,09:45,27359.75,hold_exit_above_dvwap,above_dvwap,vwap,5m_hi_confirm_1m_close,10,-14.75,-15.25,0.5,11,74.0,28.0,0,0,0,F3_0935_INV1618_HOLD_VWAP_T423,,,,,,
M26,2026-05-18,SHORT,1m_confirm_5mHI,0935,F3,1,29405.69,,,,-5.0,-0.532795,29356.25,29276.25,29316.25,80.0,4.23,29017.85,29358.25,29282.75,,,,,6,2,09:35,29288.0,0,25,5,09:54,29272.5,hold_exit_above_dvwap,above_dvwap,vwap,5m_hi_confirm_1m_close,19,15.5,15.0,0.5,20,153.0,13.75,1,0,0,F3_0935_INV1618_HOLD_VWAP_T423,,,,,,
M26,2026-05-26,SHORT,1m_confirm_5mHI,0935,F3,1,29992.474,,,,-7.0,-0.72972,29935.0,29842.0,29888.5,93.0,4.23,29541.61,29937.0,29937.0,,,,,6,2,09:35,29853.5,0,12,3,09:41,29903.5,hold_exit_above_dvwap,above_dvwap,vwap,5m_hi_confirm_1m_close,6,-50.0,-50.5,0.5,7,26.75,56.5,0,0,0,F3_0935_INV1618_HOLD_VWAP_T423,,,,,,
M26,2026-05-27,SHORT,1m_confirm_5mHI,0935,F3,1,30232.9425,,,,-6.0,-0.012362,30192.0,30125.75,30158.875,66.25,4.23,29911.7625,30194.0,30068.75,,,,,6,2,09:35,30140.0,0,23,5,09:52,30066.5,hold_exit_above_dvwap,above_dvwap,vwap,5m_hi_confirm_1m_close,17,73.5,73.0,0.5,18,203.0,13.5,1,1,0,F3_0935_INV1618_HOLD_VWAP_T423,,,,,,
M26,2026-05-29,SHORT,1m_confirm_5mHI,0935,F3,1,30463.8525,,,,-5.0,-0.897001,30426.0,30364.75,30395.375,61.25,4.23,30166.9125,30428.0,30428.0,,,,,6,2,09:35,30375.0,0,6,2,09:35,30420.0,hold_exit_above_dvwap,above_dvwap,vwap,5m_hi_confirm_1m_close,0,-45.0,-45.5,0.5,1,5.25,51.5,0,0,0,F3_0935_INV1618_HOLD_VWAP_T423,,,,,,
M26,2026-06-02,SHORT,1m_confirm_5mHI,0935,F3,1,30630.0135,,,,-8.0,-0.277285,30567.75,30467.0,30517.375,100.75,4.23,30141.5775,30569.75,30569.75,,,,,6,2,09:35,30476.75,0,14,3,09:43,30485.0,hold_exit_above_dvwap,above_dvwap,vwap,5m_hi_confirm_1m_close,8,-8.25,-8.75,0.5,9,53.0,12.5,0,0,0,F3_0935_INV1618_HOLD_VWAP_T423,,,,,,
M26,2026-06-03,SHORT,1m_confirm_5mHI,0935,F3,1,30865.6875,,,,-6.0,-0.980843,30807.75,30714.0,30760.875,93.75,4.23,30411.1875,30809.75,30625.0,,,,,6,2,09:35,30715.0,0,33,7,10:02,30631.25,ratchet_stop,,vwap,5m_hi_confirm_1m_close,27,83.75,83.25,0.5,28,219.0,22.5,1,0,0,F3_0935_INV1618_HOLD_VWAP_T423,,,,,,
M26,2026-06-08,SHORT,1m_confirm_5mHI,0935,F3,1,29690.296,,,,-7.0,-0.860368,29584.0,29412.0,29498.0,172.0,4.23,28856.44,29586.0,29586.0,,,,,6,2,09:35,29418.25,0,13,3,09:42,29522.25,hold_exit_above_dvwap,above_dvwap,vwap,5m_hi_confirm_1m_close,7,-104.0,-104.5,0.5,8,20.75,105.0,0,0,0,F3_0935_INV1618_HOLD_VWAP_T423,,,,,,
M26,2026-06-09,SHORT,1m_confirm_5mHI,0935,F3,1,29818.9155,,,,-7.0,-0.227781,29748.0,29633.25,29690.625,114.75,4.23,29262.6075,29750.0,29750.0,,,,,6,2,09:35,29650.75,0,6,2,09:35,29709.5,hold_exit_above_dvwap,above_dvwap,vwap,5m_hi_confirm_1m_close,0,-58.75,-59.25,0.5,1,3.0,59.0,0,0,0,F3_0935_INV1618_HOLD_VWAP_T423,,,,,,
M26,2026-06-10,SHORT,1m_confirm_5mHI,0935,F3,1,29061.5545,,,,-7.0,-0.943786,28953.25,28778.0,28865.625,175.25,4.23,28211.9425,28955.25,28955.25,,,,,6,2,09:35,28781.0,0,6,2,09:35,28888.25,hold_exit_above_dvwap,above_dvwap,vwap,5m_hi_confirm_1m_close,0,-107.25,-107.75,0.5,1,8.5,120.0,0,0,0,F3_0935_INV1618_HOLD_VWAP_T423,,,,,,
M26,2026-06-11,SHORT,1m_confirm_5mHI,0935,F3,1,28857.4745,,,,-7.0,-0.358151,28786.25,28671.0,28728.625,115.25,4.23,28298.7425,28788.25,28788.25,,,,,6,2,09:35,28687.25,0,7,2,09:36,28762.75,hold_exit_above_dvwap,above_dvwap,vwap,5m_hi_confirm_1m_close,1,-75.5,-76.0,0.5,2,14.5,98.0,0,0,0,F3_0935_INV1618_HOLD_VWAP_T423,,,,,,
U26,2026-06-18,SHORT,1m_confirm_5mHI,0935,F3,1,30697.8485,,,,-8.0,-0.802222,30615.5,30482.25,30548.875,133.25,4.23,30051.8525,30617.5,30503.5,,,,,6,2,09:35,30486.25,0,20,4,09:49,30497.0,hold_exit_above_dvwap,above_dvwap,vwap,5m_hi_confirm_1m_close,14,-10.75,-11.25,0.5,15,95.25,17.25,0,0,0,F3_0935_INV1618_HOLD_VWAP_T423,,,,,,
U26,2026-06-25,SHORT,1m_confirm_5mHI,0935,F3,1,30287.554,,,,-7.0,-0.333068,30193.0,30040.0,30116.5,153.0,4.23,29545.81,30195.0,30090.5,,,,,6,2,09:35,30057.75,0,19,4,09:48,29545.81,target_4.23,,vwap,5m_hi_confirm_1m_close,13,511.94,511.44,0.5,14,527.5,32.75,1,1,1,F3_0935_INV1618_HOLD_VWAP_T423,,,,,,
U26,2026-07-01,SHORT,1m_confirm_5mHI,0935,F3,1,30355.9445,,,,-8.0,-0.690181,30260.0,30104.75,30182.375,155.25,4.23,29603.2925,30262.0,30262.0,,,,,6,2,09:35,30117.25,0,12,3,09:41,30161.5,hold_exit_above_dvwap,above_dvwap,vwap,5m_hi_confirm_1m_close,6,-44.25,-44.75,0.5,7,29.5,67.0,0,0,0,F3_0935_INV1618_HOLD_VWAP_T423,,,,,,
U26,2026-07-07,SHORT,1m_confirm_5mHI,0935,F3,1,29791.119,,,,-7.0,-0.793934,29685.75,29515.25,29600.5,170.5,4.23,28964.535,29687.75,29687.75,,,,,6,2,09:35,29532.0,0,11,3,09:40,29586.5,hold_exit_above_dvwap,above_dvwap,vwap,5m_hi_confirm_1m_close,5,-54.5,-55.0,0.5,6,40.75,55.25,0,0,0,F3_0935_INV1618_HOLD_VWAP_T423,,,,,,
U26,2026-07-13,SHORT,1m_confirm_5mHI,0935,F3,1,29802.449,,,,-7.0,-0.493283,29737.25,29631.75,29684.5,105.5,4.23,29290.985,29739.25,29600.75,,,,,6,2,09:35,29646.25,0,29,6,09:58,29607.25,ratchet_stop,,vwap,5m_hi_confirm_1m_close,23,39.0,38.5,0.5,24,128.25,27.25,0,0,0,F3_0935_INV1618_HOLD_VWAP_T423,,,,,,
U26,2026-07-14,SHORT,1m_confirm_5mHI,0935,F3,1,29893.618,,,,-8.0,-0.274942,29815.75,29689.75,29752.75,126.0,4.23,29282.77,29817.75,29817.75,,,,,6,2,09:35,29693.0,0,8,2,09:37,29760.5,hold_exit_above_dvwap,above_dvwap,vwap,5m_hi_confirm_1m_close,2,-67.5,-68.0,0.5,3,8.0,85.0,0,0,0,F3_0935_INV1618_HOLD_VWAP_T423,,,,,,
U26,2026-07-16,SHORT,1m_confirm_5mHI,0935,F3,1,29595.1905,,,,-6.0,-0.94826,29532.0,29429.75,29480.875,102.25,4.23,29099.4825,29534.0,29342.75,,,,,6,2,09:35,29435.5,0,30,6,09:59,29347.5,ratchet_stop,,vwap,5m_hi_confirm_1m_close,24,88.0,87.5,0.5,25,180.0,35.5,1,0,0,F3_0935_INV1618_HOLD_VWAP_T423,,,,,,
U26,2026-07-17,SHORT,1m_confirm_5mHI,0935,F3,1,28776.3825,,,,-6.0,-0.82075,28686.0,28539.75,28612.875,146.25,4.23,28067.3625,28688.0,28512.0,,,,,6,2,09:35,28554.75,0,21,5,09:50,28520.75,ratchet_stop,,vwap,5m_hi_confirm_1m_close,15,34.0,33.5,0.5,16,146.5,16.5,0,0,0,F3_0935_INV1618_HOLD_VWAP_T423,,,,,,
U26,2026-07-21,SHORT,1m_confirm_5mHI,0935,F3,1,29316.2385,,,,-7.0,-0.461546,29246.25,29133.0,29189.625,113.25,4.23,28767.2025,29248.25,29248.25,,,,,6,2,09:35,29147.0,0,6,2,09:35,29187.25,hold_exit_above_dvwap,above_dvwap,vwap,5m_hi_confirm_1m_close,0,-40.25,-40.75,0.5,1,9.0,42.0,0,0,0,F3_0935_INV1618_HOLD_VWAP_T423,,,,,,
U26,2026-07-28,SHORT,1m_confirm_5mHI,0935,F3,1,28066.6235,,,,-5.0,-0.525227,27992.0,27871.25,27931.625,120.75,4.23,27481.2275,27994.0,27720.5,,,,,6,2,09:35,27876.0,0,36,8,10:05,27766.25,ratchet_stop,,vwap,5m_hi_confirm_1m_close,30,109.75,109.25,0.5,31,234.25,50.25,1,0,0,F3_0935_INV1618_HOLD_VWAP_T423,,,,,,
U26,2026-08-10,SHORT,1m_confirm_5mHI,0935,F3,1,29906.4855,,,,-7.0,-0.909454,29841.75,29737.0,29789.375,104.75,4.23,29398.6575,29843.75,29843.75,,,,,6,2,09:35,29741.25,0,15,3,09:44,29776.0,hold_exit_above_dvwap,above_dvwap,vwap,5m_hi_confirm_1m_close,9,-34.75,-35.25,0.5,10,22.5,70.0,0,0,0,F3_0935_INV1618_HOLD_VWAP_T423,,,,,,
U26,2026-08-11,SHORT,1m_confirm_5mHI,0935,F3,1,29914.188,,,,-8.0,-0.335205,29842.5,29726.5,29784.5,116.0,4.23,29351.82,29844.5,29844.5,,,,,6,2,09:35,29736.75,0,12,3,09:41,29744.25,hold_exit_above_dvwap,above_dvwap,vwap,5m_hi_confirm_1m_close,6,-7.5,-8.0,0.5,7,57.75,19.0,0,0,0,F3_0935_INV1618_HOLD_VWAP_T423,,,,,,
U26,2026-08-12,SHORT,1m_confirm_5mHI,0935,F3,1,30078.382,,,,-8.0,-0.443299,30001.75,29877.75,29939.75,124.0,4.23,29477.23,30003.75,30003.75,,,,,6,2,09:35,29878.5,0,7,2,09:36,29928.0,hold_exit_above_dvwap,above_dvwap,vwap,5m_hi_confirm_1m_close,1,-49.5,-50.0,0.5,2,7.75,57.75,0,0,0,F3_0935_INV1618_HOLD_VWAP_T423,,,,,,
U26,2026-08-14,SHORT,1m_confirm_5mHI,0935,F3,1,30308.8975,,,,-5.0,-0.843128,30269.5,30205.75,30237.625,63.75,4.23,29999.8375,30271.5,30271.5,,,,,6,2,09:35,30206.0,0,13,3,09:42,30238.0,hold_exit_above_dvwap,above_dvwap,vwap,5m_hi_confirm_1m_close,7,-32.0,-32.5,0.5,8,36.25,34.25,0,0,0,F3_0935_INV1618_HOLD_VWAP_T423,,,,,,
U26,2026-08-17,SHORT,1m_confirm_5mHI,0935,F3,1,30312.35,,,,-5.0,-0.817748,30266.0,30191.0,30228.5,75.0,4.23,29948.75,30268.0,30268.0,,,,,6,2,09:35,30197.25,0,6,2,09:35,30225.75,hold_exit_above_dvwap,above_dvwap,vwap,5m_hi_confirm_1m_close,0,-28.5,-29.0,0.5,1,12.25,30.5,0,0,0,F3_0935_INV1618_HOLD_VWAP_T423,,,,,,
U26,2026-08-19,SHORT,1m_confirm_5mHI,0935,F3,1,29800.9965,,,,-5.0,-0.435983,29742.75,29648.5,29695.625,94.25,4.23,29344.0725,29744.75,29462.0,,,,,6,2,09:35,29673.5,0,60,12,10:29,29482.5,ratchet_stop,,vwap,5m_hi_confirm_1m_close,54,191.0,190.5,0.5,55,297.75,14.75,1,1,0,F3_0935_INV1618_HOLD_VWAP_T423,,,,,,
U26,2026-08-21,SHORT,1m_confirm_5mHI,0935,F3,1,29549.0785,,,,-8.0,-0.72187,29476.0,29357.75,29416.875,118.25,4.23,28975.8025,29478.0,29320.25,,,,,6,2,09:35,29363.0,0,36,8,10:05,29320.75,ratchet_stop,,vwap,5m_hi_confirm_1m_close,30,42.25,41.75,0.5,31,107.25,10.5,0,0,0,F3_0935_INV1618_HOLD_VWAP_T423,,,,,,
H26,2025-12-17,SHORT,1m_confirm_5mHI,0935,F3,1,25481.431,,,,-8.0,-0.564224,25447.75,25393.25,25420.5,54.5,2.618,25305.069,25449.75,25449.75,,,,,6,2,09:35,25401.0,0,12,3,09:41,25305.069,target_2.618,,none,5m_hi_confirm_1m_close,0,95.931,95.431,0.5,7,96.0,5.75,1,0,0,F3_0935_INV1618_RATCHET_HI_T2618,,,,,,
H26,2025-12-18,SHORT,1m_confirm_5mHI,0935,F3,1,25374.7685,,,,-6.0,-0.772303,25329.5,25256.25,25292.875,73.25,2.618,25137.7315,25331.5,25227.5,,,,,6,2,09:35,25270.0,0,23,5,09:52,25237.0,ratchet_stop,,none,5m_hi_confirm_1m_close,0,33.0,32.5,0.5,18,108.75,4.5,0,0,0,F3_0935_INV1618_RATCHET_HI_T2618,,,,,,
H26,2025-12-22,SHORT,1m_confirm_5mHI,0935,F3,1,25856.859,,,,-7.0,-0.506942,25794.75,25694.25,25744.5,100.5,2.618,25531.641,25796.75,25720.5,,,,,6,2,09:35,25706.25,0,22,5,09:51,25734.0,ratchet_stop,,none,5m_hi_confirm_1m_close,0,-27.75,-28.25,0.5,17,34.0,38.0,0,0,0,F3_0935_INV1618_RATCHET_HI_T2618,,,,,,
H26,2026-01-05,SHORT,1m_confirm_5mHI,0935,F3,1,25728.5835,,,,-7.0,-0.844601,25672.5,25581.75,25627.125,90.75,2.618,25434.9165,25674.5,25607.5,,,,,6,2,09:35,25590.25,0,16,4,09:45,25624.25,ratchet_stop,,none,5m_hi_confirm_1m_close,0,-34.0,-34.5,0.5,11,51.75,40.5,0,0,0,F3_0935_INV1618_RATCHET_HI_T2618,,,,,,
H26,2026-01-08,SHORT,1m_confirm_5mHI,0935,F3,1,25871.289,,,,-8.0,-0.241331,25803.0,25692.5,25747.75,110.5,2.618,25513.711,25805.0,25658.5,,,,,6,2,09:35,25705.5,0,39,8,10:08,25671.25,ratchet_stop,,none,5m_hi_confirm_1m_close,0,34.25,33.75,0.5,34,136.5,24.75,0,0,0,F3_0935_INV1618_RATCHET_HI_T2618,,,,,,
H26,2026-01-15,SHORT,1m_confirm_5mHI,0935,F3,1,25986.42,,,,-5.0,-0.511924,25946.25,25881.25,25913.75,65.0,2.618,25776.08,25948.25,25895.75,,,,,6,2,09:35,25888.75,0,16,4,09:45,25906.5,ratchet_stop,,none,5m_hi_confirm_1m_close,0,-17.75,-18.25,0.5,11,35.25,64.0,0,0,0,F3_0935_INV1618_RATCHET_HI_T2618,,,,,,
H26,2026-01-21,SHORT,1m_confirm_5mHI,0935,F3,1,25268.364,,,,-6.0,-0.259412,25223.25,25150.25,25186.75,73.0,2.618,25032.136,25225.25,25219.75,,,,,6,2,09:35,25163.75,0,18,4,09:47,25234.75,ratchet_stop,,none,5m_hi_confirm_1m_close,0,-71.0,-71.5,0.5,13,36.25,74.25,0,0,0,F3_0935_INV1618_RATCHET_HI_T2618,,,,,,
H26,2026-01-22,SHORT,1m_confirm_5mHI,0935,F3,1,25773.156,,,,-9.0,-0.333606,25731.75,25664.75,25698.25,67.0,2.618,25556.344,25733.75,25695.0,,,,,6,2,09:35,25666.25,0,20,4,09:49,25556.344,target_2.618,,none,5m_hi_confirm_1m_close,0,109.906,109.406,0.5,15,110.25,28.75,1,0,0,F3_0935_INV1618_RATCHET_HI_T2618,,,,,,
H26,2026-01-23,SHORT,1m_confirm_5mHI,0935,F3,1,25694.0605,,,,-5.0,-0.802518,25652.5,25585.25,25618.875,67.25,2.618,25476.4395,25654.5,25623.5,,,,,6,2,09:35,25592.5,0,16,4,09:45,25626.75,ratchet_stop,,none,5m_hi_confirm_1m_close,0,-34.25,-34.75,0.5,11,30.0,47.5,0,0,0,F3_0935_INV1618_RATCHET_HI_T2618,,,,,,
H26,2026-01-27,SHORT,1m_confirm_5mHI,0935,F3,1,26048.035,,,,-6.0,-0.793903,26012.5,25955.0,25983.75,57.5,2.618,25861.965,26014.5,25972.25,,,,,6,2,09:35,25962.0,0,16,4,09:45,25974.0,ratchet_stop,,none,5m_hi_confirm_1m_close,0,-12.0,-12.5,0.5,11,44.75,21.75,0,0,0,F3_0935_INV1618_RATCHET_HI_T2618,,,,,,
H26,2026-01-29,SHORT,1m_confirm_5mHI,0935,F3,1,26231.547,,,,-6.0,-0.65788,26175.0,26083.5,26129.25,91.5,2.618,25935.453,26177.0,26100.75,,,,,6,2,09:35,26098.0,0,16,4,09:45,25935.453,target_2.618,,none,5m_hi_confirm_1m_close,0,162.547,162.047,0.5,11,172.5,2.75,1,0,0,F3_0935_INV1618_RATCHET_HI_T2618,,,,,,
H26,2026-02-03,SHORT,1m_confirm_5mHI,0935,F3,1,26022.393,,,,-5.0,-0.029144,25952.25,25838.75,25895.5,113.5,2.618,25655.107,25954.25,25811.75,,,,,6,2,09:35,25875.75,0,28,6,09:57,25655.107,target_2.618,,none,5m_hi_confirm_1m_close,0,220.643,220.143,0.5,23,223.0,17.5,1,0,0,F3_0935_INV1618_RATCHET_HI_T2618,,,,,,
H26,2026-02-11,SHORT,1m_confirm_5mHI,0935,F3,1,25526.5865,,,,-6.0,-0.813482,25465.25,25366.0,25415.625,99.25,2.618,25205.4135,25467.25,25416.5,,,,,6,2,09:35,25386.5,0,16,4,09:45,25425.75,ratchet_stop,,none,5m_hi_confirm_1m_close,0,-39.25,-39.75,0.5,11,47.25,39.75,0,0,0,F3_0935_INV1618_RATCHET_HI_T2618,,,,,,
H26,2026-02-18,SHORT,1m_confirm_5mHI,0935,F3,1,24884.2715,,,,-6.0,-0.471859,24833.75,24752.0,24792.875,81.75,2.618,24619.7285,24835.75,24835.75,,,,,6,2,09:35,24769.0,0,13,3,09:42,24841.5,init_stop,,none,5m_hi_confirm_1m_close,0,-72.5,-73.0,0.5,8,13.25,76.0,0,0,0,F3_0935_INV1618_RATCHET_HI_T2618,,,,,,
H26,2026-02-24,SHORT,1m_confirm_5mHI,0935,F3,1,24898.4605,,,,-5.0,-0.07466,24826.0,24708.75,24767.375,117.25,2.618,24519.0395,24828.0,24828.0,,,,,6,2,09:35,24739.0,0,11,3,09:40,24838.75,init_stop,,none,5m_hi_confirm_1m_close,0,-99.75,-100.25,0.5,6,44.5,104.5,0,0,0,F3_0935_INV1618_RATCHET_HI_T2618,,,,,,
H26,2026-02-26,SHORT,1m_confirm_5mHI,0935,F3,1,25395.148,,,,-7.0,-0.21623,25342.0,25256.0,25299.0,86.0,2.618,25116.852,25344.0,25210.75,,,,,6,2,09:35,25272.25,0,43,9,10:12,25116.852,target_2.618,,none,5m_hi_confirm_1m_close,0,155.398,154.898,0.5,38,185.0,23.5,1,0,0,F3_0935_INV1618_RATCHET_HI_T2618,,,,,,
M26,2026-03-27,SHORT,1m_confirm_5mHI,0935,F3,1,23730.2805,,,,-7.0,-0.385654,23664.0,23556.75,23610.375,107.25,2.618,23383.2195,23666.0,23613.0,,,,,6,2,09:35,23564.75,0,16,4,09:45,23619.5,ratchet_stop,,none,5m_hi_confirm_1m_close,0,-54.75,-55.25,0.5,11,32.75,65.25,0,0,0,F3_0935_INV1618_RATCHET_HI_T2618,,,,,,
M26,2026-03-30,SHORT,1m_confirm_5mHI,0935,F3,1,23588.1535,,,,-6.0,-0.714987,23538.25,23457.5,23497.875,80.75,2.618,23326.8465,23540.25,23405.0,,,,,6,2,09:35,23463.75,0,26,6,09:55,23326.8465,target_2.618,,none,5m_hi_confirm_1m_close,0,136.9035,136.4035,0.5,21,140.75,3.5,1,0,0,F3_0935_INV1618_RATCHET_HI_T2618,,,,,,
M26,2026-04-07,SHORT,1m_confirm_5mHI,0935,F3,1,24375.98,,,,-7.0,-0.380328,24308.0,24198.0,24253.0,110.0,2.618,24020.02,24310.0,24203.75,,,,,6,2,09:35,24221.25,0,37,8,10:06,24020.02,target_2.618,,none,5m_hi_confirm_1m_close,0,201.23,200.73,0.5,32,209.25,42.75,1,0,0,F3_0935_INV1618_RATCHET_HI_T2618,,,,,,
M26,2026-04-09,SHORT,1m_confirm_5mHI,0935,F3,1,25155.721,,,,-7.0,-0.667477,25103.5,25019.0,25061.25,84.5,2.618,24882.279,25105.5,25079.0,,,,,6,2,09:35,25028.5,0,16,4,09:45,25096.25,ratchet_stop,,none,5m_hi_confirm_1m_close,0,-67.75,-68.25,0.5,11,7.25,83.0,0,0,0,F3_0935_INV1618_RATCHET_HI_T2618,,,,,,
M26,2026-04-22,SHORT,1m_confirm_5mHI,0935,F3,1,26941.7265,,,,-7.0,-0.41297,26892.75,26813.5,26853.125,79.25,2.618,26685.2735,26894.75,26851.0,,,,,6,2,09:35,26823.25,0,16,4,09:45,26862.5,ratchet_stop,,none,5m_hi_confirm_1m_close,0,-39.25,-39.75,0.5,11,6.25,42.5,0,0,0,F3_0935_INV1618_RATCHET_HI_T2618,,,,,,
M26,2026-04-27,SHORT,1m_confirm_5mHI,0935,F3,1,27479.9595,,,,-7.0,-0.497537,27435.0,27362.25,27398.625,72.75,2.618,27244.5405,27437.0,27388.25,,,,,6,2,09:35,27369.0,0,28,6,09:57,27394.25,ratchet_stop,,none,5m_hi_confirm_1m_close,0,-25.25,-25.75,0.5,23,70.5,44.25,0,0,0,F3_0935_INV1618_RATCHET_HI_T2618,,,,,,
M26,2026-04-30,SHORT,1m_confirm_5mHI,0935,F3,1,27584.3545,,,,-8.0,-0.401337,27491.5,27341.25,27416.375,150.25,2.618,27098.1455,27493.5,27265.25,,,,,6,2,09:35,27345.0,0,36,8,10:05,27277.0,ratchet_stop,,none,5m_hi_confirm_1m_close,0,68.0,67.5,0.5,31,142.0,28.0,0,0,0,F3_0935_INV1618_RATCHET_HI_T2618,,,,,,
M26,2026-05-18,SHORT,1m_confirm_5mHI,0935,F3,1,29405.69,,,,-5.0,-0.532795,29356.25,29276.25,29316.25,80.0,2.618,29146.81,29358.25,29301.75,,,,,6,2,09:35,29288.0,0,16,4,09:45,29146.81,target_2.618,,none,5m_hi_confirm_1m_close,0,141.19,140.69,0.5,11,148.0,13.75,1,0,0,F3_0935_INV1618_RATCHET_HI_T2618,,,,,,
M26,2026-05-26,SHORT,1m_confirm_5mHI,0935,F3,1,29992.474,,,,-7.0,-0.72972,29935.0,29842.0,29888.5,93.0,2.618,29691.526,29937.0,29864.75,,,,,6,2,09:35,29853.5,0,16,4,09:45,29962.25,ratchet_stop,,none,5m_hi_confirm_1m_close,0,-108.75,-109.25,0.5,11,26.75,109.75,0,0,0,F3_0935_INV1618_RATCHET_HI_T2618,,,,,,
M26,2026-05-27,SHORT,1m_confirm_5mHI,0935,F3,1,30232.9425,,,,-6.0,-0.012362,30192.0,30125.75,30158.875,66.25,2.618,30018.5575,30194.0,30194.0,,,,,6,2,09:35,30140.0,0,14,3,09:43,30018.5575,target_2.618,,none,5m_hi_confirm_1m_close,0,121.4425,120.9425,0.5,9,155.5,13.5,1,0,0,F3_0935_INV1618_RATCHET_HI_T2618,,,,,,
M26,2026-05-29,SHORT,1m_confirm_5mHI,0935,F3,1,30463.8525,,,,-5.0,-0.897001,30426.0,30364.75,30395.375,61.25,2.618,30265.6475,30428.0,30428.0,,,,,6,2,09:35,30375.0,0,8,2,09:37,30433.0,init_stop,,none,5m_hi_confirm_1m_close,0,-58.0,-58.5,0.5,3,5.25,60.5,0,0,0,F3_0935_INV1618_RATCHET_HI_T2618,,,,,,
M26,2026-06-02,SHORT,1m_confirm_5mHI,0935,F3,1,30630.0135,,,,-8.0,-0.277285,30567.75,30467.0,30517.375,100.75,2.618,30303.9865,30569.75,30489.25,,,,,6,2,09:35,30476.75,0,16,4,09:45,30507.75,ratchet_stop,,none,5m_hi_confirm_1m_close,0,-31.0,-31.5,0.5,11,53.0,45.25,0,0,0,F3_0935_INV1618_RATCHET_HI_T2618,,,,,,
M26,2026-06-03,SHORT,1m_confirm_5mHI,0935,F3,1,30865.6875,,,,-6.0,-0.980843,30807.75,30714.0,30760.875,93.75,2.618,30562.3125,30809.75,30737.5,,,,,6,2,09:35,30715.0,0,18,4,09:47,30562.3125,target_2.618,,none,5m_hi_confirm_1m_close,0,152.6875,152.1875,0.5,13,171.5,22.5,1,0,0,F3_0935_INV1618_RATCHET_HI_T2618,,,,,,
M26,2026-06-08,SHORT,1m_confirm_5mHI,0935,F3,1,29690.296,,,,-7.0,-0.860368,29584.0,29412.0,29498.0,172.0,2.618,29133.704,29586.0,29499.5,,,,,6,2,09:35,29418.25,0,16,4,09:45,29521.5,ratchet_stop,,none,5m_hi_confirm_1m_close,0,-103.25,-103.75,0.5,11,20.75,137.75,0,0,0,F3_0935_INV1618_RATCHET_HI_T2618,,,,,,
M26,2026-06-09,SHORT,1m_confirm_5mHI,0935,F3,1,29818.9155,,,,-7.0,-0.227781,29748.0,29633.25,29690.625,114.75,2.618,29447.5845,29750.0,29750.0,,,,,6,2,09:35,29650.75,0,14,3,09:43,29750.75,init_stop,,none,5m_hi_confirm_1m_close,0,-100.0,-100.5,0.5,9,3.0,106.5,0,0,0,F3_0935_INV1618_RATCHET_HI_T2618,,,,,,
M26,2026-06-10,SHORT,1m_confirm_5mHI,0935,F3,1,29061.5545,,,,-7.0,-0.943786,28953.25,28778.0,28865.625,175.25,2.618,28494.4455,28955.25,28955.25,,,,,6,2,09:35,28781.0,0,8,2,09:37,28963.0,init_stop,,none,5m_hi_confirm_1m_close,0,-182.0,-182.5,0.5,3,8.5,182.5,0,0,0,F3_0935_INV1618_RATCHET_HI_T2618,,,,,,
M26,2026-06-11,SHORT,1m_confirm_5mHI,0935,F3,1,28857.4745,,,,-7.0,-0.358151,28786.25,28671.0,28728.625,115.25,2.618,28484.5255,28788.25,28785.25,,,,,6,2,09:35,28687.25,0,16,4,09:45,28817.75,ratchet_stop,,none,5m_hi_confirm_1m_close,0,-130.5,-131.0,0.5,11,36.5,133.25,0,0,0,F3_0935_INV1618_RATCHET_HI_T2618,,,,,,
U26,2026-06-18,SHORT,1m_confirm_5mHI,0935,F3,1,30697.8485,,,,-8.0,-0.802222,30615.5,30482.25,30548.875,133.25,2.618,30266.6515,30617.5,30483.5,,,,,6,2,09:35,30486.25,0,21,5,09:50,30492.0,ratchet_stop,,none,5m_hi_confirm_1m_close,0,-5.75,-6.25,0.5,16,95.25,23.75,0,0,0,F3_0935_INV1618_RATCHET_HI_T2618,,,,,,
U26,2026-06-25,SHORT,1m_confirm_5mHI,0935,F3,1,30287.554,,,,-7.0,-0.333068,30193.0,30040.0,30116.5,153.0,2.618,29792.446,30195.0,30195.0,,,,,6,2,09:35,30057.75,0,14,3,09:43,29792.446,target_2.618,,none,5m_hi_confirm_1m_close,0,265.304,264.804,0.5,9,299.5,32.75,1,0,0,F3_0935_INV1618_RATCHET_HI_T2618,,,,,,
U26,2026-07-01,SHORT,1m_confirm_5mHI,0935,F3,1,30355.9445,,,,-8.0,-0.690181,30260.0,30104.75,30182.375,155.25,2.618,29853.5555,30262.0,30162.5,,,,,6,2,09:35,30117.25,0,17,4,09:46,30197.5,ratchet_stop,,none,5m_hi_confirm_1m_close,0,-80.25,-80.75,0.5,12,29.5,90.0,0,0,0,F3_0935_INV1618_RATCHET_HI_T2618,,,,,,
U26,2026-07-07,SHORT,1m_confirm_5mHI,0935,F3,1,29791.119,,,,-7.0,-0.793934,29685.75,29515.25,29600.5,170.5,2.618,29239.381,29687.75,29313.0,,,,,6,2,09:35,29532.0,0,72,15,10:41,29239.381,target_2.618,,none,5m_hi_confirm_1m_close,0,292.619,292.119,0.5,67,305.75,75.0,1,0,0,F3_0935_INV1618_RATCHET_HI_T2618,,,,,,
U26,2026-07-13,SHORT,1m_confirm_5mHI,0935,F3,1,29802.449,,,,-7.0,-0.493283,29737.25,29631.75,29684.5,105.5,2.618,29461.051,29739.25,29600.75,,,,,6,2,09:35,29646.25,0,29,6,09:58,29607.25,ratchet_stop,,none,5m_hi_confirm_1m_close,0,39.0,38.5,0.5,24,128.25,27.25,0,0,0,F3_0935_INV1618_RATCHET_HI_T2618,,,,,,
U26,2026-07-14,SHORT,1m_confirm_5mHI,0935,F3,1,29893.618,,,,-8.0,-0.274942,29815.75,29689.75,29752.75,126.0,2.618,29485.882,29817.75,29781.0,,,,,6,2,09:35,29693.0,0,29,6,09:58,29783.0,ratchet_stop,,none,5m_hi_confirm_1m_close,0,-90.0,-90.5,0.5,24,8.0,115.5,0,0,0,F3_0935_INV1618_RATCHET_HI_T2618,,,,,,
U26,2026-07-16,SHORT,1m_confirm_5mHI,0935,F3,1,29595.1905,,,,-6.0,-0.94826,29532.0,29429.75,29480.875,102.25,2.618,29264.3095,29534.0,29471.0,,,,,6,2,09:35,29435.5,0,20,4,09:49,29264.3095,target_2.618,,none,5m_hi_confirm_1m_close,0,171.1905,170.6905,0.5,15,171.25,35.5,1,0,0,F3_0935_INV1618_RATCHET_HI_T2618,,,,,,
U26,2026-07-17,SHORT,1m_confirm_5mHI,0935,F3,1,28776.3825,,,,-6.0,-0.82075,28686.0,28539.75,28612.875,146.25,2.618,28303.1175,28688.0,28512.0,,,,,6,2,09:35,28554.75,0,21,5,09:50,28520.75,ratchet_stop,,none,5m_hi_confirm_1m_close,0,34.0,33.5,0.5,16,146.5,16.5,0,0,0,F3_0935_INV1618_RATCHET_HI_T2618,,,,,,
U26,2026-07-21,SHORT,1m_confirm_5mHI,0935,F3,1,29316.2385,,,,-7.0,-0.461546,29246.25,29133.0,29189.625,113.25,2.618,28949.7615,29248.25,29153.5,,,,,6,2,09:35,29147.0,0,31,7,10:00,29170.0,ratchet_stop,,none,5m_hi_confirm_1m_close,0,-23.0,-23.5,0.5,26,54.5,79.0,0,0,0,F3_0935_INV1618_RATCHET_HI_T2618,,,,,,
U26,2026-07-28,SHORT,1m_confirm_5mHI,0935,F3,1,28066.6235,,,,-5.0,-0.525227,27992.0,27871.25,27931.625,120.75,2.618,27675.8765,27994.0,27926.25,,,,,6,2,09:35,27876.0,0,17,4,09:46,27675.8765,target_2.618,,none,5m_hi_confirm_1m_close,0,200.1235,199.6235,0.5,12,203.0,50.25,1,0,0,F3_0935_INV1618_RATCHET_HI_T2618,,,,,,
U26,2026-08-10,SHORT,1m_confirm_5mHI,0935,F3,1,29906.4855,,,,-7.0,-0.909454,29841.75,29737.0,29789.375,104.75,2.618,29567.5145,29843.75,29811.25,,,,,6,2,09:35,29741.25,0,20,4,09:49,29817.75,ratchet_stop,,none,5m_hi_confirm_1m_close,0,-76.5,-77.0,0.5,15,22.5,86.75,0,0,0,F3_0935_INV1618_RATCHET_HI_T2618,,,,,,
U26,2026-08-11,SHORT,1m_confirm_5mHI,0935,F3,1,29914.188,,,,-8.0,-0.335205,29842.5,29726.5,29784.5,116.0,2.618,29538.812,29844.5,29725.0,,,,,6,2,09:35,29736.75,0,30,6,09:59,29732.75,ratchet_stop,,none,5m_hi_confirm_1m_close,0,4.0,3.5,0.5,25,105.0,19.5,0,0,0,F3_0935_INV1618_RATCHET_HI_T2618,,,,,,
U26,2026-08-12,SHORT,1m_confirm_5mHI,0935,F3,1,30078.382,,,,-8.0,-0.443299,30001.75,29877.75,29939.75,124.0,2.618,29677.118,30003.75,29946.25,,,,,6,2,09:35,29878.5,0,19,4,09:48,29969.0,ratchet_stop,,none,5m_hi_confirm_1m_close,0,-90.5,-91.0,0.5,14,25.25,92.25,0,0,0,F3_0935_INV1618_RATCHET_HI_T2618,,,,,,
U26,2026-08-14,SHORT,1m_confirm_5mHI,0935,F3,1,30308.8975,,,,-5.0,-0.843128,30269.5,30205.75,30237.625,63.75,2.618,30102.6025,30271.5,30222.0,,,,,6,2,09:35,30206.0,0,16,4,09:45,30265.75,ratchet_stop,,none,5m_hi_confirm_1m_close,0,-59.75,-60.25,0.5,11,36.25,69.25,0,0,0,F3_0935_INV1618_RATCHET_HI_T2618,,,,,,
U26,2026-08-17,SHORT,1m_confirm_5mHI,0935,F3,1,30312.35,,,,-5.0,-0.817748,30266.0,30191.0,30228.5,75.0,2.618,30069.65,30268.0,30230.5,,,,,6,2,09:35,30197.25,0,22,5,09:51,30245.0,ratchet_stop,,none,5m_hi_confirm_1m_close,0,-47.75,-48.25,0.5,17,31.75,50.5,0,0,0,F3_0935_INV1618_RATCHET_HI_T2618,,,,,,
U26,2026-08-19,SHORT,1m_confirm_5mHI,0935,F3,1,29800.9965,,,,-5.0,-0.435983,29742.75,29648.5,29695.625,94.25,2.618,29496.0035,29744.75,29688.25,,,,,6,2,09:35,29673.5,0,20,4,09:49,29496.0035,target_2.618,,none,5m_hi_confirm_1m_close,0,177.4965,176.9965,0.5,15,215.25,14.75,1,0,0,F3_0935_INV1618_RATCHET_HI_T2618,,,,,,
U26,2026-08-21,SHORT,1m_confirm_5mHI,0935,F3,1,29549.0785,,,,-8.0,-0.72187,29476.0,29357.75,29416.875,118.25,2.618,29166.4215,29478.0,29320.25,,,,,6,2,09:35,29363.0,0,36,8,10:05,29320.75,ratchet_stop,,none,5m_hi_confirm_1m_close,0,42.25,41.75,0.5,31,107.25,10.5,0,0,0,F3_0935_INV1618_RATCHET_HI_T2618,,,,,,
H26,2025-12-17,SHORT,1m_confirm_5mHI,0935,F3,1,25481.431,,,,-8.0,-0.564224,25447.75,25393.25,25420.5,54.5,3.33,25266.265,25449.75,25406.75,,,,,6,2,09:35,25401.0,0,17,4,09:46,25266.265,target_3.33,,none,5m_hi_confirm_1m_close,0,134.735,134.235,0.5,12,155.5,5.75,1,1,0,F3_0935_INV1618_RATCHET_HI_T333,,,,,,
H26,2025-12-18,SHORT,1m_confirm_5mHI,0935,F3,1,25374.7685,,,,-6.0,-0.772303,25329.5,25256.25,25292.875,73.25,3.33,25085.5775,25331.5,25227.5,,,,,6,2,09:35,25270.0,0,23,5,09:52,25237.0,ratchet_stop,,none,5m_hi_confirm_1m_close,0,33.0,32.5,0.5,18,108.75,4.5,0,0,0,F3_0935_INV1618_RATCHET_HI_T333,,,,,,
H26,2025-12-22,SHORT,1m_confirm_5mHI,0935,F3,1,25856.859,,,,-7.0,-0.506942,25794.75,25694.25,25744.5,100.5,3.33,25460.085,25796.75,25720.5,,,,,6,2,09:35,25706.25,0,22,5,09:51,25734.0,ratchet_stop,,none,5m_hi_confirm_1m_close,0,-27.75,-28.25,0.5,17,34.0,38.0,0,0,0,F3_0935_INV1618_RATCHET_HI_T333,,,,,,
H26,2026-01-05,SHORT,1m_confirm_5mHI,0935,F3,1,25728.5835,,,,-7.0,-0.844601,25672.5,25581.75,25627.125,90.75,3.33,25370.3025,25674.5,25607.5,,,,,6,2,09:35,25590.25,0,16,4,09:45,25624.25,ratchet_stop,,none,5m_hi_confirm_1m_close,0,-34.0,-34.5,0.5,11,51.75,40.5,0,0,0,F3_0935_INV1618_RATCHET_HI_T333,,,,,,
H26,2026-01-08,SHORT,1m_confirm_5mHI,0935,F3,1,25871.289,,,,-8.0,-0.241331,25803.0,25692.5,25747.75,110.5,3.33,25435.035,25805.0,25658.5,,,,,6,2,09:35,25705.5,0,39,8,10:08,25671.25,ratchet_stop,,none,5m_hi_confirm_1m_close,0,34.25,33.75,0.5,34,136.5,24.75,0,0,0,F3_0935_INV1618_RATCHET_HI_T333,,,,,,
H26,2026-01-15,SHORT,1m_confirm_5mHI,0935,F3,1,25986.42,,,,-5.0,-0.511924,25946.25,25881.25,25913.75,65.0,3.33,25729.8,25948.25,25895.75,,,,,6,2,09:35,25888.75,0,16,4,09:45,25906.5,ratchet_stop,,none,5m_hi_confirm_1m_close,0,-17.75,-18.25,0.5,11,35.25,64.0,0,0,0,F3_0935_INV1618_RATCHET_HI_T333,,,,,,
H26,2026-01-21,SHORT,1m_confirm_5mHI,0935,F3,1,25268.364,,,,-6.0,-0.259412,25223.25,25150.25,25186.75,73.0,3.33,24980.16,25225.25,25219.75,,,,,6,2,09:35,25163.75,0,18,4,09:47,25234.75,ratchet_stop,,none,5m_hi_confirm_1m_close,0,-71.0,-71.5,0.5,13,36.25,74.25,0,0,0,F3_0935_INV1618_RATCHET_HI_T333,,,,,,
H26,2026-01-22,SHORT,1m_confirm_5mHI,0935,F3,1,25773.156,,,,-9.0,-0.333606,25731.75,25664.75,25698.25,67.0,3.33,25508.64,25733.75,25569.25,,,,,6,2,09:35,25666.25,0,46,10,10:15,25577.0,ratchet_stop,,none,5m_hi_confirm_1m_close,0,89.25,88.75,0.5,41,129.5,28.75,1,0,0,F3_0935_INV1618_RATCHET_HI_T333,,,,,,
H26,2026-01-23,SHORT,1m_confirm_5mHI,0935,F3,1,25694.0605,,,,-5.0,-0.802518,25652.5,25585.25,25618.875,67.25,3.33,25428.5575,25654.5,25623.5,,,,,6,2,09:35,25592.5,0,16,4,09:45,25626.75,ratchet_stop,,none,5m_hi_confirm_1m_close,0,-34.25,-34.75,0.5,11,30.0,47.5,0,0,0,F3_0935_INV1618_RATCHET_HI_T333,,,,,,
H26,2026-01-27,SHORT,1m_confirm_5mHI,0935,F3,1,26048.035,,,,-6.0,-0.793903,26012.5,25955.0,25983.75,57.5,3.33,25821.025,26014.5,25972.25,,,,,6,2,09:35,25962.0,0,16,4,09:45,25974.0,ratchet_stop,,none,5m_hi_confirm_1m_close,0,-12.0,-12.5,0.5,11,44.75,21.75,0,0,0,F3_0935_INV1618_RATCHET_HI_T333,,,,,,
H26,2026-01-29,SHORT,1m_confirm_5mHI,0935,F3,1,26231.547,,,,-6.0,-0.65788,26175.0,26083.5,26129.25,91.5,3.33,25870.305,26177.0,26008.25,,,,,6,2,09:35,26098.0,0,30,6,09:59,25870.305,target_3.33,,none,5m_hi_confirm_1m_close,0,227.695,227.195,0.5,25,240.0,2.75,1,1,0,F3_0935_INV1618_RATCHET_HI_T333,,,,,,
H26,2026-02-03,SHORT,1m_confirm_5mHI,0935,F3,1,26022.393,,,,-5.0,-0.029144,25952.25,25838.75,25895.5,113.5,3.33,25574.295,25954.25,25799.5,,,,,6,2,09:35,25875.75,0,33,7,10:02,25574.295,target_3.33,,none,5m_hi_confirm_1m_close,0,301.455,300.955,0.5,28,304.5,17.5,1,1,0,F3_0935_INV1618_RATCHET_HI_T333,,,,,,
H26,2026-02-11,SHORT,1m_confirm_5mHI,0935,F3,1,25526.5865,,,,-6.0,-0.813482,25465.25,25366.0,25415.625,99.25,3.33,25134.7475,25467.25,25416.5,,,,,6,2,09:35,25386.5,0,16,4,09:45,25425.75,ratchet_stop,,none,5m_hi_confirm_1m_close,0,-39.25,-39.75,0.5,11,47.25,39.75,0,0,0,F3_0935_INV1618_RATCHET_HI_T333,,,,,,
H26,2026-02-18,SHORT,1m_confirm_5mHI,0935,F3,1,24884.2715,,,,-6.0,-0.471859,24833.75,24752.0,24792.875,81.75,3.33,24561.5225,24835.75,24835.75,,,,,6,2,09:35,24769.0,0,13,3,09:42,24841.5,init_stop,,none,5m_hi_confirm_1m_close,0,-72.5,-73.0,0.5,8,13.25,76.0,0,0,0,F3_0935_INV1618_RATCHET_HI_T333,,,,,,
H26,2026-02-24,SHORT,1m_confirm_5mHI,0935,F3,1,24898.4605,,,,-5.0,-0.07466,24826.0,24708.75,24767.375,117.25,3.33,24435.5575,24828.0,24828.0,,,,,6,2,09:35,24739.0,0,11,3,09:40,24838.75,init_stop,,none,5m_hi_confirm_1m_close,0,-99.75,-100.25,0.5,6,44.5,104.5,0,0,0,F3_0935_INV1618_RATCHET_HI_T333,,,,,,
H26,2026-02-26,SHORT,1m_confirm_5mHI,0935,F3,1,25395.148,,,,-7.0,-0.21623,25342.0,25256.0,25299.0,86.0,3.33,25055.62,25344.0,25178.0,,,,,6,2,09:35,25272.25,0,46,10,10:15,25055.62,target_3.33,,none,5m_hi_confirm_1m_close,0,216.63,216.13,0.5,41,246.75,23.5,1,1,0,F3_0935_INV1618_RATCHET_HI_T333,,,,,,
M26,2026-03-27,SHORT,1m_confirm_5mHI,0935,F3,1,23730.2805,,,,-7.0,-0.385654,23664.0,23556.75,23610.375,107.25,3.33,23306.8575,23666.0,23613.0,,,,,6,2,09:35,23564.75,0,16,4,09:45,23619.5,ratchet_stop,,none,5m_hi_confirm_1m_close,0,-54.75,-55.25,0.5,11,32.75,65.25,0,0,0,F3_0935_INV1618_RATCHET_HI_T333,,,,,,
M26,2026-03-30,SHORT,1m_confirm_5mHI,0935,F3,1,23588.1535,,,,-6.0,-0.714987,23538.25,23457.5,23497.875,80.75,3.33,23269.3525,23540.25,23340.75,,,,,6,2,09:35,23463.75,0,42,9,10:11,23355.25,ratchet_stop,,none,5m_hi_confirm_1m_close,0,108.5,108.0,0.5,37,171.0,3.5,1,0,0,F3_0935_INV1618_RATCHET_HI_T333,,,,,,
M26,2026-04-07,SHORT,1m_confirm_5mHI,0935,F3,1,24375.98,,,,-7.0,-0.380328,24308.0,24198.0,24253.0,110.0,3.33,23941.7,24310.0,24044.0,,,,,6,2,09:35,24221.25,0,51,11,10:20,24067.25,ratchet_stop,,none,5m_hi_confirm_1m_close,0,154.0,153.5,0.5,46,227.25,42.75,1,0,0,F3_0935_INV1618_RATCHET_HI_T333,,,,,,
M26,2026-04-09,SHORT,1m_confirm_5mHI,0935,F3,1,25155.721,,,,-7.0,-0.667477,25103.5,25019.0,25061.25,84.5,3.33,24822.115,25105.5,25079.0,,,,,6,2,09:35,25028.5,0,16,4,09:45,25096.25,ratchet_stop,,none,5m_hi_confirm_1m_close,0,-67.75,-68.25,0.5,11,7.25,83.0,0,0,0,F3_0935_INV1618_RATCHET_HI_T333,,,,,,
M26,2026-04-22,SHORT,1m_confirm_5mHI,0935,F3,1,26941.7265,,,,-7.0,-0.41297,26892.75,26813.5,26853.125,79.25,3.33,26628.8475,26894.75,26851.0,,,,,6,2,09:35,26823.25,0,16,4,09:45,26862.5,ratchet_stop,,none,5m_hi_confirm_1m_close,0,-39.25,-39.75,0.5,11,6.25,42.5,0,0,0,F3_0935_INV1618_RATCHET_HI_T333,,,,,,
M26,2026-04-27,SHORT,1m_confirm_5mHI,0935,F3,1,27479.9595,,,,-7.0,-0.497537,27435.0,27362.25,27398.625,72.75,3.33,27192.7425,27437.0,27388.25,,,,,6,2,09:35,27369.0,0,28,6,09:57,27394.25,ratchet_stop,,none,5m_hi_confirm_1m_close,0,-25.25,-25.75,0.5,23,70.5,44.25,0,0,0,F3_0935_INV1618_RATCHET_HI_T333,,,,,,
M26,2026-04-30,SHORT,1m_confirm_5mHI,0935,F3,1,27584.3545,,,,-8.0,-0.401337,27491.5,27341.25,27416.375,150.25,3.33,26991.1675,27493.5,27265.25,,,,,6,2,09:35,27345.0,0,36,8,10:05,27277.0,ratchet_stop,,none,5m_hi_confirm_1m_close,0,68.0,67.5,0.5,31,142.0,28.0,0,0,0,F3_0935_INV1618_RATCHET_HI_T333,,,,,,
M26,2026-05-18,SHORT,1m_confirm_5mHI,0935,F3,1,29405.69,,,,-5.0,-0.532795,29356.25,29276.25,29316.25,80.0,3.33,29089.85,29358.25,29206.0,,,,,6,2,09:35,29288.0,0,26,6,09:55,29278.25,ratchet_stop,,none,5m_hi_confirm_1m_close,0,9.75,9.25,0.5,21,153.0,13.75,1,0,0,F3_0935_INV1618_RATCHET_HI_T333,,,,,,
M26,2026-05-26,SHORT,1m_confirm_5mHI,0935,F3,1,29992.474,,,,-7.0,-0.72972,29935.0,29842.0,29888.5,93.0,3.33,29625.31,29937.0,29864.75,,,,,6,2,09:35,29853.5,0,16,4,09:45,29962.25,ratchet_stop,,none,5m_hi_confirm_1m_close,0,-108.75,-109.25,0.5,11,26.75,109.75,0,0,0,F3_0935_INV1618_RATCHET_HI_T333,,,,,,
M26,2026-05-27,SHORT,1m_confirm_5mHI,0935,F3,1,30232.9425,,,,-6.0,-0.012362,30192.0,30125.75,30158.875,66.25,3.33,29971.3875,30194.0,30194.0,,,,,6,2,09:35,30140.0,0,15,3,09:44,29971.3875,target_3.33,,none,5m_hi_confirm_1m_close,0,168.6125,168.1125,0.5,10,175.0,13.5,1,1,0,F3_0935_INV1618_RATCHET_HI_T333,,,,,,
M26,2026-05-29,SHORT,1m_confirm_5mHI,0935,F3,1,30463.8525,,,,-5.0,-0.897001,30426.0,30364.75,30395.375,61.25,3.33,30222.0375,30428.0,30428.0,,,,,6,2,09:35,30375.0,0,8,2,09:37,30433.0,init_stop,,none,5m_hi_confirm_1m_close,0,-58.0,-58.5,0.5,3,5.25,60.5,0,0,0,F3_0935_INV1618_RATCHET_HI_T333,,,,,,
M26,2026-06-02,SHORT,1m_confirm_5mHI,0935,F3,1,30630.0135,,,,-8.0,-0.277285,30567.75,30467.0,30517.375,100.75,3.33,30232.2525,30569.75,30489.25,,,,,6,2,09:35,30476.75,0,16,4,09:45,30507.75,ratchet_stop,,none,5m_hi_confirm_1m_close,0,-31.0,-31.5,0.5,11,53.0,45.25,0,0,0,F3_0935_INV1618_RATCHET_HI_T333,,,,,,
M26,2026-06-03,SHORT,1m_confirm_5mHI,0935,F3,1,30865.6875,,,,-6.0,-0.980843,30807.75,30714.0,30760.875,93.75,3.33,30495.5625,30809.75,30625.0,,,,,6,2,09:35,30715.0,0,33,7,10:02,30631.25,ratchet_stop,,none,5m_hi_confirm_1m_close,0,83.75,83.25,0.5,28,219.0,22.5,1,0,0,F3_0935_INV1618_RATCHET_HI_T333,,,,,,
M26,2026-06-08,SHORT,1m_confirm_5mHI,0935,F3,1,29690.296,,,,-7.0,-0.860368,29584.0,29412.0,29498.0,172.0,3.33,29011.24,29586.0,29499.5,,,,,6,2,09:35,29418.25,0,16,4,09:45,29521.5,ratchet_stop,,none,5m_hi_confirm_1m_close,0,-103.25,-103.75,0.5,11,20.75,137.75,0,0,0,F3_0935_INV1618_RATCHET_HI_T333,,,,,,
M26,2026-06-09,SHORT,1m_confirm_5mHI,0935,F3,1,29818.9155,,,,-7.0,-0.227781,29748.0,29633.25,29690.625,114.75,3.33,29365.8825,29750.0,29750.0,,,,,6,2,09:35,29650.75,0,14,3,09:43,29750.75,init_stop,,none,5m_hi_confirm_1m_close,0,-100.0,-100.5,0.5,9,3.0,106.5,0,0,0,F3_0935_INV1618_RATCHET_HI_T333,,,,,,
M26,2026-06-10,SHORT,1m_confirm_5mHI,0935,F3,1,29061.5545,,,,-7.0,-0.943786,28953.25,28778.0,28865.625,175.25,3.33,28369.6675,28955.25,28955.25,,,,,6,2,09:35,28781.0,0,8,2,09:37,28963.0,init_stop,,none,5m_hi_confirm_1m_close,0,-182.0,-182.5,0.5,3,8.5,182.5,0,0,0,F3_0935_INV1618_RATCHET_HI_T333,,,,,,
M26,2026-06-11,SHORT,1m_confirm_5mHI,0935,F3,1,28857.4745,,,,-7.0,-0.358151,28786.25,28671.0,28728.625,115.25,3.33,28402.4675,28788.25,28785.25,,,,,6,2,09:35,28687.25,0,16,4,09:45,28817.75,ratchet_stop,,none,5m_hi_confirm_1m_close,0,-130.5,-131.0,0.5,11,36.5,133.25,0,0,0,F3_0935_INV1618_RATCHET_HI_T333,,,,,,
U26,2026-06-18,SHORT,1m_confirm_5mHI,0935,F3,1,30697.8485,,,,-8.0,-0.802222,30615.5,30482.25,30548.875,133.25,3.33,30171.7775,30617.5,30483.5,,,,,6,2,09:35,30486.25,0,21,5,09:50,30492.0,ratchet_stop,,none,5m_hi_confirm_1m_close,0,-5.75,-6.25,0.5,16,95.25,23.75,0,0,0,F3_0935_INV1618_RATCHET_HI_T333,,,,,,
U26,2026-06-25,SHORT,1m_confirm_5mHI,0935,F3,1,30287.554,,,,-7.0,-0.333068,30193.0,30040.0,30116.5,153.0,3.33,29683.51,30195.0,30090.5,,,,,6,2,09:35,30057.75,0,17,4,09:46,29683.51,target_3.33,,none,5m_hi_confirm_1m_close,0,374.24,373.74,0.5,12,470.25,32.75,1,1,0,F3_0935_INV1618_RATCHET_HI_T333,,,,,,
U26,2026-07-01,SHORT,1m_confirm_5mHI,0935,F3,1,30355.9445,,,,-8.0,-0.690181,30260.0,30104.75,30182.375,155.25,3.33,29743.0175,30262.0,30162.5,,,,,6,2,09:35,30117.25,0,17,4,09:46,30197.5,ratchet_stop,,none,5m_hi_confirm_1m_close,0,-80.25,-80.75,0.5,12,29.5,90.0,0,0,0,F3_0935_INV1618_RATCHET_HI_T333,,,,,,
U26,2026-07-07,SHORT,1m_confirm_5mHI,0935,F3,1,29791.119,,,,-7.0,-0.793934,29685.75,29515.25,29600.5,170.5,3.33,29117.985,29687.75,29274.75,,,,,6,2,09:35,29532.0,0,81,17,10:50,29275.0,ratchet_stop,,none,5m_hi_confirm_1m_close,0,257.0,256.5,0.5,76,322.0,75.0,1,0,0,F3_0935_INV1618_RATCHET_HI_T333,,,,,,
U26,2026-07-13,SHORT,1m_confirm_5mHI,0935,F3,1,29802.449,,,,-7.0,-0.493283,29737.25,29631.75,29684.5,105.5,3.33,29385.935,29739.25,29600.75,,,,,6,2,09:35,29646.25,0,29,6,09:58,29607.25,ratchet_stop,,none,5m_hi_confirm_1m_close,0,39.0,38.5,0.5,24,128.25,27.25,0,0,0,F3_0935_INV1618_RATCHET_HI_T333,,,,,,
U26,2026-07-14,SHORT,1m_confirm_5mHI,0935,F3,1,29893.618,,,,-8.0,-0.274942,29815.75,29689.75,29752.75,126.0,3.33,29396.17,29817.75,29781.0,,,,,6,2,09:35,29693.0,0,29,6,09:58,29783.0,ratchet_stop,,none,5m_hi_confirm_1m_close,0,-90.0,-90.5,0.5,24,8.0,115.5,0,0,0,F3_0935_INV1618_RATCHET_HI_T333,,,,,,
U26,2026-07-16,SHORT,1m_confirm_5mHI,0935,F3,1,29595.1905,,,,-6.0,-0.94826,29532.0,29429.75,29480.875,102.25,3.33,29191.5075,29534.0,29342.75,,,,,6,2,09:35,29435.5,0,30,6,09:59,29347.5,ratchet_stop,,none,5m_hi_confirm_1m_close,0,88.0,87.5,0.5,25,180.0,35.5,1,0,0,F3_0935_INV1618_RATCHET_HI_T333,,,,,,
U26,2026-07-17,SHORT,1m_confirm_5mHI,0935,F3,1,28776.3825,,,,-6.0,-0.82075,28686.0,28539.75,28612.875,146.25,3.33,28198.9875,28688.0,28512.0,,,,,6,2,09:35,28554.75,0,21,5,09:50,28520.75,ratchet_stop,,none,5m_hi_confirm_1m_close,0,34.0,33.5,0.5,16,146.5,16.5,0,0,0,F3_0935_INV1618_RATCHET_HI_T333,,,,,,
U26,2026-07-21,SHORT,1m_confirm_5mHI,0935,F3,1,29316.2385,,,,-7.0,-0.461546,29246.25,29133.0,29189.625,113.25,3.33,28869.1275,29248.25,29153.5,,,,,6,2,09:35,29147.0,0,31,7,10:00,29170.0,ratchet_stop,,none,5m_hi_confirm_1m_close,0,-23.0,-23.5,0.5,26,54.5,79.0,0,0,0,F3_0935_INV1618_RATCHET_HI_T333,,,,,,
U26,2026-07-28,SHORT,1m_confirm_5mHI,0935,F3,1,28066.6235,,,,-5.0,-0.525227,27992.0,27871.25,27931.625,120.75,3.33,27589.9025,27994.0,27720.5,,,,,6,2,09:35,27876.0,0,36,8,10:05,27766.25,ratchet_stop,,none,5m_hi_confirm_1m_close,0,109.75,109.25,0.5,31,234.25,50.25,1,0,0,F3_0935_INV1618_RATCHET_HI_T333,,,,,,
U26,2026-08-10,SHORT,1m_confirm_5mHI,0935,F3,1,29906.4855,,,,-7.0,-0.909454,29841.75,29737.0,29789.375,104.75,3.33,29492.9325,29843.75,29811.25,,,,,6,2,09:35,29741.25,0,20,4,09:49,29817.75,ratchet_stop,,none,5m_hi_confirm_1m_close,0,-76.5,-77.0,0.5,15,22.5,86.75,0,0,0,F3_0935_INV1618_RATCHET_HI_T333,,,,,,
U26,2026-08-11,SHORT,1m_confirm_5mHI,0935,F3,1,29914.188,,,,-8.0,-0.335205,29842.5,29726.5,29784.5,116.0,3.33,29456.22,29844.5,29725.0,,,,,6,2,09:35,29736.75,0,30,6,09:59,29732.75,ratchet_stop,,none,5m_hi_confirm_1m_close,0,4.0,3.5,0.5,25,105.0,19.5,0,0,0,F3_0935_INV1618_RATCHET_HI_T333,,,,,,
U26,2026-08-12,SHORT,1m_confirm_5mHI,0935,F3,1,30078.382,,,,-8.0,-0.443299,30001.75,29877.75,29939.75,124.0,3.33,29588.83,30003.75,29946.25,,,,,6,2,09:35,29878.5,0,19,4,09:48,29969.0,ratchet_stop,,none,5m_hi_confirm_1m_close,0,-90.5,-91.0,0.5,14,25.25,92.25,0,0,0,F3_0935_INV1618_RATCHET_HI_T333,,,,,,
U26,2026-08-14,SHORT,1m_confirm_5mHI,0935,F3,1,30308.8975,,,,-5.0,-0.843128,30269.5,30205.75,30237.625,63.75,3.33,30057.2125,30271.5,30222.0,,,,,6,2,09:35,30206.0,0,16,4,09:45,30265.75,ratchet_stop,,none,5m_hi_confirm_1m_close,0,-59.75,-60.25,0.5,11,36.25,69.25,0,0,0,F3_0935_INV1618_RATCHET_HI_T333,,,,,,
U26,2026-08-17,SHORT,1m_confirm_5mHI,0935,F3,1,30312.35,,,,-5.0,-0.817748,30266.0,30191.0,30228.5,75.0,3.33,30016.25,30268.0,30230.5,,,,,6,2,09:35,30197.25,0,22,5,09:51,30245.0,ratchet_stop,,none,5m_hi_confirm_1m_close,0,-47.75,-48.25,0.5,17,31.75,50.5,0,0,0,F3_0935_INV1618_RATCHET_HI_T333,,,,,,
U26,2026-08-19,SHORT,1m_confirm_5mHI,0935,F3,1,29800.9965,,,,-5.0,-0.435983,29742.75,29648.5,29695.625,94.25,3.33,29428.8975,29744.75,29628.75,,,,,6,2,09:35,29673.5,0,22,5,09:51,29428.8975,target_3.33,,none,5m_hi_confirm_1m_close,0,244.6025,244.1025,0.5,17,267.0,14.75,1,1,0,F3_0935_INV1618_RATCHET_HI_T333,,,,,,
U26,2026-08-21,SHORT,1m_confirm_5mHI,0935,F3,1,29549.0785,,,,-8.0,-0.72187,29476.0,29357.75,29416.875,118.25,3.33,29082.2275,29478.0,29320.25,,,,,6,2,09:35,29363.0,0,36,8,10:05,29320.75,ratchet_stop,,none,5m_hi_confirm_1m_close,0,42.25,41.75,0.5,31,107.25,10.5,0,0,0,F3_0935_INV1618_RATCHET_HI_T333,,,,,,
H26,2025-12-17,SHORT,1m_confirm_5mHI,0935,F3,1,25481.431,,,,-8.0,-0.564224,25447.75,25393.25,25420.5,54.5,4.23,25217.215,25449.75,25337.5,,,,,6,2,09:35,25401.0,0,29,6,09:58,25338.5,ratchet_stop,,none,5m_hi_confirm_1m_close,0,62.5,62.0,0.5,24,155.5,5.75,1,1,0,F3_0935_INV1618_RATCHET_HI_T423,,,,,,
H26,2025-12-18,SHORT,1m_confirm_5mHI,0935,F3,1,25374.7685,,,,-6.0,-0.772303,25329.5,25256.25,25292.875,73.25,4.23,25019.6525,25331.5,25227.5,,,,,6,2,09:35,25270.0,0,23,5,09:52,25237.0,ratchet_stop,,none,5m_hi_confirm_1m_close,0,33.0,32.5,0.5,18,108.75,4.5,0,0,0,F3_0935_INV1618_RATCHET_HI_T423,,,,,,
H26,2025-12-22,SHORT,1m_confirm_5mHI,0935,F3,1,25856.859,,,,-7.0,-0.506942,25794.75,25694.25,25744.5,100.5,4.23,25369.635,25796.75,25720.5,,,,,6,2,09:35,25706.25,0,22,5,09:51,25734.0,ratchet_stop,,none,5m_hi_confirm_1m_close,0,-27.75,-28.25,0.5,17,34.0,38.0,0,0,0,F3_0935_INV1618_RATCHET_HI_T423,,,,,,
H26,2026-01-05,SHORT,1m_confirm_5mHI,0935,F3,1,25728.5835,,,,-7.0,-0.844601,25672.5,25581.75,25627.125,90.75,4.23,25288.6275,25674.5,25607.5,,,,,6,2,09:35,25590.25,0,16,4,09:45,25624.25,ratchet_stop,,none,5m_hi_confirm_1m_close,0,-34.0,-34.5,0.5,11,51.75,40.5,0,0,0,F3_0935_INV1618_RATCHET_HI_T423,,,,,,
H26,2026-01-08,SHORT,1m_confirm_5mHI,0935,F3,1,25871.289,,,,-8.0,-0.241331,25803.0,25692.5,25747.75,110.5,4.23,25335.585,25805.0,25658.5,,,,,6,2,09:35,25705.5,0,39,8,10:08,25671.25,ratchet_stop,,none,5m_hi_confirm_1m_close,0,34.25,33.75,0.5,34,136.5,24.75,0,0,0,F3_0935_INV1618_RATCHET_HI_T423,,,,,,
H26,2026-01-15,SHORT,1m_confirm_5mHI,0935,F3,1,25986.42,,,,-5.0,-0.511924,25946.25,25881.25,25913.75,65.0,4.23,25671.3,25948.25,25895.75,,,,,6,2,09:35,25888.75,0,16,4,09:45,25906.5,ratchet_stop,,none,5m_hi_confirm_1m_close,0,-17.75,-18.25,0.5,11,35.25,64.0,0,0,0,F3_0935_INV1618_RATCHET_HI_T423,,,,,,
H26,2026-01-21,SHORT,1m_confirm_5mHI,0935,F3,1,25268.364,,,,-6.0,-0.259412,25223.25,25150.25,25186.75,73.0,4.23,24914.46,25225.25,25219.75,,,,,6,2,09:35,25163.75,0,18,4,09:47,25234.75,ratchet_stop,,none,5m_hi_confirm_1m_close,0,-71.0,-71.5,0.5,13,36.25,74.25,0,0,0,F3_0935_INV1618_RATCHET_HI_T423,,,,,,
H26,2026-01-22,SHORT,1m_confirm_5mHI,0935,F3,1,25773.156,,,,-9.0,-0.333606,25731.75,25664.75,25698.25,67.0,4.23,25448.34,25733.75,25569.25,,,,,6,2,09:35,25666.25,0,46,10,10:15,25577.0,ratchet_stop,,none,5m_hi_confirm_1m_close,0,89.25,88.75,0.5,41,129.5,28.75,1,0,0,F3_0935_INV1618_RATCHET_HI_T423,,,,,,
H26,2026-01-23,SHORT,1m_confirm_5mHI,0935,F3,1,25694.0605,,,,-5.0,-0.802518,25652.5,25585.25,25618.875,67.25,4.23,25368.0325,25654.5,25623.5,,,,,6,2,09:35,25592.5,0,16,4,09:45,25626.75,ratchet_stop,,none,5m_hi_confirm_1m_close,0,-34.25,-34.75,0.5,11,30.0,47.5,0,0,0,F3_0935_INV1618_RATCHET_HI_T423,,,,,,
H26,2026-01-27,SHORT,1m_confirm_5mHI,0935,F3,1,26048.035,,,,-6.0,-0.793903,26012.5,25955.0,25983.75,57.5,4.23,25769.275,26014.5,25972.25,,,,,6,2,09:35,25962.0,0,16,4,09:45,25974.0,ratchet_stop,,none,5m_hi_confirm_1m_close,0,-12.0,-12.5,0.5,11,44.75,21.75,0,0,0,F3_0935_INV1618_RATCHET_HI_T423,,,,,,
H26,2026-01-29,SHORT,1m_confirm_5mHI,0935,F3,1,26231.547,,,,-6.0,-0.65788,26175.0,26083.5,26129.25,91.5,4.23,25787.955,26177.0,25988.25,,,,,6,2,09:35,26098.0,0,32,7,10:01,25787.955,target_4.23,,none,5m_hi_confirm_1m_close,0,310.045,309.545,0.5,27,313.5,2.75,1,1,1,F3_0935_INV1618_RATCHET_HI_T423,,,,,,
H26,2026-02-03,SHORT,1m_confirm_5mHI,0935,F3,1,26022.393,,,,-5.0,-0.029144,25952.25,25838.75,25895.5,113.5,4.23,25472.145,25954.25,25594.0,,,,,6,2,09:35,25875.75,0,56,12,10:25,25472.145,target_4.23,,none,5m_hi_confirm_1m_close,0,403.605,403.105,0.5,51,405.5,17.5,1,1,1,F3_0935_INV1618_RATCHET_HI_T423,,,,,,
H26,2026-02-11,SHORT,1m_confirm_5mHI,0935,F3,1,25526.5865,,,,-6.0,-0.813482,25465.25,25366.0,25415.625,99.25,4.23,25045.4225,25467.25,25416.5,,,,,6,2,09:35,25386.5,0,16,4,09:45,25425.75,ratchet_stop,,none,5m_hi_confirm_1m_close,0,-39.25,-39.75,0.5,11,47.25,39.75,0,0,0,F3_0935_INV1618_RATCHET_HI_T423,,,,,,
H26,2026-02-18,SHORT,1m_confirm_5mHI,0935,F3,1,24884.2715,,,,-6.0,-0.471859,24833.75,24752.0,24792.875,81.75,4.23,24487.9475,24835.75,24835.75,,,,,6,2,09:35,24769.0,0,13,3,09:42,24841.5,init_stop,,none,5m_hi_confirm_1m_close,0,-72.5,-73.0,0.5,8,13.25,76.0,0,0,0,F3_0935_INV1618_RATCHET_HI_T423,,,,,,
H26,2026-02-24,SHORT,1m_confirm_5mHI,0935,F3,1,24898.4605,,,,-5.0,-0.07466,24826.0,24708.75,24767.375,117.25,4.23,24330.0325,24828.0,24828.0,,,,,6,2,09:35,24739.0,0,11,3,09:40,24838.75,init_stop,,none,5m_hi_confirm_1m_close,0,-99.75,-100.25,0.5,6,44.5,104.5,0,0,0,F3_0935_INV1618_RATCHET_HI_T423,,,,,,
H26,2026-02-26,SHORT,1m_confirm_5mHI,0935,F3,1,25395.148,,,,-7.0,-0.21623,25342.0,25256.0,25299.0,86.0,4.23,24978.22,25344.0,25178.0,,,,,6,2,09:35,25272.25,0,49,10,10:18,24978.22,target_4.23,,none,5m_hi_confirm_1m_close,0,294.03,293.53,0.5,44,307.25,23.5,1,1,1,F3_0935_INV1618_RATCHET_HI_T423,,,,,,
M26,2026-03-27,SHORT,1m_confirm_5mHI,0935,F3,1,23730.2805,,,,-7.0,-0.385654,23664.0,23556.75,23610.375,107.25,4.23,23210.3325,23666.0,23613.0,,,,,6,2,09:35,23564.75,0,16,4,09:45,23619.5,ratchet_stop,,none,5m_hi_confirm_1m_close,0,-54.75,-55.25,0.5,11,32.75,65.25,0,0,0,F3_0935_INV1618_RATCHET_HI_T423,,,,,,
M26,2026-03-30,SHORT,1m_confirm_5mHI,0935,F3,1,23588.1535,,,,-6.0,-0.714987,23538.25,23457.5,23497.875,80.75,4.23,23196.6775,23540.25,23340.75,,,,,6,2,09:35,23463.75,0,42,9,10:11,23355.25,ratchet_stop,,none,5m_hi_confirm_1m_close,0,108.5,108.0,0.5,37,171.0,3.5,1,0,0,F3_0935_INV1618_RATCHET_HI_T423,,,,,,
M26,2026-04-07,SHORT,1m_confirm_5mHI,0935,F3,1,24375.98,,,,-7.0,-0.380328,24308.0,24198.0,24253.0,110.0,4.23,23842.7,24310.0,24044.0,,,,,6,2,09:35,24221.25,0,51,11,10:20,24067.25,ratchet_stop,,none,5m_hi_confirm_1m_close,0,154.0,153.5,0.5,46,227.25,42.75,1,0,0,F3_0935_INV1618_RATCHET_HI_T423,,,,,,
M26,2026-04-09,SHORT,1m_confirm_5mHI,0935,F3,1,25155.721,,,,-7.0,-0.667477,25103.5,25019.0,25061.25,84.5,4.23,24746.065,25105.5,25079.0,,,,,6,2,09:35,25028.5,0,16,4,09:45,25096.25,ratchet_stop,,none,5m_hi_confirm_1m_close,0,-67.75,-68.25,0.5,11,7.25,83.0,0,0,0,F3_0935_INV1618_RATCHET_HI_T423,,,,,,
M26,2026-04-22,SHORT,1m_confirm_5mHI,0935,F3,1,26941.7265,,,,-7.0,-0.41297,26892.75,26813.5,26853.125,79.25,4.23,26557.5225,26894.75,26851.0,,,,,6,2,09:35,26823.25,0,16,4,09:45,26862.5,ratchet_stop,,none,5m_hi_confirm_1m_close,0,-39.25,-39.75,0.5,11,6.25,42.5,0,0,0,F3_0935_INV1618_RATCHET_HI_T423,,,,,,
M26,2026-04-27,SHORT,1m_confirm_5mHI,0935,F3,1,27479.9595,,,,-7.0,-0.497537,27435.0,27362.25,27398.625,72.75,4.23,27127.2675,27437.0,27388.25,,,,,6,2,09:35,27369.0,0,28,6,09:57,27394.25,ratchet_stop,,none,5m_hi_confirm_1m_close,0,-25.25,-25.75,0.5,23,70.5,44.25,0,0,0,F3_0935_INV1618_RATCHET_HI_T423,,,,,,
M26,2026-04-30,SHORT,1m_confirm_5mHI,0935,F3,1,27584.3545,,,,-8.0,-0.401337,27491.5,27341.25,27416.375,150.25,4.23,26855.9425,27493.5,27265.25,,,,,6,2,09:35,27345.0,0,36,8,10:05,27277.0,ratchet_stop,,none,5m_hi_confirm_1m_close,0,68.0,67.5,0.5,31,142.0,28.0,0,0,0,F3_0935_INV1618_RATCHET_HI_T423,,,,,,
M26,2026-05-18,SHORT,1m_confirm_5mHI,0935,F3,1,29405.69,,,,-5.0,-0.532795,29356.25,29276.25,29316.25,80.0,4.23,29017.85,29358.25,29206.0,,,,,6,2,09:35,29288.0,0,26,6,09:55,29278.25,ratchet_stop,,none,5m_hi_confirm_1m_close,0,9.75,9.25,0.5,21,153.0,13.75,1,0,0,F3_0935_INV1618_RATCHET_HI_T423,,,,,,
M26,2026-05-26,SHORT,1m_confirm_5mHI,0935,F3,1,29992.474,,,,-7.0,-0.72972,29935.0,29842.0,29888.5,93.0,4.23,29541.61,29937.0,29864.75,,,,,6,2,09:35,29853.5,0,16,4,09:45,29962.25,ratchet_stop,,none,5m_hi_confirm_1m_close,0,-108.75,-109.25,0.5,11,26.75,109.75,0,0,0,F3_0935_INV1618_RATCHET_HI_T423,,,,,,
M26,2026-05-27,SHORT,1m_confirm_5mHI,0935,F3,1,30232.9425,,,,-6.0,-0.012362,30192.0,30125.75,30158.875,66.25,4.23,29911.7625,30194.0,30032.25,,,,,6,2,09:35,30140.0,0,28,6,09:57,30043.25,ratchet_stop,,none,5m_hi_confirm_1m_close,0,96.75,96.25,0.5,23,203.0,13.5,1,1,0,F3_0935_INV1618_RATCHET_HI_T423,,,,,,
M26,2026-05-29,SHORT,1m_confirm_5mHI,0935,F3,1,30463.8525,,,,-5.0,-0.897001,30426.0,30364.75,30395.375,61.25,4.23,30166.9125,30428.0,30428.0,,,,,6,2,09:35,30375.0,0,8,2,09:37,30433.0,init_stop,,none,5m_hi_confirm_1m_close,0,-58.0,-58.5,0.5,3,5.25,60.5,0,0,0,F3_0935_INV1618_RATCHET_HI_T423,,,,,,
M26,2026-06-02,SHORT,1m_confirm_5mHI,0935,F3,1,30630.0135,,,,-8.0,-0.277285,30567.75,30467.0,30517.375,100.75,4.23,30141.5775,30569.75,30489.25,,,,,6,2,09:35,30476.75,0,16,4,09:45,30507.75,ratchet_stop,,none,5m_hi_confirm_1m_close,0,-31.0,-31.5,0.5,11,53.0,45.25,0,0,0,F3_0935_INV1618_RATCHET_HI_T423,,,,,,
M26,2026-06-03,SHORT,1m_confirm_5mHI,0935,F3,1,30865.6875,,,,-6.0,-0.980843,30807.75,30714.0,30760.875,93.75,4.23,30411.1875,30809.75,30625.0,,,,,6,2,09:35,30715.0,0,33,7,10:02,30631.25,ratchet_stop,,none,5m_hi_confirm_1m_close,0,83.75,83.25,0.5,28,219.0,22.5,1,0,0,F3_0935_INV1618_RATCHET_HI_T423,,,,,,
M26,2026-06-08,SHORT,1m_confirm_5mHI,0935,F3,1,29690.296,,,,-7.0,-0.860368,29584.0,29412.0,29498.0,172.0,4.23,28856.44,29586.0,29499.5,,,,,6,2,09:35,29418.25,0,16,4,09:45,29521.5,ratchet_stop,,none,5m_hi_confirm_1m_close,0,-103.25,-103.75,0.5,11,20.75,137.75,0,0,0,F3_0935_INV1618_RATCHET_HI_T423,,,,,,
M26,2026-06-09,SHORT,1m_confirm_5mHI,0935,F3,1,29818.9155,,,,-7.0,-0.227781,29748.0,29633.25,29690.625,114.75,4.23,29262.6075,29750.0,29750.0,,,,,6,2,09:35,29650.75,0,14,3,09:43,29750.75,init_stop,,none,5m_hi_confirm_1m_close,0,-100.0,-100.5,0.5,9,3.0,106.5,0,0,0,F3_0935_INV1618_RATCHET_HI_T423,,,,,,
M26,2026-06-10,SHORT,1m_confirm_5mHI,0935,F3,1,29061.5545,,,,-7.0,-0.943786,28953.25,28778.0,28865.625,175.25,4.23,28211.9425,28955.25,28955.25,,,,,6,2,09:35,28781.0,0,8,2,09:37,28963.0,init_stop,,none,5m_hi_confirm_1m_close,0,-182.0,-182.5,0.5,3,8.5,182.5,0,0,0,F3_0935_INV1618_RATCHET_HI_T423,,,,,,
M26,2026-06-11,SHORT,1m_confirm_5mHI,0935,F3,1,28857.4745,,,,-7.0,-0.358151,28786.25,28671.0,28728.625,115.25,4.23,28298.7425,28788.25,28785.25,,,,,6,2,09:35,28687.25,0,16,4,09:45,28817.75,ratchet_stop,,none,5m_hi_confirm_1m_close,0,-130.5,-131.0,0.5,11,36.5,133.25,0,0,0,F3_0935_INV1618_RATCHET_HI_T423,,,,,,
U26,2026-06-18,SHORT,1m_confirm_5mHI,0935,F3,1,30697.8485,,,,-8.0,-0.802222,30615.5,30482.25,30548.875,133.25,4.23,30051.8525,30617.5,30483.5,,,,,6,2,09:35,30486.25,0,21,5,09:50,30492.0,ratchet_stop,,none,5m_hi_confirm_1m_close,0,-5.75,-6.25,0.5,16,95.25,23.75,0,0,0,F3_0935_INV1618_RATCHET_HI_T423,,,,,,
U26,2026-06-25,SHORT,1m_confirm_5mHI,0935,F3,1,30287.554,,,,-7.0,-0.333068,30193.0,30040.0,30116.5,153.0,4.23,29545.81,30195.0,30090.5,,,,,6,2,09:35,30057.75,0,19,4,09:48,29545.81,target_4.23,,none,5m_hi_confirm_1m_close,0,511.94,511.44,0.5,14,527.5,32.75,1,1,1,F3_0935_INV1618_RATCHET_HI_T423,,,,,,
U26,2026-07-01,SHORT,1m_confirm_5mHI,0935,F3,1,30355.9445,,,,-8.0,-0.690181,30260.0,30104.75,30182.375,155.25,4.23,29603.2925,30262.0,30162.5,,,,,6,2,09:35,30117.25,0,17,4,09:46,30197.5,ratchet_stop,,none,5m_hi_confirm_1m_close,0,-80.25,-80.75,0.5,12,29.5,90.0,0,0,0,F3_0935_INV1618_RATCHET_HI_T423,,,,,,
U26,2026-07-07,SHORT,1m_confirm_5mHI,0935,F3,1,29791.119,,,,-7.0,-0.793934,29685.75,29515.25,29600.5,170.5,4.23,28964.535,29687.75,29274.75,,,,,6,2,09:35,29532.0,0,81,17,10:50,29275.0,ratchet_stop,,none,5m_hi_confirm_1m_close,0,257.0,256.5,0.5,76,322.0,75.0,1,0,0,F3_0935_INV1618_RATCHET_HI_T423,,,,,,
U26,2026-07-13,SHORT,1m_confirm_5mHI,0935,F3,1,29802.449,,,,-7.0,-0.493283,29737.25,29631.75,29684.5,105.5,4.23,29290.985,29739.25,29600.75,,,,,6,2,09:35,29646.25,0,29,6,09:58,29607.25,ratchet_stop,,none,5m_hi_confirm_1m_close,0,39.0,38.5,0.5,24,128.25,27.25,0,0,0,F3_0935_INV1618_RATCHET_HI_T423,,,,,,
U26,2026-07-14,SHORT,1m_confirm_5mHI,0935,F3,1,29893.618,,,,-8.0,-0.274942,29815.75,29689.75,29752.75,126.0,4.23,29282.77,29817.75,29781.0,,,,,6,2,09:35,29693.0,0,29,6,09:58,29783.0,ratchet_stop,,none,5m_hi_confirm_1m_close,0,-90.0,-90.5,0.5,24,8.0,115.5,0,0,0,F3_0935_INV1618_RATCHET_HI_T423,,,,,,
U26,2026-07-16,SHORT,1m_confirm_5mHI,0935,F3,1,29595.1905,,,,-6.0,-0.94826,29532.0,29429.75,29480.875,102.25,4.23,29099.4825,29534.0,29342.75,,,,,6,2,09:35,29435.5,0,30,6,09:59,29347.5,ratchet_stop,,none,5m_hi_confirm_1m_close,0,88.0,87.5,0.5,25,180.0,35.5,1,0,0,F3_0935_INV1618_RATCHET_HI_T423,,,,,,
U26,2026-07-17,SHORT,1m_confirm_5mHI,0935,F3,1,28776.3825,,,,-6.0,-0.82075,28686.0,28539.75,28612.875,146.25,4.23,28067.3625,28688.0,28512.0,,,,,6,2,09:35,28554.75,0,21,5,09:50,28520.75,ratchet_stop,,none,5m_hi_confirm_1m_close,0,34.0,33.5,0.5,16,146.5,16.5,0,0,0,F3_0935_INV1618_RATCHET_HI_T423,,,,,,
U26,2026-07-21,SHORT,1m_confirm_5mHI,0935,F3,1,29316.2385,,,,-7.0,-0.461546,29246.25,29133.0,29189.625,113.25,4.23,28767.2025,29248.25,29153.5,,,,,6,2,09:35,29147.0,0,31,7,10:00,29170.0,ratchet_stop,,none,5m_hi_confirm_1m_close,0,-23.0,-23.5,0.5,26,54.5,79.0,0,0,0,F3_0935_INV1618_RATCHET_HI_T423,,,,,,
U26,2026-07-28,SHORT,1m_confirm_5mHI,0935,F3,1,28066.6235,,,,-5.0,-0.525227,27992.0,27871.25,27931.625,120.75,4.23,27481.2275,27994.0,27720.5,,,,,6,2,09:35,27876.0,0,36,8,10:05,27766.25,ratchet_stop,,none,5m_hi_confirm_1m_close,0,109.75,109.25,0.5,31,234.25,50.25,1,0,0,F3_0935_INV1618_RATCHET_HI_T423,,,,,,
U26,2026-08-10,SHORT,1m_confirm_5mHI,0935,F3,1,29906.4855,,,,-7.0,-0.909454,29841.75,29737.0,29789.375,104.75,4.23,29398.6575,29843.75,29811.25,,,,,6,2,09:35,29741.25,0,20,4,09:49,29817.75,ratchet_stop,,none,5m_hi_confirm_1m_close,0,-76.5,-77.0,0.5,15,22.5,86.75,0,0,0,F3_0935_INV1618_RATCHET_HI_T423,,,,,,
U26,2026-08-11,SHORT,1m_confirm_5mHI,0935,F3,1,29914.188,,,,-8.0,-0.335205,29842.5,29726.5,29784.5,116.0,4.23,29351.82,29844.5,29725.0,,,,,6,2,09:35,29736.75,0,30,6,09:59,29732.75,ratchet_stop,,none,5m_hi_confirm_1m_close,0,4.0,3.5,0.5,25,105.0,19.5,0,0,0,F3_0935_INV1618_RATCHET_HI_T423,,,,,,
U26,2026-08-12,SHORT,1m_confirm_5mHI,0935,F3,1,30078.382,,,,-8.0,-0.443299,30001.75,29877.75,29939.75,124.0,4.23,29477.23,30003.75,29946.25,,,,,6,2,09:35,29878.5,0,19,4,09:48,29969.0,ratchet_stop,,none,5m_hi_confirm_1m_close,0,-90.5,-91.0,0.5,14,25.25,92.25,0,0,0,F3_0935_INV1618_RATCHET_HI_T423,,,,,,
U26,2026-08-14,SHORT,1m_confirm_5mHI,0935,F3,1,30308.8975,,,,-5.0,-0.843128,30269.5,30205.75,30237.625,63.75,4.23,29999.8375,30271.5,30222.0,,,,,6,2,09:35,30206.0,0,16,4,09:45,30265.75,ratchet_stop,,none,5m_hi_confirm_1m_close,0,-59.75,-60.25,0.5,11,36.25,69.25,0,0,0,F3_0935_INV1618_RATCHET_HI_T423,,,,,,
U26,2026-08-17,SHORT,1m_confirm_5mHI,0935,F3,1,30312.35,,,,-5.0,-0.817748,30266.0,30191.0,30228.5,75.0,4.23,29948.75,30268.0,30230.5,,,,,6,2,09:35,30197.25,0,22,5,09:51,30245.0,ratchet_stop,,none,5m_hi_confirm_1m_close,0,-47.75,-48.25,0.5,17,31.75,50.5,0,0,0,F3_0935_INV1618_RATCHET_HI_T423,,,,,,
U26,2026-08-19,SHORT,1m_confirm_5mHI,0935,F3,1,29800.9965,,,,-5.0,-0.435983,29742.75,29648.5,29695.625,94.25,4.23,29344.0725,29744.75,29462.0,,,,,6,2,09:35,29673.5,0,60,12,10:29,29482.5,ratchet_stop,,none,5m_hi_confirm_1m_close,0,191.0,190.5,0.5,55,297.75,14.75,1,1,0,F3_0935_INV1618_RATCHET_HI_T423,,,,,,
U26,2026-08-21,SHORT,1m_confirm_5mHI,0935,F3,1,29549.0785,,,,-8.0,-0.72187,29476.0,29357.75,29416.875,118.25,4.23,28975.8025,29478.0,29320.25,,,,,6,2,09:35,29363.0,0,36,8,10:05,29320.75,ratchet_stop,,none,5m_hi_confirm_1m_close,0,42.25,41.75,0.5,31,107.25,10.5,0,0,0,F3_0935_INV1618_RATCHET_HI_T423,,,,,,
H26,2025-12-17,SHORT,1m_break_below,fixed_break,F3,0,25481.431,,,,-8.0,-0.564224,25447.75,25393.25,25420.5,54.5,2.618,25305.069,25449.75,25449.75,6,09:35,25379.25,0,7,2,09:36,25379.0,1,12,3,09:41,25305.069,target_2.618,,vwap,5m_hi_confirm_1m_close,5,73.931,73.431,0.5,6,74.0,1.75,1,0,0,F3_FIXED_HOLD_VWAP_T2618,,,,,,
H26,2025-12-18,SHORT,1m_break_below,fixed_break,F3,0,25374.7685,,,,-6.0,-0.772303,25329.5,25256.25,25292.875,73.25,2.618,25137.7315,25331.5,25227.5,6,09:35,25242.25,0,7,2,09:36,25241.75,1,23,5,09:52,25237.0,ratchet_stop,,vwap,5m_hi_confirm_1m_close,16,4.75,4.25,0.5,17,80.5,25.5,0,0,0,F3_FIXED_HOLD_VWAP_T2618,,,,,,
H26,2025-12-22,SHORT,1m_break_below,fixed_break,F3,0,25856.859,,,,-7.0,-0.506942,25794.75,25694.25,25744.5,100.5,2.618,25531.641,25796.75,25727.5,12,09:41,25685.0,6,13,3,09:42,25684.5,7,18,4,09:47,25720.0,hold_exit_above_dvwap,above_dvwap,vwap,5m_hi_confirm_1m_close,5,-35.5,-36.0,0.5,6,12.25,36.0,0,0,0,F3_FIXED_HOLD_VWAP_T2618,,,,,,
H26,2026-01-05,SHORT,1m_break_below,fixed_break,F3,0,25728.5835,,,,-7.0,-0.844601,25672.5,25581.75,25627.125,90.75,2.618,25434.9165,25674.5,25674.5,6,09:35,25573.25,0,7,2,09:36,25573.0,1,15,3,09:44,25602.0,hold_exit_above_dvwap,above_dvwap,vwap,5m_hi_confirm_1m_close,8,-29.0,-29.5,0.5,9,34.5,40.25,0,0,0,F3_FIXED_HOLD_VWAP_T2618,,,,,,
H26,2026-01-08,SHORT,1m_break_below,fixed_break,F3,0,25871.289,,,,-8.0,-0.241331,25803.0,25692.5,25747.75,110.5,2.618,25513.711,25805.0,25658.5,9,09:38,25688.5,3,10,2,09:39,25688.25,4,39,8,10:08,25671.25,ratchet_stop,,vwap,5m_hi_confirm_1m_close,29,17.0,16.5,0.5,30,119.25,19.75,0,0,0,F3_FIXED_HOLD_VWAP_T2618,,,,,,
H26,2026-01-15,SHORT,1m_break_below,fixed_break,F3,0,25986.42,,,,-5.0,-0.511924,25946.25,25881.25,25913.75,65.0,2.618,25776.08,25948.25,25948.25,6,09:35,25881.0,0,7,2,09:36,25881.0,1,14,3,09:43,25902.25,hold_exit_above_dvwap,above_dvwap,vwap,5m_hi_confirm_1m_close,7,-21.25,-21.75,0.5,8,27.5,29.75,0,0,0,F3_FIXED_HOLD_VWAP_T2618,,,,,,
H26,2026-01-21,SHORT,1m_break_below,fixed_break,F3,0,25268.364,,,,-6.0,-0.259412,25223.25,25150.25,25186.75,73.0,2.618,25032.136,25225.25,25225.25,11,09:40,25135.0,5,12,3,09:41,25134.75,6,14,3,09:43,25193.75,hold_exit_above_dvwap,above_dvwap,vwap,5m_hi_confirm_1m_close,2,-59.0,-59.5,0.5,3,7.25,69.25,0,0,0,F3_FIXED_HOLD_VWAP_T2618,,,,,,
H26,2026-01-22,SHORT,1m_break_below,fixed_break,F3,0,25773.156,,,,-9.0,-0.333606,25731.75,25664.75,25698.25,67.0,2.618,25556.344,25733.75,25733.75,6,09:35,25651.75,0,7,2,09:36,25652.75,1,8,2,09:37,25676.5,hold_exit_above_dvwap,above_dvwap,vwap,5m_hi_confirm_1m_close,1,-23.75,-24.25,0.5,2,17.0,24.75,0,0,0,F3_FIXED_HOLD_VWAP_T2618,,,,,,
H26,2026-01-23,SHORT,1m_break_below,fixed_break,F3,0,25694.0605,,,,-5.0,-0.802518,25652.5,25585.25,25618.875,67.25,2.618,25476.4395,25654.5,25654.5,8,09:37,25570.0,2,9,2,09:38,25571.5,3,12,3,09:41,25616.25,hold_exit_above_dvwap,above_dvwap,vwap,5m_hi_confirm_1m_close,3,-44.75,-45.25,0.5,4,7.5,48.0,0,0,0,F3_FIXED_HOLD_VWAP_T2618,,,,,,
H26,2026-01-27,SHORT,1m_break_below,fixed_break,F3,0,26048.035,,,,-6.0,-0.793903,26012.5,25955.0,25983.75,57.5,2.618,25861.965,26014.5,26014.5,6,09:35,25951.0,0,7,2,09:36,25951.75,1,12,3,09:41,25966.75,hold_exit_above_dvwap,above_dvwap,vwap,5m_hi_confirm_1m_close,5,-15.0,-15.5,0.5,6,34.5,16.25,0,0,0,F3_FIXED_HOLD_VWAP_T2618,,,,,,
H26,2026-01-29,SHORT,1m_break_below,fixed_break,F3,0,26231.547,,,,-6.0,-0.65788,26175.0,26083.5,26129.25,91.5,2.618,25935.453,26177.0,26100.75,6,09:35,26062.5,0,7,2,09:36,26064.0,1,16,4,09:45,25935.453,target_2.618,,vwap,5m_hi_confirm_1m_close,9,128.547,128.047,0.5,10,138.5,4.5,1,0,0,F3_FIXED_HOLD_VWAP_T2618,,,,,,
H26,2026-02-03,SHORT,1m_break_below,fixed_break,F3,0,26022.393,,,,-5.0,-0.029144,25952.25,25838.75,25895.5,113.5,2.618,25655.107,25954.25,25811.75,9,09:38,25834.75,3,10,2,09:39,25835.5,4,28,6,09:57,25655.107,target_2.618,,vwap,5m_hi_confirm_1m_close,18,180.393,179.893,0.5,19,182.75,4.25,1,0,0,F3_FIXED_HOLD_VWAP_T2618,,,,,,
H26,2026-02-11,SHORT,1m_break_below,fixed_break,F3,0,25526.5865,,,,-6.0,-0.813482,25465.25,25366.0,25415.625,99.25,2.618,25205.4135,25467.25,25416.5,7,09:36,25360.75,1,8,2,09:37,25362.0,2,16,4,09:45,25425.75,ratchet_stop,,vwap,5m_hi_confirm_1m_close,8,-63.75,-64.25,0.5,9,22.75,64.25,0,0,0,F3_FIXED_HOLD_VWAP_T2618,,,,,,
H26,2026-02-26,SHORT,1m_break_below,fixed_break,F3,0,25395.148,,,,-7.0,-0.21623,25342.0,25256.0,25299.0,86.0,2.618,25116.852,25344.0,25210.75,7,09:36,25234.0,1,8,2,09:37,25234.0,2,43,9,10:12,25116.852,target_2.618,,vwap,5m_hi_confirm_1m_close,35,117.148,116.648,0.5,36,146.75,61.75,1,0,0,F3_FIXED_HOLD_VWAP_T2618,,,,,,
M26,2026-03-27,SHORT,1m_break_below,fixed_break,F3,0,23730.2805,,,,-7.0,-0.385654,23664.0,23556.75,23610.375,107.25,2.618,23383.2195,23666.0,23666.0,6,09:35,23554.25,0,7,2,09:36,23554.0,1,9,2,09:38,23597.75,hold_exit_above_dvwap,above_dvwap,vwap,5m_hi_confirm_1m_close,2,-43.75,-44.25,0.5,3,22.0,52.25,0,0,0,F3_FIXED_HOLD_VWAP_T2618,,,,,,
M26,2026-03-30,SHORT,1m_break_below,fixed_break,F3,0,23588.1535,,,,-6.0,-0.714987,23538.25,23457.5,23497.875,80.75,2.618,23326.8465,23540.25,23405.0,6,09:35,23443.75,0,7,2,09:36,23444.25,1,26,6,09:55,23326.8465,target_2.618,,vwap,5m_hi_confirm_1m_close,19,117.4035,116.9035,0.5,20,121.25,5.0,1,0,0,F3_FIXED_HOLD_VWAP_T2618,,,,,,
M26,2026-04-07,SHORT,1m_break_below,fixed_break,F3,0,24375.98,,,,-7.0,-0.380328,24308.0,24198.0,24253.0,110.0,2.618,24020.02,24310.0,24203.75,15,09:44,24196.5,9,16,4,09:45,24197.0,10,37,8,10:06,24020.02,target_2.618,,vwap,5m_hi_confirm_1m_close,21,176.98,176.48,0.5,22,185.0,10.75,1,0,0,F3_FIXED_HOLD_VWAP_T2618,,,,,,
M26,2026-04-09,SHORT,1m_break_below,fixed_break,F3,0,25155.721,,,,-7.0,-0.667477,25103.5,25019.0,25061.25,84.5,2.618,24882.279,25105.5,25040.5,27,09:56,25016.25,21,28,6,09:57,25017.25,22,36,8,10:05,25049.0,ratchet_stop,,vwap,5m_hi_confirm_1m_close,8,-31.75,-32.25,0.5,9,8.75,38.75,0,0,0,F3_FIXED_HOLD_VWAP_T2618,,,,,,
M26,2026-04-27,SHORT,1m_break_below,fixed_break,F3,0,27479.9595,,,,-7.0,-0.497537,27435.0,27362.25,27398.625,72.75,2.618,27244.5405,27437.0,27401.0,16,09:45,27360.0,10,17,4,09:46,27360.25,11,25,5,09:54,27378.75,hold_exit_above_dvwap,above_dvwap,vwap,5m_hi_confirm_1m_close,8,-18.5,-19.0,0.5,9,61.75,21.75,0,0,0,F3_FIXED_HOLD_VWAP_T2618,,,,,,
M26,2026-04-30,SHORT,1m_break_below,fixed_break,F3,0,27584.3545,,,,-8.0,-0.401337,27491.5,27341.25,27416.375,150.25,2.618,27098.1455,27493.5,27373.0,6,09:35,27332.5,0,7,2,09:36,27333.5,1,16,4,09:45,27359.75,hold_exit_above_dvwap,above_dvwap,vwap,5m_hi_confirm_1m_close,9,-26.25,-26.75,0.5,10,62.5,39.5,0,0,0,F3_FIXED_HOLD_VWAP_T2618,,,,,,
M26,2026-05-18,SHORT,1m_break_below,fixed_break,F3,0,29405.69,,,,-5.0,-0.532795,29356.25,29276.25,29316.25,80.0,2.618,29146.81,29358.25,29301.75,7,09:36,29258.25,1,8,2,09:37,29257.75,2,16,4,09:45,29146.81,target_2.618,,vwap,5m_hi_confirm_1m_close,8,110.94,110.44,0.5,9,117.75,29.25,1,0,0,F3_FIXED_HOLD_VWAP_T2618,,,,,,
M26,2026-05-26,SHORT,1m_break_below,fixed_break,F3,0,29992.474,,,,-7.0,-0.72972,29935.0,29842.0,29888.5,93.0,2.618,29691.526,29937.0,29937.0,6,09:35,29840.5,0,7,2,09:36,29840.75,1,12,3,09:41,29903.5,hold_exit_above_dvwap,above_dvwap,vwap,5m_hi_confirm_1m_close,5,-62.75,-63.25,0.5,6,6.25,69.25,0,0,0,F3_FIXED_HOLD_VWAP_T2618,,,,,,
M26,2026-05-27,SHORT,1m_break_below,fixed_break,F3,0,30232.9425,,,,-6.0,-0.012362,30192.0,30125.75,30158.875,66.25,2.618,30018.5575,30194.0,30194.0,6,09:35,30116.0,0,7,2,09:36,30116.5,1,14,3,09:43,30018.5575,target_2.618,,vwap,5m_hi_confirm_1m_close,7,97.9425,97.4425,0.5,8,132.0,14.75,1,0,0,F3_FIXED_HOLD_VWAP_T2618,,,,,,
M26,2026-05-29,SHORT,1m_break_below,fixed_break,F3,0,30463.8525,,,,-5.0,-0.897001,30426.0,30364.75,30395.375,61.25,2.618,30265.6475,30428.0,30428.0,57,10:26,30350.25,51,58,12,10:27,30349.0,52,65,13,10:34,30437.0,init_stop,,vwap,5m_hi_confirm_1m_close,7,-88.0,-88.5,0.5,8,1.0,88.5,0,0,0,F3_FIXED_HOLD_VWAP_T2618,,,,,,
M26,2026-06-02,SHORT,1m_break_below,fixed_break,F3,0,30630.0135,,,,-8.0,-0.277285,30567.75,30467.0,30517.375,100.75,2.618,30303.9865,30569.75,30569.75,6,09:35,30456.0,0,7,2,09:36,30457.25,1,14,3,09:43,30485.0,hold_exit_above_dvwap,above_dvwap,vwap,5m_hi_confirm_1m_close,7,-27.75,-28.25,0.5,8,33.5,30.0,0,0,0,F3_FIXED_HOLD_VWAP_T2618,,,,,,
M26,2026-06-03,SHORT,1m_break_below,fixed_break,F3,0,30865.6875,,,,-6.0,-0.980843,30807.75,30714.0,30760.875,93.75,2.618,30562.3125,30809.75,30737.5,6,09:35,30680.0,0,7,2,09:36,30680.5,1,18,4,09:47,30562.3125,target_2.618,,vwap,5m_hi_confirm_1m_close,11,118.1875,117.6875,0.5,12,137.0,57.0,1,0,0,F3_FIXED_HOLD_VWAP_T2618,,,,,,
M26,2026-06-08,SHORT,1m_break_below,fixed_break,F3,0,29690.296,,,,-7.0,-0.860368,29584.0,29412.0,29498.0,172.0,2.618,29133.704,29586.0,29432.0,28,09:57,29379.25,22,29,6,09:58,29378.5,23,42,9,10:11,29459.75,ratchet_stop,,vwap,5m_hi_confirm_1m_close,13,-81.25,-81.75,0.5,14,47.0,89.0,0,0,0,F3_FIXED_HOLD_VWAP_T2618,,,,,,
M26,2026-06-09,SHORT,1m_break_below,fixed_break,F3,0,29818.9155,,,,-7.0,-0.227781,29748.0,29633.25,29690.625,114.75,2.618,29447.5845,29750.0,29702.5,40,10:09,29630.75,34,41,9,10:10,29631.25,35,47,10,10:16,29447.5845,target_2.618,,vwap,5m_hi_confirm_1m_close,6,183.6655,183.1655,0.5,7,187.25,1.25,1,0,0,F3_FIXED_HOLD_VWAP_T2618,,,,,,
M26,2026-06-10,SHORT,1m_break_below,fixed_break,F3,0,29061.5545,,,,-7.0,-0.943786,28953.25,28778.0,28865.625,175.25,2.618,28494.4455,28955.25,28840.75,102,11:11,28775.75,96,103,21,11:12,28778.25,97,114,23,11:23,28842.0,ratchet_stop,,vwap,5m_hi_confirm_1m_close,11,-63.75,-64.25,0.5,12,114.75,69.0,0,0,0,F3_FIXED_HOLD_VWAP_T2618,,,,,,
M26,2026-06-11,SHORT,1m_break_below,fixed_break,F3,0,28857.4745,,,,-7.0,-0.358151,28786.25,28671.0,28728.625,115.25,2.618,28484.5255,28788.25,28788.25,11,09:40,28668.75,5,12,3,09:41,28670.5,6,14,3,09:43,28745.75,hold_exit_above_dvwap,above_dvwap,vwap,5m_hi_confirm_1m_close,2,-75.25,-75.75,0.5,3,12.5,86.75,0,0,0,F3_FIXED_HOLD_VWAP_T2618,,,,,,
U26,2026-06-18,SHORT,1m_break_below,fixed_break,F3,0,30697.8485,,,,-8.0,-0.802222,30615.5,30482.25,30548.875,133.25,2.618,30266.6515,30617.5,30503.5,6,09:35,30469.0,0,7,2,09:36,30468.75,1,20,4,09:49,30497.0,hold_exit_above_dvwap,above_dvwap,vwap,5m_hi_confirm_1m_close,13,-28.25,-28.75,0.5,14,77.75,33.5,0,0,0,F3_FIXED_HOLD_VWAP_T2618,,,,,,
U26,2026-06-25,SHORT,1m_break_below,fixed_break,F3,0,30287.554,,,,-7.0,-0.333068,30193.0,30040.0,30116.5,153.0,2.618,29792.446,30195.0,30195.0,8,09:37,30029.75,2,9,2,09:38,30029.5,3,14,3,09:43,29792.446,target_2.618,,vwap,5m_hi_confirm_1m_close,5,237.054,236.554,0.5,6,271.25,6.25,1,0,0,F3_FIXED_HOLD_VWAP_T2618,,,,,,
U26,2026-07-01,SHORT,1m_break_below,fixed_break,F3,0,30355.9445,,,,-8.0,-0.690181,30260.0,30104.75,30182.375,155.25,2.618,29853.5555,30262.0,30262.0,6,09:35,30102.5,0,7,2,09:36,30102.5,1,12,3,09:41,30161.5,hold_exit_above_dvwap,above_dvwap,vwap,5m_hi_confirm_1m_close,5,-59.0,-59.5,0.5,6,8.0,81.75,0,0,0,F3_FIXED_HOLD_VWAP_T2618,,,,,,
U26,2026-07-07,SHORT,1m_break_below,fixed_break,F3,0,29791.119,,,,-7.0,-0.793934,29685.75,29515.25,29600.5,170.5,2.618,29239.381,29687.75,29687.75,9,09:38,29502.75,3,10,2,09:39,29501.5,4,11,3,09:40,29586.5,hold_exit_above_dvwap,above_dvwap,vwap,5m_hi_confirm_1m_close,1,-85.0,-85.5,0.5,2,6.75,85.75,0,0,0,F3_FIXED_HOLD_VWAP_T2618,,,,,,
U26,2026-07-13,SHORT,1m_break_below,fixed_break,F3,0,29802.449,,,,-7.0,-0.493283,29737.25,29631.75,29684.5,105.5,2.618,29461.051,29739.25,29600.75,8,09:37,29619.75,2,9,2,09:38,29620.25,3,29,6,09:58,29607.25,ratchet_stop,,vwap,5m_hi_confirm_1m_close,20,13.0,12.5,0.5,21,102.25,46.5,0,0,0,F3_FIXED_HOLD_VWAP_T2618,,,,,,
U26,2026-07-14,SHORT,1m_break_below,fixed_break,F3,0,29893.618,,,,-8.0,-0.274942,29815.75,29689.75,29752.75,126.0,2.618,29485.882,29817.75,29690.5,36,10:05,29670.0,30,37,8,10:06,29669.75,31,53,11,10:22,29708.5,ratchet_stop,,vwap,5m_hi_confirm_1m_close,16,-38.75,-39.25,0.5,17,102.25,45.25,0,0,0,F3_FIXED_HOLD_VWAP_T2618,,,,,,
U26,2026-07-16,SHORT,1m_break_below,fixed_break,F3,0,29595.1905,,,,-6.0,-0.94826,29532.0,29429.75,29480.875,102.25,2.618,29264.3095,29534.0,29471.0,6,09:35,29417.25,0,7,2,09:36,29418.75,1,20,4,09:49,29264.3095,target_2.618,,vwap,5m_hi_confirm_1m_close,13,154.4405,153.9405,0.5,14,154.5,52.25,1,0,0,F3_FIXED_HOLD_VWAP_T2618,,,,,,
U26,2026-07-17,SHORT,1m_break_below,fixed_break,F3,0,28776.3825,,,,-6.0,-0.82075,28686.0,28539.75,28612.875,146.25,2.618,28303.1175,28688.0,28512.0,7,09:36,28523.25,1,8,2,09:37,28523.75,2,21,5,09:50,28520.75,ratchet_stop,,vwap,5m_hi_confirm_1m_close,13,3.0,2.5,0.5,14,115.5,14.25,0,0,0,F3_FIXED_HOLD_VWAP_T2618,,,,,,
U26,2026-07-21,SHORT,1m_break_below,fixed_break,F3,0,29316.2385,,,,-7.0,-0.461546,29246.25,29133.0,29189.625,113.25,2.618,28949.7615,29248.25,29153.5,17,09:46,29114.75,11,18,4,09:47,29114.5,12,31,7,10:00,29170.0,ratchet_stop,,vwap,5m_hi_confirm_1m_close,13,-55.5,-56.0,0.5,14,22.0,74.0,0,0,0,F3_FIXED_HOLD_VWAP_T2618,,,,,,
U26,2026-07-28,SHORT,1m_break_below,fixed_break,F3,0,28066.6235,,,,-5.0,-0.525227,27992.0,27871.25,27931.625,120.75,2.618,27675.8765,27994.0,27926.25,7,09:36,27860.5,1,8,2,09:37,27861.0,2,17,4,09:46,27675.8765,target_2.618,,vwap,5m_hi_confirm_1m_close,9,185.1235,184.6235,0.5,10,188.0,17.5,1,0,0,F3_FIXED_HOLD_VWAP_T2618,,,,,,
U26,2026-08-10,SHORT,1m_break_below,fixed_break,F3,0,29906.4855,,,,-7.0,-0.909454,29841.75,29737.0,29789.375,104.75,2.618,29567.5145,29843.75,29768.5,194,12:43,29735.5,188,195,39,12:44,29735.5,189,207,42,12:56,29772.0,ratchet_stop,,vwap,5m_hi_confirm_1m_close,12,-36.5,-37.0,0.5,13,6.0,37.5,0,0,0,F3_FIXED_HOLD_VWAP_T2618,,,,,,
U26,2026-08-11,SHORT,1m_break_below,fixed_break,F3,0,29914.188,,,,-8.0,-0.335205,29842.5,29726.5,29784.5,116.0,2.618,29538.812,29844.5,29844.5,6,09:35,29698.25,0,7,2,09:36,29697.25,1,12,3,09:41,29744.25,hold_exit_above_dvwap,above_dvwap,vwap,5m_hi_confirm_1m_close,5,-47.0,-47.5,0.5,6,18.25,58.5,0,0,0,F3_FIXED_HOLD_VWAP_T2618,,,,,,
U26,2026-08-12,SHORT,1m_break_below,fixed_break,F3,0,30078.382,,,,-8.0,-0.443299,30001.75,29877.75,29939.75,124.0,2.618,29677.118,30003.75,29946.25,11,09:40,29870.0,5,12,3,09:41,29869.25,6,18,4,09:47,29915.5,hold_exit_above_dvwap,above_dvwap,vwap,5m_hi_confirm_1m_close,6,-46.25,-46.75,0.5,7,3.75,57.75,0,0,0,F3_FIXED_HOLD_VWAP_T2618,,,,,,
U26,2026-08-14,SHORT,1m_break_below,fixed_break,F3,0,30308.8975,,,,-5.0,-0.843128,30269.5,30205.75,30237.625,63.75,2.618,30102.6025,30271.5,30271.5,6,09:35,30199.75,0,7,2,09:36,30200.5,1,13,3,09:42,30238.0,hold_exit_above_dvwap,above_dvwap,vwap,5m_hi_confirm_1m_close,6,-37.5,-38.0,0.5,7,30.75,39.75,0,0,0,F3_FIXED_HOLD_VWAP_T2618,,,,,,
U26,2026-08-17,SHORT,1m_break_below,fixed_break,F3,0,30312.35,,,,-5.0,-0.817748,30266.0,30191.0,30228.5,75.0,2.618,30069.65,30268.0,30268.0,9,09:38,30187.25,3,10,2,09:39,30188.0,4,12,3,09:41,30217.25,hold_exit_above_dvwap,above_dvwap,vwap,5m_hi_confirm_1m_close,2,-29.25,-29.75,0.5,3,22.5,35.25,0,0,0,F3_FIXED_HOLD_VWAP_T2618,,,,,,
U26,2026-08-19,SHORT,1m_break_below,fixed_break,F3,0,29800.9965,,,,-5.0,-0.435983,29742.75,29648.5,29695.625,94.25,2.618,29496.0035,29744.75,29688.25,7,09:36,29626.5,1,8,2,09:37,29627.25,2,20,4,09:49,29496.0035,target_2.618,,vwap,5m_hi_confirm_1m_close,12,131.2465,130.7465,0.5,13,169.0,23.0,1,0,0,F3_FIXED_HOLD_VWAP_T2618,,,,,,
U26,2026-08-21,SHORT,1m_break_below,fixed_break,F3,0,29549.0785,,,,-8.0,-0.72187,29476.0,29357.75,29416.875,118.25,2.618,29166.4215,29478.0,29320.25,7,09:36,29345.0,1,8,2,09:37,29345.25,2,36,8,10:05,29320.75,ratchet_stop,,vwap,5m_hi_confirm_1m_close,28,24.5,24.0,0.5,29,89.5,15.0,0,0,0,F3_FIXED_HOLD_VWAP_T2618,,,,,,
H26,2025-12-17,SHORT,1m_break_below,fixed_break,F3,0,25481.431,,,,-8.0,-0.564224,25447.75,25393.25,25420.5,54.5,3.33,25266.265,25449.75,25406.75,6,09:35,25379.25,0,7,2,09:36,25379.0,1,17,4,09:46,25266.265,target_3.33,,vwap,5m_hi_confirm_1m_close,10,112.735,112.235,0.5,11,133.5,1.75,1,1,0,F3_FIXED_HOLD_VWAP_T333,,,,,,
H26,2025-12-18,SHORT,1m_break_below,fixed_break,F3,0,25374.7685,,,,-6.0,-0.772303,25329.5,25256.25,25292.875,73.25,3.33,25085.5775,25331.5,25227.5,6,09:35,25242.25,0,7,2,09:36,25241.75,1,23,5,09:52,25237.0,ratchet_stop,,vwap,5m_hi_confirm_1m_close,16,4.75,4.25,0.5,17,80.5,25.5,0,0,0,F3_FIXED_HOLD_VWAP_T333,,,,,,
H26,2025-12-22,SHORT,1m_break_below,fixed_break,F3,0,25856.859,,,,-7.0,-0.506942,25794.75,25694.25,25744.5,100.5,3.33,25460.085,25796.75,25727.5,12,09:41,25685.0,6,13,3,09:42,25684.5,7,18,4,09:47,25720.0,hold_exit_above_dvwap,above_dvwap,vwap,5m_hi_confirm_1m_close,5,-35.5,-36.0,0.5,6,12.25,36.0,0,0,0,F3_FIXED_HOLD_VWAP_T333,,,,,,
H26,2026-01-05,SHORT,1m_break_below,fixed_break,F3,0,25728.5835,,,,-7.0,-0.844601,25672.5,25581.75,25627.125,90.75,3.33,25370.3025,25674.5,25674.5,6,09:35,25573.25,0,7,2,09:36,25573.0,1,15,3,09:44,25602.0,hold_exit_above_dvwap,above_dvwap,vwap,5m_hi_confirm_1m_close,8,-29.0,-29.5,0.5,9,34.5,40.25,0,0,0,F3_FIXED_HOLD_VWAP_T333,,,,,,
H26,2026-01-08,SHORT,1m_break_below,fixed_break,F3,0,25871.289,,,,-8.0,-0.241331,25803.0,25692.5,25747.75,110.5,3.33,25435.035,25805.0,25658.5,9,09:38,25688.5,3,10,2,09:39,25688.25,4,39,8,10:08,25671.25,ratchet_stop,,vwap,5m_hi_confirm_1m_close,29,17.0,16.5,0.5,30,119.25,19.75,0,0,0,F3_FIXED_HOLD_VWAP_T333,,,,,,
H26,2026-01-15,SHORT,1m_break_below,fixed_break,F3,0,25986.42,,,,-5.0,-0.511924,25946.25,25881.25,25913.75,65.0,3.33,25729.8,25948.25,25948.25,6,09:35,25881.0,0,7,2,09:36,25881.0,1,14,3,09:43,25902.25,hold_exit_above_dvwap,above_dvwap,vwap,5m_hi_confirm_1m_close,7,-21.25,-21.75,0.5,8,27.5,29.75,0,0,0,F3_FIXED_HOLD_VWAP_T333,,,,,,
H26,2026-01-21,SHORT,1m_break_below,fixed_break,F3,0,25268.364,,,,-6.0,-0.259412,25223.25,25150.25,25186.75,73.0,3.33,24980.16,25225.25,25225.25,11,09:40,25135.0,5,12,3,09:41,25134.75,6,14,3,09:43,25193.75,hold_exit_above_dvwap,above_dvwap,vwap,5m_hi_confirm_1m_close,2,-59.0,-59.5,0.5,3,7.25,69.25,0,0,0,F3_FIXED_HOLD_VWAP_T333,,,,,,
H26,2026-01-22,SHORT,1m_break_below,fixed_break,F3,0,25773.156,,,,-9.0,-0.333606,25731.75,25664.75,25698.25,67.0,3.33,25508.64,25733.75,25733.75,6,09:35,25651.75,0,7,2,09:36,25652.75,1,8,2,09:37,25676.5,hold_exit_above_dvwap,above_dvwap,vwap,5m_hi_confirm_1m_close,1,-23.75,-24.25,0.5,2,17.0,24.75,0,0,0,F3_FIXED_HOLD_VWAP_T333,,,,,,
H26,2026-01-23,SHORT,1m_break_below,fixed_break,F3,0,25694.0605,,,,-5.0,-0.802518,25652.5,25585.25,25618.875,67.25,3.33,25428.5575,25654.5,25654.5,8,09:37,25570.0,2,9,2,09:38,25571.5,3,12,3,09:41,25616.25,hold_exit_above_dvwap,above_dvwap,vwap,5m_hi_confirm_1m_close,3,-44.75,-45.25,0.5,4,7.5,48.0,0,0,0,F3_FIXED_HOLD_VWAP_T333,,,,,,
H26,2026-01-27,SHORT,1m_break_below,fixed_break,F3,0,26048.035,,,,-6.0,-0.793903,26012.5,25955.0,25983.75,57.5,3.33,25821.025,26014.5,26014.5,6,09:35,25951.0,0,7,2,09:36,25951.75,1,12,3,09:41,25966.75,hold_exit_above_dvwap,above_dvwap,vwap,5m_hi_confirm_1m_close,5,-15.0,-15.5,0.5,6,34.5,16.25,0,0,0,F3_FIXED_HOLD_VWAP_T333,,,,,,
H26,2026-01-29,SHORT,1m_break_below,fixed_break,F3,0,26231.547,,,,-6.0,-0.65788,26175.0,26083.5,26129.25,91.5,3.33,25870.305,26177.0,26008.25,6,09:35,26062.5,0,7,2,09:36,26064.0,1,30,6,09:59,25870.305,target_3.33,,vwap,5m_hi_confirm_1m_close,23,193.695,193.195,0.5,24,206.0,4.5,1,1,0,F3_FIXED_HOLD_VWAP_T333,,,,,,
H26,2026-02-03,SHORT,1m_break_below,fixed_break,F3,0,26022.393,,,,-5.0,-0.029144,25952.25,25838.75,25895.5,113.5,3.33,25574.295,25954.25,25799.5,9,09:38,25834.75,3,10,2,09:39,25835.5,4,33,7,10:02,25574.295,target_3.33,,vwap,5m_hi_confirm_1m_close,23,261.205,260.705,0.5,24,264.25,4.25,1,1,0,F3_FIXED_HOLD_VWAP_T333,,,,,,
H26,2026-02-11,SHORT,1m_break_below,fixed_break,F3,0,25526.5865,,,,-6.0,-0.813482,25465.25,25366.0,25415.625,99.25,3.33,25134.7475,25467.25,25416.5,7,09:36,25360.75,1,8,2,09:37,25362.0,2,16,4,09:45,25425.75,ratchet_stop,,vwap,5m_hi_confirm_1m_close,8,-63.75,-64.25,0.5,9,22.75,64.25,0,0,0,F3_FIXED_HOLD_VWAP_T333,,,,,,
H26,2026-02-26,SHORT,1m_break_below,fixed_break,F3,0,25395.148,,,,-7.0,-0.21623,25342.0,25256.0,25299.0,86.0,3.33,25055.62,25344.0,25178.0,7,09:36,25234.0,1,8,2,09:37,25234.0,2,46,10,10:15,25055.62,target_3.33,,vwap,5m_hi_confirm_1m_close,38,178.38,177.88,0.5,39,208.5,61.75,1,1,0,F3_FIXED_HOLD_VWAP_T333,,,,,,
M26,2026-03-27,SHORT,1m_break_below,fixed_break,F3,0,23730.2805,,,,-7.0,-0.385654,23664.0,23556.75,23610.375,107.25,3.33,23306.8575,23666.0,23666.0,6,09:35,23554.25,0,7,2,09:36,23554.0,1,9,2,09:38,23597.75,hold_exit_above_dvwap,above_dvwap,vwap,5m_hi_confirm_1m_close,2,-43.75,-44.25,0.5,3,22.0,52.25,0,0,0,F3_FIXED_HOLD_VWAP_T333,,,,,,
M26,2026-03-30,SHORT,1m_break_below,fixed_break,F3,0,23588.1535,,,,-6.0,-0.714987,23538.25,23457.5,23497.875,80.75,3.33,23269.3525,23540.25,23340.75,6,09:35,23443.75,0,7,2,09:36,23444.25,1,42,9,10:11,23355.25,ratchet_stop,,vwap,5m_hi_confirm_1m_close,35,89.0,88.5,0.5,36,151.5,5.0,1,0,0,F3_FIXED_HOLD_VWAP_T333,,,,,,
M26,2026-04-07,SHORT,1m_break_below,fixed_break,F3,0,24375.98,,,,-7.0,-0.380328,24308.0,24198.0,24253.0,110.0,3.33,23941.7,24310.0,24044.0,15,09:44,24196.5,9,16,4,09:45,24197.0,10,51,11,10:20,24067.25,ratchet_stop,,vwap,5m_hi_confirm_1m_close,35,129.75,129.25,0.5,36,203.0,10.75,1,0,0,F3_FIXED_HOLD_VWAP_T333,,,,,,
M26,2026-04-09,SHORT,1m_break_below,fixed_break,F3,0,25155.721,,,,-7.0,-0.667477,25103.5,25019.0,25061.25,84.5,3.33,24822.115,25105.5,25040.5,27,09:56,25016.25,21,28,6,09:57,25017.25,22,36,8,10:05,25049.0,ratchet_stop,,vwap,5m_hi_confirm_1m_close,8,-31.75,-32.25,0.5,9,8.75,38.75,0,0,0,F3_FIXED_HOLD_VWAP_T333,,,,,,
M26,2026-04-27,SHORT,1m_break_below,fixed_break,F3,0,27479.9595,,,,-7.0,-0.497537,27435.0,27362.25,27398.625,72.75,3.33,27192.7425,27437.0,27401.0,16,09:45,27360.0,10,17,4,09:46,27360.25,11,25,5,09:54,27378.75,hold_exit_above_dvwap,above_dvwap,vwap,5m_hi_confirm_1m_close,8,-18.5,-19.0,0.5,9,61.75,21.75,0,0,0,F3_FIXED_HOLD_VWAP_T333,,,,,,
M26,2026-04-30,SHORT,1m_break_below,fixed_break,F3,0,27584.3545,,,,-8.0,-0.401337,27491.5,27341.25,27416.375,150.25,3.33,26991.1675,27493.5,27373.0,6,09:35,27332.5,0,7,2,09:36,27333.5,1,16,4,09:45,27359.75,hold_exit_above_dvwap,above_dvwap,vwap,5m_hi_confirm_1m_close,9,-26.25,-26.75,0.5,10,62.5,39.5,0,0,0,F3_FIXED_HOLD_VWAP_T333,,,,,,
M26,2026-05-18,SHORT,1m_break_below,fixed_break,F3,0,29405.69,,,,-5.0,-0.532795,29356.25,29276.25,29316.25,80.0,3.33,29089.85,29358.25,29282.75,7,09:36,29258.25,1,8,2,09:37,29257.75,2,25,5,09:54,29272.5,hold_exit_above_dvwap,above_dvwap,vwap,5m_hi_confirm_1m_close,17,-14.75,-15.25,0.5,18,122.75,29.25,1,0,0,F3_FIXED_HOLD_VWAP_T333,,,,,,
M26,2026-05-26,SHORT,1m_break_below,fixed_break,F3,0,29992.474,,,,-7.0,-0.72972,29935.0,29842.0,29888.5,93.0,3.33,29625.31,29937.0,29937.0,6,09:35,29840.5,0,7,2,09:36,29840.75,1,12,3,09:41,29903.5,hold_exit_above_dvwap,above_dvwap,vwap,5m_hi_confirm_1m_close,5,-62.75,-63.25,0.5,6,6.25,69.25,0,0,0,F3_FIXED_HOLD_VWAP_T333,,,,,,
M26,2026-05-27,SHORT,1m_break_below,fixed_break,F3,0,30232.9425,,,,-6.0,-0.012362,30192.0,30125.75,30158.875,66.25,3.33,29971.3875,30194.0,30194.0,6,09:35,30116.0,0,7,2,09:36,30116.5,1,15,3,09:44,29971.3875,target_3.33,,vwap,5m_hi_confirm_1m_close,8,145.1125,144.6125,0.5,9,151.5,14.75,1,1,0,F3_FIXED_HOLD_VWAP_T333,,,,,,
M26,2026-05-29,SHORT,1m_break_below,fixed_break,F3,0,30463.8525,,,,-5.0,-0.897001,30426.0,30364.75,30395.375,61.25,3.33,30222.0375,30428.0,30428.0,57,10:26,30350.25,51,58,12,10:27,30349.0,52,65,13,10:34,30437.0,init_stop,,vwap,5m_hi_confirm_1m_close,7,-88.0,-88.5,0.5,8,1.0,88.5,0,0,0,F3_FIXED_HOLD_VWAP_T333,,,,,,
M26,2026-06-02,SHORT,1m_break_below,fixed_break,F3,0,30630.0135,,,,-8.0,-0.277285,30567.75,30467.0,30517.375,100.75,3.33,30232.2525,30569.75,30569.75,6,09:35,30456.0,0,7,2,09:36,30457.25,1,14,3,09:43,30485.0,hold_exit_above_dvwap,above_dvwap,vwap,5m_hi_confirm_1m_close,7,-27.75,-28.25,0.5,8,33.5,30.0,0,0,0,F3_FIXED_HOLD_VWAP_T333,,,,,,
M26,2026-06-03,SHORT,1m_break_below,fixed_break,F3,0,30865.6875,,,,-6.0,-0.980843,30807.75,30714.0,30760.875,93.75,3.33,30495.5625,30809.75,30625.0,6,09:35,30680.0,0,7,2,09:36,30680.5,1,33,7,10:02,30631.25,ratchet_stop,,vwap,5m_hi_confirm_1m_close,26,49.25,48.75,0.5,27,184.5,57.0,1,0,0,F3_FIXED_HOLD_VWAP_T333,,,,,,
M26,2026-06-08,SHORT,1m_break_below,fixed_break,F3,0,29690.296,,,,-7.0,-0.860368,29584.0,29412.0,29498.0,172.0,3.33,29011.24,29586.0,29432.0,28,09:57,29379.25,22,29,6,09:58,29378.5,23,42,9,10:11,29459.75,ratchet_stop,,vwap,5m_hi_confirm_1m_close,13,-81.25,-81.75,0.5,14,47.0,89.0,0,0,0,F3_FIXED_HOLD_VWAP_T333,,,,,,
M26,2026-06-09,SHORT,1m_break_below,fixed_break,F3,0,29818.9155,,,,-7.0,-0.227781,29748.0,29633.25,29690.625,114.75,3.33,29365.8825,29750.0,29632.5,40,10:09,29630.75,34,41,9,10:10,29631.25,35,51,11,10:20,29365.8825,target_3.33,,vwap,5m_hi_confirm_1m_close,10,265.3675,264.8675,0.5,11,266.25,1.25,1,1,0,F3_FIXED_HOLD_VWAP_T333,,,,,,
M26,2026-06-10,SHORT,1m_break_below,fixed_break,F3,0,29061.5545,,,,-7.0,-0.943786,28953.25,28778.0,28865.625,175.25,3.33,28369.6675,28955.25,28840.75,102,11:11,28775.75,96,103,21,11:12,28778.25,97,114,23,11:23,28842.0,ratchet_stop,,vwap,5m_hi_confirm_1m_close,11,-63.75,-64.25,0.5,12,114.75,69.0,0,0,0,F3_FIXED_HOLD_VWAP_T333,,,,,,
M26,2026-06-11,SHORT,1m_break_below,fixed_break,F3,0,28857.4745,,,,-7.0,-0.358151,28786.25,28671.0,28728.625,115.25,3.33,28402.4675,28788.25,28788.25,11,09:40,28668.75,5,12,3,09:41,28670.5,6,14,3,09:43,28745.75,hold_exit_above_dvwap,above_dvwap,vwap,5m_hi_confirm_1m_close,2,-75.25,-75.75,0.5,3,12.5,86.75,0,0,0,F3_FIXED_HOLD_VWAP_T333,,,,,,
U26,2026-06-18,SHORT,1m_break_below,fixed_break,F3,0,30697.8485,,,,-8.0,-0.802222,30615.5,30482.25,30548.875,133.25,3.33,30171.7775,30617.5,30503.5,6,09:35,30469.0,0,7,2,09:36,30468.75,1,20,4,09:49,30497.0,hold_exit_above_dvwap,above_dvwap,vwap,5m_hi_confirm_1m_close,13,-28.25,-28.75,0.5,14,77.75,33.5,0,0,0,F3_FIXED_HOLD_VWAP_T333,,,,,,
U26,2026-06-25,SHORT,1m_break_below,fixed_break,F3,0,30287.554,,,,-7.0,-0.333068,30193.0,30040.0,30116.5,153.0,3.33,29683.51,30195.0,30090.5,8,09:37,30029.75,2,9,2,09:38,30029.5,3,17,4,09:46,29683.51,target_3.33,,vwap,5m_hi_confirm_1m_close,8,345.99,345.49,0.5,9,442.0,6.25,1,1,0,F3_FIXED_HOLD_VWAP_T333,,,,,,
U26,2026-07-01,SHORT,1m_break_below,fixed_break,F3,0,30355.9445,,,,-8.0,-0.690181,30260.0,30104.75,30182.375,155.25,3.33,29743.0175,30262.0,30262.0,6,09:35,30102.5,0,7,2,09:36,30102.5,1,12,3,09:41,30161.5,hold_exit_above_dvwap,above_dvwap,vwap,5m_hi_confirm_1m_close,5,-59.0,-59.5,0.5,6,8.0,81.75,0,0,0,F3_FIXED_HOLD_VWAP_T333,,,,,,
U26,2026-07-07,SHORT,1m_break_below,fixed_break,F3,0,29791.119,,,,-7.0,-0.793934,29685.75,29515.25,29600.5,170.5,3.33,29117.985,29687.75,29687.75,9,09:38,29502.75,3,10,2,09:39,29501.5,4,11,3,09:40,29586.5,hold_exit_above_dvwap,above_dvwap,vwap,5m_hi_confirm_1m_close,1,-85.0,-85.5,0.5,2,6.75,85.75,0,0,0,F3_FIXED_HOLD_VWAP_T333,,,,,,
U26,2026-07-13,SHORT,1m_break_below,fixed_break,F3,0,29802.449,,,,-7.0,-0.493283,29737.25,29631.75,29684.5,105.5,3.33,29385.935,29739.25,29600.75,8,09:37,29619.75,2,9,2,09:38,29620.25,3,29,6,09:58,29607.25,ratchet_stop,,vwap,5m_hi_confirm_1m_close,20,13.0,12.5,0.5,21,102.25,46.5,0,0,0,F3_FIXED_HOLD_VWAP_T333,,,,,,
U26,2026-07-14,SHORT,1m_break_below,fixed_break,F3,0,29893.618,,,,-8.0,-0.274942,29815.75,29689.75,29752.75,126.0,3.33,29396.17,29817.75,29690.5,36,10:05,29670.0,30,37,8,10:06,29669.75,31,53,11,10:22,29708.5,ratchet_stop,,vwap,5m_hi_confirm_1m_close,16,-38.75,-39.25,0.5,17,102.25,45.25,0,0,0,F3_FIXED_HOLD_VWAP_T333,,,,,,
U26,2026-07-16,SHORT,1m_break_below,fixed_break,F3,0,29595.1905,,,,-6.0,-0.94826,29532.0,29429.75,29480.875,102.25,3.33,29191.5075,29534.0,29342.75,6,09:35,29417.25,0,7,2,09:36,29418.75,1,30,6,09:59,29347.5,ratchet_stop,,vwap,5m_hi_confirm_1m_close,23,71.25,70.75,0.5,24,163.25,52.25,1,0,0,F3_FIXED_HOLD_VWAP_T333,,,,,,
U26,2026-07-17,SHORT,1m_break_below,fixed_break,F3,0,28776.3825,,,,-6.0,-0.82075,28686.0,28539.75,28612.875,146.25,3.33,28198.9875,28688.0,28512.0,7,09:36,28523.25,1,8,2,09:37,28523.75,2,21,5,09:50,28520.75,ratchet_stop,,vwap,5m_hi_confirm_1m_close,13,3.0,2.5,0.5,14,115.5,14.25,0,0,0,F3_FIXED_HOLD_VWAP_T333,,,,,,
U26,2026-07-21,SHORT,1m_break_below,fixed_break,F3,0,29316.2385,,,,-7.0,-0.461546,29246.25,29133.0,29189.625,113.25,3.33,28869.1275,29248.25,29153.5,17,09:46,29114.75,11,18,4,09:47,29114.5,12,31,7,10:00,29170.0,ratchet_stop,,vwap,5m_hi_confirm_1m_close,13,-55.5,-56.0,0.5,14,22.0,74.0,0,0,0,F3_FIXED_HOLD_VWAP_T333,,,,,,
U26,2026-07-28,SHORT,1m_break_below,fixed_break,F3,0,28066.6235,,,,-5.0,-0.525227,27992.0,27871.25,27931.625,120.75,3.33,27589.9025,27994.0,27720.5,7,09:36,27860.5,1,8,2,09:37,27861.0,2,36,8,10:05,27766.25,ratchet_stop,,vwap,5m_hi_confirm_1m_close,28,94.75,94.25,0.5,29,219.25,17.5,1,0,0,F3_FIXED_HOLD_VWAP_T333,,,,,,
U26,2026-08-10,SHORT,1m_break_below,fixed_break,F3,0,29906.4855,,,,-7.0,-0.909454,29841.75,29737.0,29789.375,104.75,3.33,29492.9325,29843.75,29768.5,194,12:43,29735.5,188,195,39,12:44,29735.5,189,207,42,12:56,29772.0,ratchet_stop,,vwap,5m_hi_confirm_1m_close,12,-36.5,-37.0,0.5,13,6.0,37.5,0,0,0,F3_FIXED_HOLD_VWAP_T333,,,,,,
U26,2026-08-11,SHORT,1m_break_below,fixed_break,F3,0,29914.188,,,,-8.0,-0.335205,29842.5,29726.5,29784.5,116.0,3.33,29456.22,29844.5,29844.5,6,09:35,29698.25,0,7,2,09:36,29697.25,1,12,3,09:41,29744.25,hold_exit_above_dvwap,above_dvwap,vwap,5m_hi_confirm_1m_close,5,-47.0,-47.5,0.5,6,18.25,58.5,0,0,0,F3_FIXED_HOLD_VWAP_T333,,,,,,
U26,2026-08-12,SHORT,1m_break_below,fixed_break,F3,0,30078.382,,,,-8.0,-0.443299,30001.75,29877.75,29939.75,124.0,3.33,29588.83,30003.75,29946.25,11,09:40,29870.0,5,12,3,09:41,29869.25,6,18,4,09:47,29915.5,hold_exit_above_dvwap,above_dvwap,vwap,5m_hi_confirm_1m_close,6,-46.25,-46.75,0.5,7,3.75,57.75,0,0,0,F3_FIXED_HOLD_VWAP_T333,,,,,,
U26,2026-08-14,SHORT,1m_break_below,fixed_break,F3,0,30308.8975,,,,-5.0,-0.843128,30269.5,30205.75,30237.625,63.75,3.33,30057.2125,30271.5,30271.5,6,09:35,30199.75,0,7,2,09:36,30200.5,1,13,3,09:42,30238.0,hold_exit_above_dvwap,above_dvwap,vwap,5m_hi_confirm_1m_close,6,-37.5,-38.0,0.5,7,30.75,39.75,0,0,0,F3_FIXED_HOLD_VWAP_T333,,,,,,
U26,2026-08-17,SHORT,1m_break_below,fixed_break,F3,0,30312.35,,,,-5.0,-0.817748,30266.0,30191.0,30228.5,75.0,3.33,30016.25,30268.0,30268.0,9,09:38,30187.25,3,10,2,09:39,30188.0,4,12,3,09:41,30217.25,hold_exit_above_dvwap,above_dvwap,vwap,5m_hi_confirm_1m_close,2,-29.25,-29.75,0.5,3,22.5,35.25,0,0,0,F3_FIXED_HOLD_VWAP_T333,,,,,,
U26,2026-08-19,SHORT,1m_break_below,fixed_break,F3,0,29800.9965,,,,-5.0,-0.435983,29742.75,29648.5,29695.625,94.25,3.33,29428.8975,29744.75,29628.75,7,09:36,29626.5,1,8,2,09:37,29627.25,2,22,5,09:51,29428.8975,target_3.33,,vwap,5m_hi_confirm_1m_close,14,198.3525,197.8525,0.5,15,220.75,23.0,1,1,0,F3_FIXED_HOLD_VWAP_T333,,,,,,
U26,2026-08-21,SHORT,1m_break_below,fixed_break,F3,0,29549.0785,,,,-8.0,-0.72187,29476.0,29357.75,29416.875,118.25,3.33,29082.2275,29478.0,29320.25,7,09:36,29345.0,1,8,2,09:37,29345.25,2,36,8,10:05,29320.75,ratchet_stop,,vwap,5m_hi_confirm_1m_close,28,24.5,24.0,0.5,29,89.5,15.0,0,0,0,F3_FIXED_HOLD_VWAP_T333,,,,,,
H26,2025-12-17,SHORT,1m_break_below,fixed_break,F3,0,25481.431,,,,-8.0,-0.564224,25447.75,25393.25,25420.5,54.5,4.23,25217.215,25449.75,25337.5,6,09:35,25379.25,0,7,2,09:36,25379.0,1,28,6,09:57,25335.5,hold_exit_above_dvwap,above_dvwap,vwap,5m_hi_confirm_1m_close,21,43.5,43.0,0.5,22,133.5,1.75,1,1,0,F3_FIXED_HOLD_VWAP_T423,,,,,,
H26,2025-12-18,SHORT,1m_break_below,fixed_break,F3,0,25374.7685,,,,-6.0,-0.772303,25329.5,25256.25,25292.875,73.25,4.23,25019.6525,25331.5,25227.5,6,09:35,25242.25,0,7,2,09:36,25241.75,1,23,5,09:52,25237.0,ratchet_stop,,vwap,5m_hi_confirm_1m_close,16,4.75,4.25,0.5,17,80.5,25.5,0,0,0,F3_FIXED_HOLD_VWAP_T423,,,,,,
H26,2025-12-22,SHORT,1m_break_below,fixed_break,F3,0,25856.859,,,,-7.0,-0.506942,25794.75,25694.25,25744.5,100.5,4.23,25369.635,25796.75,25727.5,12,09:41,25685.0,6,13,3,09:42,25684.5,7,18,4,09:47,25720.0,hold_exit_above_dvwap,above_dvwap,vwap,5m_hi_confirm_1m_close,5,-35.5,-36.0,0.5,6,12.25,36.0,0,0,0,F3_FIXED_HOLD_VWAP_T423,,,,,,
H26,2026-01-05,SHORT,1m_break_below,fixed_break,F3,0,25728.5835,,,,-7.0,-0.844601,25672.5,25581.75,25627.125,90.75,4.23,25288.6275,25674.5,25674.5,6,09:35,25573.25,0,7,2,09:36,25573.0,1,15,3,09:44,25602.0,hold_exit_above_dvwap,above_dvwap,vwap,5m_hi_confirm_1m_close,8,-29.0,-29.5,0.5,9,34.5,40.25,0,0,0,F3_FIXED_HOLD_VWAP_T423,,,,,,
H26,2026-01-08,SHORT,1m_break_below,fixed_break,F3,0,25871.289,,,,-8.0,-0.241331,25803.0,25692.5,25747.75,110.5,4.23,25335.585,25805.0,25658.5,9,09:38,25688.5,3,10,2,09:39,25688.25,4,39,8,10:08,25671.25,ratchet_stop,,vwap,5m_hi_confirm_1m_close,29,17.0,16.5,0.5,30,119.25,19.75,0,0,0,F3_FIXED_HOLD_VWAP_T423,,,,,,
H26,2026-01-15,SHORT,1m_break_below,fixed_break,F3,0,25986.42,,,,-5.0,-0.511924,25946.25,25881.25,25913.75,65.0,4.23,25671.3,25948.25,25948.25,6,09:35,25881.0,0,7,2,09:36,25881.0,1,14,3,09:43,25902.25,hold_exit_above_dvwap,above_dvwap,vwap,5m_hi_confirm_1m_close,7,-21.25,-21.75,0.5,8,27.5,29.75,0,0,0,F3_FIXED_HOLD_VWAP_T423,,,,,,
H26,2026-01-21,SHORT,1m_break_below,fixed_break,F3,0,25268.364,,,,-6.0,-0.259412,25223.25,25150.25,25186.75,73.0,4.23,24914.46,25225.25,25225.25,11,09:40,25135.0,5,12,3,09:41,25134.75,6,14,3,09:43,25193.75,hold_exit_above_dvwap,above_dvwap,vwap,5m_hi_confirm_1m_close,2,-59.0,-59.5,0.5,3,7.25,69.25,0,0,0,F3_FIXED_HOLD_VWAP_T423,,,,,,
H26,2026-01-22,SHORT,1m_break_below,fixed_break,F3,0,25773.156,,,,-9.0,-0.333606,25731.75,25664.75,25698.25,67.0,4.23,25448.34,25733.75,25733.75,6,09:35,25651.75,0,7,2,09:36,25652.75,1,8,2,09:37,25676.5,hold_exit_above_dvwap,above_dvwap,vwap,5m_hi_confirm_1m_close,1,-23.75,-24.25,0.5,2,17.0,24.75,0,0,0,F3_FIXED_HOLD_VWAP_T423,,,,,,
H26,2026-01-23,SHORT,1m_break_below,fixed_break,F3,0,25694.0605,,,,-5.0,-0.802518,25652.5,25585.25,25618.875,67.25,4.23,25368.0325,25654.5,25654.5,8,09:37,25570.0,2,9,2,09:38,25571.5,3,12,3,09:41,25616.25,hold_exit_above_dvwap,above_dvwap,vwap,5m_hi_confirm_1m_close,3,-44.75,-45.25,0.5,4,7.5,48.0,0,0,0,F3_FIXED_HOLD_VWAP_T423,,,,,,
H26,2026-01-27,SHORT,1m_break_below,fixed_break,F3,0,26048.035,,,,-6.0,-0.793903,26012.5,25955.0,25983.75,57.5,4.23,25769.275,26014.5,26014.5,6,09:35,25951.0,0,7,2,09:36,25951.75,1,12,3,09:41,25966.75,hold_exit_above_dvwap,above_dvwap,vwap,5m_hi_confirm_1m_close,5,-15.0,-15.5,0.5,6,34.5,16.25,0,0,0,F3_FIXED_HOLD_VWAP_T423,,,,,,
H26,2026-01-29,SHORT,1m_break_below,fixed_break,F3,0,26231.547,,,,-6.0,-0.65788,26175.0,26083.5,26129.25,91.5,4.23,25787.955,26177.0,25988.25,6,09:35,26062.5,0,7,2,09:36,26064.0,1,32,7,10:01,25787.955,target_4.23,,vwap,5m_hi_confirm_1m_close,25,276.045,275.545,0.5,26,279.5,4.5,1,1,1,F3_FIXED_HOLD_VWAP_T423,,,,,,
H26,2026-02-03,SHORT,1m_break_below,fixed_break,F3,0,26022.393,,,,-5.0,-0.029144,25952.25,25838.75,25895.5,113.5,4.23,25472.145,25954.25,25594.0,9,09:38,25834.75,3,10,2,09:39,25835.5,4,56,12,10:25,25472.145,target_4.23,,vwap,5m_hi_confirm_1m_close,46,363.355,362.855,0.5,47,365.25,4.25,1,1,1,F3_FIXED_HOLD_VWAP_T423,,,,,,
H26,2026-02-11,SHORT,1m_break_below,fixed_break,F3,0,25526.5865,,,,-6.0,-0.813482,25465.25,25366.0,25415.625,99.25,4.23,25045.4225,25467.25,25416.5,7,09:36,25360.75,1,8,2,09:37,25362.0,2,16,4,09:45,25425.75,ratchet_stop,,vwap,5m_hi_confirm_1m_close,8,-63.75,-64.25,0.5,9,22.75,64.25,0,0,0,F3_FIXED_HOLD_VWAP_T423,,,,,,
H26,2026-02-26,SHORT,1m_break_below,fixed_break,F3,0,25395.148,,,,-7.0,-0.21623,25342.0,25256.0,25299.0,86.0,4.23,24978.22,25344.0,25178.0,7,09:36,25234.0,1,8,2,09:37,25234.0,2,49,10,10:18,24978.22,target_4.23,,vwap,5m_hi_confirm_1m_close,41,255.78,255.28,0.5,42,269.0,61.75,1,1,1,F3_FIXED_HOLD_VWAP_T423,,,,,,
M26,2026-03-27,SHORT,1m_break_below,fixed_break,F3,0,23730.2805,,,,-7.0,-0.385654,23664.0,23556.75,23610.375,107.25,4.23,23210.3325,23666.0,23666.0,6,09:35,23554.25,0,7,2,09:36,23554.0,1,9,2,09:38,23597.75,hold_exit_above_dvwap,above_dvwap,vwap,5m_hi_confirm_1m_close,2,-43.75,-44.25,0.5,3,22.0,52.25,0,0,0,F3_FIXED_HOLD_VWAP_T423,,,,,,
M26,2026-03-30,SHORT,1m_break_below,fixed_break,F3,0,23588.1535,,,,-6.0,-0.714987,23538.25,23457.5,23497.875,80.75,4.23,23196.6775,23540.25,23340.75,6,09:35,23443.75,0,7,2,09:36,23444.25,1,42,9,10:11,23355.25,ratchet_stop,,vwap,5m_hi_confirm_1m_close,35,89.0,88.5,0.5,36,151.5,5.0,1,0,0,F3_FIXED_HOLD_VWAP_T423,,,,,,
M26,2026-04-07,SHORT,1m_break_below,fixed_break,F3,0,24375.98,,,,-7.0,-0.380328,24308.0,24198.0,24253.0,110.0,4.23,23842.7,24310.0,24044.0,15,09:44,24196.5,9,16,4,09:45,24197.0,10,51,11,10:20,24067.25,ratchet_stop,,vwap,5m_hi_confirm_1m_close,35,129.75,129.25,0.5,36,203.0,10.75,1,0,0,F3_FIXED_HOLD_VWAP_T423,,,,,,
M26,2026-04-09,SHORT,1m_break_below,fixed_break,F3,0,25155.721,,,,-7.0,-0.667477,25103.5,25019.0,25061.25,84.5,4.23,24746.065,25105.5,25040.5,27,09:56,25016.25,21,28,6,09:57,25017.25,22,36,8,10:05,25049.0,ratchet_stop,,vwap,5m_hi_confirm_1m_close,8,-31.75,-32.25,0.5,9,8.75,38.75,0,0,0,F3_FIXED_HOLD_VWAP_T423,,,,,,
M26,2026-04-27,SHORT,1m_break_below,fixed_break,F3,0,27479.9595,,,,-7.0,-0.497537,27435.0,27362.25,27398.625,72.75,4.23,27127.2675,27437.0,27401.0,16,09:45,27360.0,10,17,4,09:46,27360.25,11,25,5,09:54,27378.75,hold_exit_above_dvwap,above_dvwap,vwap,5m_hi_confirm_1m_close,8,-18.5,-19.0,0.5,9,61.75,21.75,0,0,0,F3_FIXED_HOLD_VWAP_T423,,,,,,
M26,2026-04-30,SHORT,1m_break_below,fixed_break,F3,0,27584.3545,,,,-8.0,-0.401337,27491.5,27341.25,27416.375,150.25,4.23,26855.9425,27493.5,27373.0,6,09:35,27332.5,0,7,2,09:36,27333.5,1,16,4,09:45,27359.75,hold_exit_above_dvwap,above_dvwap,vwap,5m_hi_confirm_1m_close,9,-26.25,-26.75,0.5,10,62.5,39.5,0,0,0,F3_FIXED_HOLD_VWAP_T423,,,,,,
M26,2026-05-18,SHORT,1m_break_below,fixed_break,F3,0,29405.69,,,,-5.0,-0.532795,29356.25,29276.25,29316.25,80.0,4.23,29017.85,29358.25,29282.75,7,09:36,29258.25,1,8,2,09:37,29257.75,2,25,5,09:54,29272.5,hold_exit_above_dvwap,above_dvwap,vwap,5m_hi_confirm_1m_close,17,-14.75,-15.25,0.5,18,122.75,29.25,1,0,0,F3_FIXED_HOLD_VWAP_T423,,,,,,
M26,2026-05-26,SHORT,1m_break_below,fixed_break,F3,0,29992.474,,,,-7.0,-0.72972,29935.0,29842.0,29888.5,93.0,4.23,29541.61,29937.0,29937.0,6,09:35,29840.5,0,7,2,09:36,29840.75,1,12,3,09:41,29903.5,hold_exit_above_dvwap,above_dvwap,vwap,5m_hi_confirm_1m_close,5,-62.75,-63.25,0.5,6,6.25,69.25,0,0,0,F3_FIXED_HOLD_VWAP_T423,,,,,,
M26,2026-05-27,SHORT,1m_break_below,fixed_break,F3,0,30232.9425,,,,-6.0,-0.012362,30192.0,30125.75,30158.875,66.25,4.23,29911.7625,30194.0,30068.75,6,09:35,30116.0,0,7,2,09:36,30116.5,1,23,5,09:52,30066.5,hold_exit_above_dvwap,above_dvwap,vwap,5m_hi_confirm_1m_close,16,50.0,49.5,0.5,17,179.5,14.75,1,1,0,F3_FIXED_HOLD_VWAP_T423,,,,,,
M26,2026-05-29,SHORT,1m_break_below,fixed_break,F3,0,30463.8525,,,,-5.0,-0.897001,30426.0,30364.75,30395.375,61.25,4.23,30166.9125,30428.0,30428.0,57,10:26,30350.25,51,58,12,10:27,30349.0,52,65,13,10:34,30437.0,init_stop,,vwap,5m_hi_confirm_1m_close,7,-88.0,-88.5,0.5,8,1.0,88.5,0,0,0,F3_FIXED_HOLD_VWAP_T423,,,,,,
M26,2026-06-02,SHORT,1m_break_below,fixed_break,F3,0,30630.0135,,,,-8.0,-0.277285,30567.75,30467.0,30517.375,100.75,4.23,30141.5775,30569.75,30569.75,6,09:35,30456.0,0,7,2,09:36,30457.25,1,14,3,09:43,30485.0,hold_exit_above_dvwap,above_dvwap,vwap,5m_hi_confirm_1m_close,7,-27.75,-28.25,0.5,8,33.5,30.0,0,0,0,F3_FIXED_HOLD_VWAP_T423,,,,,,
M26,2026-06-03,SHORT,1m_break_below,fixed_break,F3,0,30865.6875,,,,-6.0,-0.980843,30807.75,30714.0,30760.875,93.75,4.23,30411.1875,30809.75,30625.0,6,09:35,30680.0,0,7,2,09:36,30680.5,1,33,7,10:02,30631.25,ratchet_stop,,vwap,5m_hi_confirm_1m_close,26,49.25,48.75,0.5,27,184.5,57.0,1,0,0,F3_FIXED_HOLD_VWAP_T423,,,,,,
M26,2026-06-08,SHORT,1m_break_below,fixed_break,F3,0,29690.296,,,,-7.0,-0.860368,29584.0,29412.0,29498.0,172.0,4.23,28856.44,29586.0,29432.0,28,09:57,29379.25,22,29,6,09:58,29378.5,23,42,9,10:11,29459.75,ratchet_stop,,vwap,5m_hi_confirm_1m_close,13,-81.25,-81.75,0.5,14,47.0,89.0,0,0,0,F3_FIXED_HOLD_VWAP_T423,,,,,,
M26,2026-06-09,SHORT,1m_break_below,fixed_break,F3,0,29818.9155,,,,-7.0,-0.227781,29748.0,29633.25,29690.625,114.75,4.23,29262.6075,29750.0,29464.0,40,10:09,29630.75,34,41,9,10:10,29631.25,35,71,15,10:40,29465.25,ratchet_stop,,vwap,5m_hi_confirm_1m_close,30,166.0,165.5,0.5,31,266.25,1.25,1,1,0,F3_FIXED_HOLD_VWAP_T423,,,,,,
M26,2026-06-10,SHORT,1m_break_below,fixed_break,F3,0,29061.5545,,,,-7.0,-0.943786,28953.25,28778.0,28865.625,175.25,4.23,28211.9425,28955.25,28840.75,102,11:11,28775.75,96,103,21,11:12,28778.25,97,114,23,11:23,28842.0,ratchet_stop,,vwap,5m_hi_confirm_1m_close,11,-63.75,-64.25,0.5,12,114.75,69.0,0,0,0,F3_FIXED_HOLD_VWAP_T423,,,,,,
M26,2026-06-11,SHORT,1m_break_below,fixed_break,F3,0,28857.4745,,,,-7.0,-0.358151,28786.25,28671.0,28728.625,115.25,4.23,28298.7425,28788.25,28788.25,11,09:40,28668.75,5,12,3,09:41,28670.5,6,14,3,09:43,28745.75,hold_exit_above_dvwap,above_dvwap,vwap,5m_hi_confirm_1m_close,2,-75.25,-75.75,0.5,3,12.5,86.75,0,0,0,F3_FIXED_HOLD_VWAP_T423,,,,,,
U26,2026-06-18,SHORT,1m_break_below,fixed_break,F3,0,30697.8485,,,,-8.0,-0.802222,30615.5,30482.25,30548.875,133.25,4.23,30051.8525,30617.5,30503.5,6,09:35,30469.0,0,7,2,09:36,30468.75,1,20,4,09:49,30497.0,hold_exit_above_dvwap,above_dvwap,vwap,5m_hi_confirm_1m_close,13,-28.25,-28.75,0.5,14,77.75,33.5,0,0,0,F3_FIXED_HOLD_VWAP_T423,,,,,,
U26,2026-06-25,SHORT,1m_break_below,fixed_break,F3,0,30287.554,,,,-7.0,-0.333068,30193.0,30040.0,30116.5,153.0,4.23,29545.81,30195.0,30090.5,8,09:37,30029.75,2,9,2,09:38,30029.5,3,19,4,09:48,29545.81,target_4.23,,vwap,5m_hi_confirm_1m_close,10,483.69,483.19,0.5,11,499.25,6.25,1,1,1,F3_FIXED_HOLD_VWAP_T423,,,,,,
U26,2026-07-01,SHORT,1m_break_below,fixed_break,F3,0,30355.9445,,,,-8.0,-0.690181,30260.0,30104.75,30182.375,155.25,4.23,29603.2925,30262.0,30262.0,6,09:35,30102.5,0,7,2,09:36,30102.5,1,12,3,09:41,30161.5,hold_exit_above_dvwap,above_dvwap,vwap,5m_hi_confirm_1m_close,5,-59.0,-59.5,0.5,6,8.0,81.75,0,0,0,F3_FIXED_HOLD_VWAP_T423,,,,,,
U26,2026-07-07,SHORT,1m_break_below,fixed_break,F3,0,29791.119,,,,-7.0,-0.793934,29685.75,29515.25,29600.5,170.5,4.23,28964.535,29687.75,29687.75,9,09:38,29502.75,3,10,2,09:39,29501.5,4,11,3,09:40,29586.5,hold_exit_above_dvwap,above_dvwap,vwap,5m_hi_confirm_1m_close,1,-85.0,-85.5,0.5,2,6.75,85.75,0,0,0,F3_FIXED_HOLD_VWAP_T423,,,,,,
U26,2026-07-13,SHORT,1m_break_below,fixed_break,F3,0,29802.449,,,,-7.0,-0.493283,29737.25,29631.75,29684.5,105.5,4.23,29290.985,29739.25,29600.75,8,09:37,29619.75,2,9,2,09:38,29620.25,3,29,6,09:58,29607.25,ratchet_stop,,vwap,5m_hi_confirm_1m_close,20,13.0,12.5,0.5,21,102.25,46.5,0,0,0,F3_FIXED_HOLD_VWAP_T423,,,,,,
U26,2026-07-14,SHORT,1m_break_below,fixed_break,F3,0,29893.618,,,,-8.0,-0.274942,29815.75,29689.75,29752.75,126.0,4.23,29282.77,29817.75,29690.5,36,10:05,29670.0,30,37,8,10:06,29669.75,31,53,11,10:22,29708.5,ratchet_stop,,vwap,5m_hi_confirm_1m_close,16,-38.75,-39.25,0.5,17,102.25,45.25,0,0,0,F3_FIXED_HOLD_VWAP_T423,,,,,,
U26,2026-07-16,SHORT,1m_break_below,fixed_break,F3,0,29595.1905,,,,-6.0,-0.94826,29532.0,29429.75,29480.875,102.25,4.23,29099.4825,29534.0,29342.75,6,09:35,29417.25,0,7,2,09:36,29418.75,1,30,6,09:59,29347.5,ratchet_stop,,vwap,5m_hi_confirm_1m_close,23,71.25,70.75,0.5,24,163.25,52.25,1,0,0,F3_FIXED_HOLD_VWAP_T423,,,,,,
U26,2026-07-17,SHORT,1m_break_below,fixed_break,F3,0,28776.3825,,,,-6.0,-0.82075,28686.0,28539.75,28612.875,146.25,4.23,28067.3625,28688.0,28512.0,7,09:36,28523.25,1,8,2,09:37,28523.75,2,21,5,09:50,28520.75,ratchet_stop,,vwap,5m_hi_confirm_1m_close,13,3.0,2.5,0.5,14,115.5,14.25,0,0,0,F3_FIXED_HOLD_VWAP_T423,,,,,,
U26,2026-07-21,SHORT,1m_break_below,fixed_break,F3,0,29316.2385,,,,-7.0,-0.461546,29246.25,29133.0,29189.625,113.25,4.23,28767.2025,29248.25,29153.5,17,09:46,29114.75,11,18,4,09:47,29114.5,12,31,7,10:00,29170.0,ratchet_stop,,vwap,5m_hi_confirm_1m_close,13,-55.5,-56.0,0.5,14,22.0,74.0,0,0,0,F3_FIXED_HOLD_VWAP_T423,,,,,,
U26,2026-07-28,SHORT,1m_break_below,fixed_break,F3,0,28066.6235,,,,-5.0,-0.525227,27992.0,27871.25,27931.625,120.75,4.23,27481.2275,27994.0,27720.5,7,09:36,27860.5,1,8,2,09:37,27861.0,2,36,8,10:05,27766.25,ratchet_stop,,vwap,5m_hi_confirm_1m_close,28,94.75,94.25,0.5,29,219.25,17.5,1,0,0,F3_FIXED_HOLD_VWAP_T423,,,,,,
U26,2026-08-10,SHORT,1m_break_below,fixed_break,F3,0,29906.4855,,,,-7.0,-0.909454,29841.75,29737.0,29789.375,104.75,4.23,29398.6575,29843.75,29768.5,194,12:43,29735.5,188,195,39,12:44,29735.5,189,207,42,12:56,29772.0,ratchet_stop,,vwap,5m_hi_confirm_1m_close,12,-36.5,-37.0,0.5,13,6.0,37.5,0,0,0,F3_FIXED_HOLD_VWAP_T423,,,,,,
U26,2026-08-11,SHORT,1m_break_below,fixed_break,F3,0,29914.188,,,,-8.0,-0.335205,29842.5,29726.5,29784.5,116.0,4.23,29351.82,29844.5,29844.5,6,09:35,29698.25,0,7,2,09:36,29697.25,1,12,3,09:41,29744.25,hold_exit_above_dvwap,above_dvwap,vwap,5m_hi_confirm_1m_close,5,-47.0,-47.5,0.5,6,18.25,58.5,0,0,0,F3_FIXED_HOLD_VWAP_T423,,,,,,
U26,2026-08-12,SHORT,1m_break_below,fixed_break,F3,0,30078.382,,,,-8.0,-0.443299,30001.75,29877.75,29939.75,124.0,4.23,29477.23,30003.75,29946.25,11,09:40,29870.0,5,12,3,09:41,29869.25,6,18,4,09:47,29915.5,hold_exit_above_dvwap,above_dvwap,vwap,5m_hi_confirm_1m_close,6,-46.25,-46.75,0.5,7,3.75,57.75,0,0,0,F3_FIXED_HOLD_VWAP_T423,,,,,,
U26,2026-08-14,SHORT,1m_break_below,fixed_break,F3,0,30308.8975,,,,-5.0,-0.843128,30269.5,30205.75,30237.625,63.75,4.23,29999.8375,30271.5,30271.5,6,09:35,30199.75,0,7,2,09:36,30200.5,1,13,3,09:42,30238.0,hold_exit_above_dvwap,above_dvwap,vwap,5m_hi_confirm_1m_close,6,-37.5,-38.0,0.5,7,30.75,39.75,0,0,0,F3_FIXED_HOLD_VWAP_T423,,,,,,
U26,2026-08-17,SHORT,1m_break_below,fixed_break,F3,0,30312.35,,,,-5.0,-0.817748,30266.0,30191.0,30228.5,75.0,4.23,29948.75,30268.0,30268.0,9,09:38,30187.25,3,10,2,09:39,30188.0,4,12,3,09:41,30217.25,hold_exit_above_dvwap,above_dvwap,vwap,5m_hi_confirm_1m_close,2,-29.25,-29.75,0.5,3,22.5,35.25,0,0,0,F3_FIXED_HOLD_VWAP_T423,,,,,,
U26,2026-08-19,SHORT,1m_break_below,fixed_break,F3,0,29800.9965,,,,-5.0,-0.435983,29742.75,29648.5,29695.625,94.25,4.23,29344.0725,29744.75,29462.0,7,09:36,29626.5,1,8,2,09:37,29627.25,2,60,12,10:29,29482.5,ratchet_stop,,vwap,5m_hi_confirm_1m_close,52,144.75,144.25,0.5,53,251.5,23.0,1,1,0,F3_FIXED_HOLD_VWAP_T423,,,,,,
U26,2026-08-21,SHORT,1m_break_below,fixed_break,F3,0,29549.0785,,,,-8.0,-0.72187,29476.0,29357.75,29416.875,118.25,4.23,28975.8025,29478.0,29320.25,7,09:36,29345.0,1,8,2,09:37,29345.25,2,36,8,10:05,29320.75,ratchet_stop,,vwap,5m_hi_confirm_1m_close,28,24.5,24.0,0.5,29,89.5,15.0,0,0,0,F3_FIXED_HOLD_VWAP_T423,,,,,,
H26,2025-12-17,SHORT,1m_break_below,fixed_break,F3,0,25481.431,,,,-8.0,-0.564224,25447.75,25393.25,25420.5,54.5,2.618,25305.069,25449.75,25449.75,6,09:35,25379.25,0,7,2,09:36,25379.0,1,12,3,09:41,25305.069,target_2.618,,none,5m_hi_confirm_1m_close,0,73.931,73.431,0.5,6,74.0,1.75,1,0,0,F3_FIXED_RATCHET_HI_T2618,,,,,,
H26,2025-12-18,SHORT,1m_break_below,fixed_break,F3,0,25374.7685,,,,-6.0,-0.772303,25329.5,25256.25,25292.875,73.25,2.618,25137.7315,25331.5,25227.5,6,09:35,25242.25,0,7,2,09:36,25241.75,1,23,5,09:52,25237.0,ratchet_stop,,none,5m_hi_confirm_1m_close,0,4.75,4.25,0.5,17,80.5,25.5,0,0,0,F3_FIXED_RATCHET_HI_T2618,,,,,,
H26,2025-12-22,SHORT,1m_break_below,fixed_break,F3,0,25856.859,,,,-7.0,-0.506942,25794.75,25694.25,25744.5,100.5,2.618,25531.641,25796.75,25720.5,12,09:41,25685.0,6,13,3,09:42,25684.5,7,22,5,09:51,25734.0,ratchet_stop,,none,5m_hi_confirm_1m_close,0,-49.5,-50.0,0.5,10,12.25,59.75,0,0,0,F3_FIXED_RATCHET_HI_T2618,,,,,,
H26,2026-01-05,SHORT,1m_break_below,fixed_break,F3,0,25728.5835,,,,-7.0,-0.844601,25672.5,25581.75,25627.125,90.75,2.618,25434.9165,25674.5,25607.5,6,09:35,25573.25,0,7,2,09:36,25573.0,1,16,4,09:45,25624.25,ratchet_stop,,none,5m_hi_confirm_1m_close,0,-51.25,-51.75,0.5,10,34.5,57.75,0,0,0,F3_FIXED_RATCHET_HI_T2618,,,,,,
H26,2026-01-08,SHORT,1m_break_below,fixed_break,F3,0,25871.289,,,,-8.0,-0.241331,25803.0,25692.5,25747.75,110.5,2.618,25513.711,25805.0,25658.5,9,09:38,25688.5,3,10,2,09:39,25688.25,4,39,8,10:08,25671.25,ratchet_stop,,none,5m_hi_confirm_1m_close,0,17.0,16.5,0.5,30,119.25,19.75,0,0,0,F3_FIXED_RATCHET_HI_T2618,,,,,,
H26,2026-01-15,SHORT,1m_break_below,fixed_break,F3,0,25986.42,,,,-5.0,-0.511924,25946.25,25881.25,25913.75,65.0,2.618,25776.08,25948.25,25895.75,6,09:35,25881.0,0,7,2,09:36,25881.0,1,16,4,09:45,25906.5,ratchet_stop,,none,5m_hi_confirm_1m_close,0,-25.5,-26.0,0.5,10,27.5,71.75,0,0,0,F3_FIXED_RATCHET_HI_T2618,,,,,,
H26,2026-01-21,SHORT,1m_break_below,fixed_break,F3,0,25268.364,,,,-6.0,-0.259412,25223.25,25150.25,25186.75,73.0,2.618,25032.136,25225.25,25219.75,11,09:40,25135.0,5,12,3,09:41,25134.75,6,18,4,09:47,25234.75,ratchet_stop,,none,5m_hi_confirm_1m_close,0,-100.0,-100.5,0.5,7,7.25,103.25,0,0,0,F3_FIXED_RATCHET_HI_T2618,,,,,,
H26,2026-01-22,SHORT,1m_break_below,fixed_break,F3,0,25773.156,,,,-9.0,-0.333606,25731.75,25664.75,25698.25,67.0,2.618,25556.344,25733.75,25695.0,6,09:35,25651.75,0,7,2,09:36,25652.75,1,20,4,09:49,25556.344,target_2.618,,none,5m_hi_confirm_1m_close,0,96.406,95.906,0.5,14,96.75,42.25,1,0,0,F3_FIXED_RATCHET_HI_T2618,,,,,,
H26,2026-01-23,SHORT,1m_break_below,fixed_break,F3,0,25694.0605,,,,-5.0,-0.802518,25652.5,25585.25,25618.875,67.25,2.618,25476.4395,25654.5,25623.5,8,09:37,25570.0,2,9,2,09:38,25571.5,3,16,4,09:45,25626.75,ratchet_stop,,none,5m_hi_confirm_1m_close,0,-55.25,-55.75,0.5,8,7.5,68.5,0,0,0,F3_FIXED_RATCHET_HI_T2618,,,,,,
H26,2026-01-27,SHORT,1m_break_below,fixed_break,F3,0,26048.035,,,,-6.0,-0.793903,26012.5,25955.0,25983.75,57.5,2.618,25861.965,26014.5,25972.25,6,09:35,25951.0,0,7,2,09:36,25951.75,1,16,4,09:45,25974.0,ratchet_stop,,none,5m_hi_confirm_1m_close,0,-22.25,-22.75,0.5,10,34.5,32.0,0,0,0,F3_FIXED_RATCHET_HI_T2618,,,,,,
H26,2026-01-29,SHORT,1m_break_below,fixed_break,F3,0,26231.547,,,,-6.0,-0.65788,26175.0,26083.5,26129.25,91.5,2.618,25935.453,26177.0,26100.75,6,09:35,26062.5,0,7,2,09:36,26064.0,1,16,4,09:45,25935.453,target_2.618,,none,5m_hi_confirm_1m_close,0,128.547,128.047,0.5,10,138.5,4.5,1,0,0,F3_FIXED_RATCHET_HI_T2618,,,,,,
H26,2026-02-03,SHORT,1m_break_below,fixed_break,F3,0,26022.393,,,,-5.0,-0.029144,25952.25,25838.75,25895.5,113.5,2.618,25655.107,25954.25,25811.75,9,09:38,25834.75,3,10,2,09:39,25835.5,4,28,6,09:57,25655.107,target_2.618,,none,5m_hi_confirm_1m_close,0,180.393,179.893,0.5,19,182.75,4.25,1,0,0,F3_FIXED_RATCHET_HI_T2618,,,,,,
H26,2026-02-11,SHORT,1m_break_below,fixed_break,F3,0,25526.5865,,,,-6.0,-0.813482,25465.25,25366.0,25415.625,99.25,2.618,25205.4135,25467.25,25416.5,7,09:36,25360.75,1,8,2,09:37,25362.0,2,16,4,09:45,25425.75,ratchet_stop,,none,5m_hi_confirm_1m_close,0,-63.75,-64.25,0.5,9,22.75,64.25,0,0,0,F3_FIXED_RATCHET_HI_T2618,,,,,,
H26,2026-02-26,SHORT,1m_break_below,fixed_break,F3,0,25395.148,,,,-7.0,-0.21623,25342.0,25256.0,25299.0,86.0,2.618,25116.852,25344.0,25210.75,7,09:36,25234.0,1,8,2,09:37,25234.0,2,43,9,10:12,25116.852,target_2.618,,none,5m_hi_confirm_1m_close,0,117.148,116.648,0.5,36,146.75,61.75,1,0,0,F3_FIXED_RATCHET_HI_T2618,,,,,,
M26,2026-03-27,SHORT,1m_break_below,fixed_break,F3,0,23730.2805,,,,-7.0,-0.385654,23664.0,23556.75,23610.375,107.25,2.618,23383.2195,23666.0,23613.0,6,09:35,23554.25,0,7,2,09:36,23554.0,1,16,4,09:45,23619.5,ratchet_stop,,none,5m_hi_confirm_1m_close,0,-65.5,-66.0,0.5,10,22.0,76.0,0,0,0,F3_FIXED_RATCHET_HI_T2618,,,,,,
M26,2026-03-30,SHORT,1m_break_below,fixed_break,F3,0,23588.1535,,,,-6.0,-0.714987,23538.25,23457.5,23497.875,80.75,2.618,23326.8465,23540.25,23405.0,6,09:35,23443.75,0,7,2,09:36,23444.25,1,26,6,09:55,23326.8465,target_2.618,,none,5m_hi_confirm_1m_close,0,117.4035,116.9035,0.5,20,121.25,5.0,1,0,0,F3_FIXED_RATCHET_HI_T2618,,,,,,
M26,2026-04-07,SHORT,1m_break_below,fixed_break,F3,0,24375.98,,,,-7.0,-0.380328,24308.0,24198.0,24253.0,110.0,2.618,24020.02,24310.0,24203.75,15,09:44,24196.5,9,16,4,09:45,24197.0,10,37,8,10:06,24020.02,target_2.618,,none,5m_hi_confirm_1m_close,0,176.98,176.48,0.5,22,185.0,10.75,1,0,0,F3_FIXED_RATCHET_HI_T2618,,,,,,
M26,2026-04-09,SHORT,1m_break_below,fixed_break,F3,0,25155.721,,,,-7.0,-0.667477,25103.5,25019.0,25061.25,84.5,2.618,24882.279,25105.5,25040.5,27,09:56,25016.25,21,28,6,09:57,25017.25,22,36,8,10:05,25049.0,ratchet_stop,,none,5m_hi_confirm_1m_close,0,-31.75,-32.25,0.5,9,8.75,38.75,0,0,0,F3_FIXED_RATCHET_HI_T2618,,,,,,
M26,2026-04-27,SHORT,1m_break_below,fixed_break,F3,0,27479.9595,,,,-7.0,-0.497537,27435.0,27362.25,27398.625,72.75,2.618,27244.5405,27437.0,27388.25,16,09:45,27360.0,10,17,4,09:46,27360.25,11,28,6,09:57,27394.25,ratchet_stop,,none,5m_hi_confirm_1m_close,0,-34.0,-34.5,0.5,12,61.75,38.5,0,0,0,F3_FIXED_RATCHET_HI_T2618,,,,,,
M26,2026-04-30,SHORT,1m_break_below,fixed_break,F3,0,27584.3545,,,,-8.0,-0.401337,27491.5,27341.25,27416.375,150.25,2.618,27098.1455,27493.5,27265.25,6,09:35,27332.5,0,7,2,09:36,27333.5,1,36,8,10:05,27277.0,ratchet_stop,,none,5m_hi_confirm_1m_close,0,56.5,56.0,0.5,30,130.5,39.5,0,0,0,F3_FIXED_RATCHET_HI_T2618,,,,,,
M26,2026-05-18,SHORT,1m_break_below,fixed_break,F3,0,29405.69,,,,-5.0,-0.532795,29356.25,29276.25,29316.25,80.0,2.618,29146.81,29358.25,29301.75,7,09:36,29258.25,1,8,2,09:37,29257.75,2,16,4,09:45,29146.81,target_2.618,,none,5m_hi_confirm_1m_close,0,110.94,110.44,0.5,9,117.75,29.25,1,0,0,F3_FIXED_RATCHET_HI_T2618,,,,,,
M26,2026-05-26,SHORT,1m_break_below,fixed_break,F3,0,29992.474,,,,-7.0,-0.72972,29935.0,29842.0,29888.5,93.0,2.618,29691.526,29937.0,29864.75,6,09:35,29840.5,0,7,2,09:36,29840.75,1,16,4,09:45,29962.25,ratchet_stop,,none,5m_hi_confirm_1m_close,0,-121.5,-122.0,0.5,10,6.25,122.5,0,0,0,F3_FIXED_RATCHET_HI_T2618,,,,,,
M26,2026-05-27,SHORT,1m_break_below,fixed_break,F3,0,30232.9425,,,,-6.0,-0.012362,30192.0,30125.75,30158.875,66.25,2.618,30018.5575,30194.0,30194.0,6,09:35,30116.0,0,7,2,09:36,30116.5,1,14,3,09:43,30018.5575,target_2.618,,none,5m_hi_confirm_1m_close,0,97.9425,97.4425,0.5,8,132.0,14.75,1,0,0,F3_FIXED_RATCHET_HI_T2618,,,,,,
M26,2026-05-29,SHORT,1m_break_below,fixed_break,F3,0,30463.8525,,,,-5.0,-0.897001,30426.0,30364.75,30395.375,61.25,2.618,30265.6475,30428.0,30428.0,57,10:26,30350.25,51,58,12,10:27,30349.0,52,65,13,10:34,30437.0,init_stop,,none,5m_hi_confirm_1m_close,0,-88.0,-88.5,0.5,8,1.0,88.5,0,0,0,F3_FIXED_RATCHET_HI_T2618,,,,,,
M26,2026-06-02,SHORT,1m_break_below,fixed_break,F3,0,30630.0135,,,,-8.0,-0.277285,30567.75,30467.0,30517.375,100.75,2.618,30303.9865,30569.75,30489.25,6,09:35,30456.0,0,7,2,09:36,30457.25,1,16,4,09:45,30507.75,ratchet_stop,,none,5m_hi_confirm_1m_close,0,-50.5,-51.0,0.5,10,33.5,64.75,0,0,0,F3_FIXED_RATCHET_HI_T2618,,,,,,
M26,2026-06-03,SHORT,1m_break_below,fixed_break,F3,0,30865.6875,,,,-6.0,-0.980843,30807.75,30714.0,30760.875,93.75,2.618,30562.3125,30809.75,30737.5,6,09:35,30680.0,0,7,2,09:36,30680.5,1,18,4,09:47,30562.3125,target_2.618,,none,5m_hi_confirm_1m_close,0,118.1875,117.6875,0.5,12,137.0,57.0,1,0,0,F3_FIXED_RATCHET_HI_T2618,,,,,,
M26,2026-06-08,SHORT,1m_break_below,fixed_break,F3,0,29690.296,,,,-7.0,-0.860368,29584.0,29412.0,29498.0,172.0,2.618,29133.704,29586.0,29432.0,28,09:57,29379.25,22,29,6,09:58,29378.5,23,42,9,10:11,29459.75,ratchet_stop,,none,5m_hi_confirm_1m_close,0,-81.25,-81.75,0.5,14,47.0,89.0,0,0,0,F3_FIXED_RATCHET_HI_T2618,,,,,,
M26,2026-06-09,SHORT,1m_break_below,fixed_break,F3,0,29818.9155,,,,-7.0,-0.227781,29748.0,29633.25,29690.625,114.75,2.618,29447.5845,29750.0,29702.5,40,10:09,29630.75,34,41,9,10:10,29631.25,35,47,10,10:16,29447.5845,target_2.618,,none,5m_hi_confirm_1m_close,0,183.6655,183.1655,0.5,7,187.25,1.25,1,0,0,F3_FIXED_RATCHET_HI_T2618,,,,,,
M26,2026-06-10,SHORT,1m_break_below,fixed_break,F3,0,29061.5545,,,,-7.0,-0.943786,28953.25,28778.0,28865.625,175.25,2.618,28494.4455,28955.25,28840.75,102,11:11,28775.75,96,103,21,11:12,28778.25,97,114,23,11:23,28842.0,ratchet_stop,,none,5m_hi_confirm_1m_close,0,-63.75,-64.25,0.5,12,114.75,69.0,0,0,0,F3_FIXED_RATCHET_HI_T2618,,,,,,
M26,2026-06-11,SHORT,1m_break_below,fixed_break,F3,0,28857.4745,,,,-7.0,-0.358151,28786.25,28671.0,28728.625,115.25,2.618,28484.5255,28788.25,28785.25,11,09:40,28668.75,5,12,3,09:41,28670.5,6,16,4,09:45,28817.75,ratchet_stop,,none,5m_hi_confirm_1m_close,0,-147.25,-147.75,0.5,5,12.5,150.0,0,0,0,F3_FIXED_RATCHET_HI_T2618,,,,,,
U26,2026-06-18,SHORT,1m_break_below,fixed_break,F3,0,30697.8485,,,,-8.0,-0.802222,30615.5,30482.25,30548.875,133.25,2.618,30266.6515,30617.5,30483.5,6,09:35,30469.0,0,7,2,09:36,30468.75,1,21,5,09:50,30492.0,ratchet_stop,,none,5m_hi_confirm_1m_close,0,-23.25,-23.75,0.5,15,77.75,41.25,0,0,0,F3_FIXED_RATCHET_HI_T2618,,,,,,
U26,2026-06-25,SHORT,1m_break_below,fixed_break,F3,0,30287.554,,,,-7.0,-0.333068,30193.0,30040.0,30116.5,153.0,2.618,29792.446,30195.0,30195.0,8,09:37,30029.75,2,9,2,09:38,30029.5,3,14,3,09:43,29792.446,target_2.618,,none,5m_hi_confirm_1m_close,0,237.054,236.554,0.5,6,271.25,6.25,1,0,0,F3_FIXED_RATCHET_HI_T2618,,,,,,
U26,2026-07-01,SHORT,1m_break_below,fixed_break,F3,0,30355.9445,,,,-8.0,-0.690181,30260.0,30104.75,30182.375,155.25,2.618,29853.5555,30262.0,30162.5,6,09:35,30102.5,0,7,2,09:36,30102.5,1,17,4,09:46,30197.5,ratchet_stop,,none,5m_hi_confirm_1m_close,0,-95.0,-95.5,0.5,11,8.0,104.75,0,0,0,F3_FIXED_RATCHET_HI_T2618,,,,,,
U26,2026-07-07,SHORT,1m_break_below,fixed_break,F3,0,29791.119,,,,-7.0,-0.793934,29685.75,29515.25,29600.5,170.5,2.618,29239.381,29687.75,29313.0,9,09:38,29502.75,3,10,2,09:39,29501.5,4,72,15,10:41,29239.381,target_2.618,,none,5m_hi_confirm_1m_close,0,262.119,261.619,0.5,63,275.25,105.5,1,0,0,F3_FIXED_RATCHET_HI_T2618,,,,,,
U26,2026-07-13,SHORT,1m_break_below,fixed_break,F3,0,29802.449,,,,-7.0,-0.493283,29737.25,29631.75,29684.5,105.5,2.618,29461.051,29739.25,29600.75,8,09:37,29619.75,2,9,2,09:38,29620.25,3,29,6,09:58,29607.25,ratchet_stop,,none,5m_hi_confirm_1m_close,0,13.0,12.5,0.5,21,102.25,46.5,0,0,0,F3_FIXED_RATCHET_HI_T2618,,,,,,
U26,2026-07-14,SHORT,1m_break_below,fixed_break,F3,0,29893.618,,,,-8.0,-0.274942,29815.75,29689.75,29752.75,126.0,2.618,29485.882,29817.75,29690.5,36,10:05,29670.0,30,37,8,10:06,29669.75,31,53,11,10:22,29708.5,ratchet_stop,,none,5m_hi_confirm_1m_close,0,-38.75,-39.25,0.5,17,102.25,45.25,0,0,0,F3_FIXED_RATCHET_HI_T2618,,,,,,
U26,2026-07-16,SHORT,1m_break_below,fixed_break,F3,0,29595.1905,,,,-6.0,-0.94826,29532.0,29429.75,29480.875,102.25,2.618,29264.3095,29534.0,29471.0,6,09:35,29417.25,0,7,2,09:36,29418.75,1,20,4,09:49,29264.3095,target_2.618,,none,5m_hi_confirm_1m_close,0,154.4405,153.9405,0.5,14,154.5,52.25,1,0,0,F3_FIXED_RATCHET_HI_T2618,,,,,,
U26,2026-07-17,SHORT,1m_break_below,fixed_break,F3,0,28776.3825,,,,-6.0,-0.82075,28686.0,28539.75,28612.875,146.25,2.618,28303.1175,28688.0,28512.0,7,09:36,28523.25,1,8,2,09:37,28523.75,2,21,5,09:50,28520.75,ratchet_stop,,none,5m_hi_confirm_1m_close,0,3.0,2.5,0.5,14,115.5,14.25,0,0,0,F3_FIXED_RATCHET_HI_T2618,,,,,,
U26,2026-07-21,SHORT,1m_break_below,fixed_break,F3,0,29316.2385,,,,-7.0,-0.461546,29246.25,29133.0,29189.625,113.25,2.618,28949.7615,29248.25,29153.5,17,09:46,29114.75,11,18,4,09:47,29114.5,12,31,7,10:00,29170.0,ratchet_stop,,none,5m_hi_confirm_1m_close,0,-55.5,-56.0,0.5,14,22.0,74.0,0,0,0,F3_FIXED_RATCHET_HI_T2618,,,,,,
U26,2026-07-28,SHORT,1m_break_below,fixed_break,F3,0,28066.6235,,,,-5.0,-0.525227,27992.0,27871.25,27931.625,120.75,2.618,27675.8765,27994.0,27926.25,7,09:36,27860.5,1,8,2,09:37,27861.0,2,17,4,09:46,27675.8765,target_2.618,,none,5m_hi_confirm_1m_close,0,185.1235,184.6235,0.5,10,188.0,17.5,1,0,0,F3_FIXED_RATCHET_HI_T2618,,,,,,
U26,2026-08-10,SHORT,1m_break_below,fixed_break,F3,0,29906.4855,,,,-7.0,-0.909454,29841.75,29737.0,29789.375,104.75,2.618,29567.5145,29843.75,29768.5,194,12:43,29735.5,188,195,39,12:44,29735.5,189,207,42,12:56,29772.0,ratchet_stop,,none,5m_hi_confirm_1m_close,0,-36.5,-37.0,0.5,13,6.0,37.5,0,0,0,F3_FIXED_RATCHET_HI_T2618,,,,,,
U26,2026-08-11,SHORT,1m_break_below,fixed_break,F3,0,29914.188,,,,-8.0,-0.335205,29842.5,29726.5,29784.5,116.0,2.618,29538.812,29844.5,29725.0,6,09:35,29698.25,0,7,2,09:36,29697.25,1,30,6,09:59,29732.75,ratchet_stop,,none,5m_hi_confirm_1m_close,0,-35.5,-36.0,0.5,24,65.5,59.0,0,0,0,F3_FIXED_RATCHET_HI_T2618,,,,,,
U26,2026-08-12,SHORT,1m_break_below,fixed_break,F3,0,30078.382,,,,-8.0,-0.443299,30001.75,29877.75,29939.75,124.0,2.618,29677.118,30003.75,29946.25,11,09:40,29870.0,5,12,3,09:41,29869.25,6,19,4,09:48,29969.0,ratchet_stop,,none,5m_hi_confirm_1m_close,0,-99.75,-100.25,0.5,8,3.75,101.5,0,0,0,F3_FIXED_RATCHET_HI_T2618,,,,,,
U26,2026-08-14,SHORT,1m_break_below,fixed_break,F3,0,30308.8975,,,,-5.0,-0.843128,30269.5,30205.75,30237.625,63.75,2.618,30102.6025,30271.5,30222.0,6,09:35,30199.75,0,7,2,09:36,30200.5,1,16,4,09:45,30265.75,ratchet_stop,,none,5m_hi_confirm_1m_close,0,-65.25,-65.75,0.5,10,30.75,74.75,0,0,0,F3_FIXED_RATCHET_HI_T2618,,,,,,
U26,2026-08-17,SHORT,1m_break_below,fixed_break,F3,0,30312.35,,,,-5.0,-0.817748,30266.0,30191.0,30228.5,75.0,2.618,30069.65,30268.0,30230.5,9,09:38,30187.25,3,10,2,09:39,30188.0,4,22,5,09:51,30245.0,ratchet_stop,,none,5m_hi_confirm_1m_close,0,-57.0,-57.5,0.5,13,22.5,59.75,0,0,0,F3_FIXED_RATCHET_HI_T2618,,,,,,
U26,2026-08-19,SHORT,1m_break_below,fixed_break,F3,0,29800.9965,,,,-5.0,-0.435983,29742.75,29648.5,29695.625,94.25,2.618,29496.0035,29744.75,29688.25,7,09:36,29626.5,1,8,2,09:37,29627.25,2,20,4,09:49,29496.0035,target_2.618,,none,5m_hi_confirm_1m_close,0,131.2465,130.7465,0.5,13,169.0,23.0,1,0,0,F3_FIXED_RATCHET_HI_T2618,,,,,,
U26,2026-08-21,SHORT,1m_break_below,fixed_break,F3,0,29549.0785,,,,-8.0,-0.72187,29476.0,29357.75,29416.875,118.25,2.618,29166.4215,29478.0,29320.25,7,09:36,29345.0,1,8,2,09:37,29345.25,2,36,8,10:05,29320.75,ratchet_stop,,none,5m_hi_confirm_1m_close,0,24.5,24.0,0.5,29,89.5,15.0,0,0,0,F3_FIXED_RATCHET_HI_T2618,,,,,,
H26,2025-12-17,SHORT,1m_break_below,fixed_break,F3,0,25481.431,,,,-8.0,-0.564224,25447.75,25393.25,25420.5,54.5,3.33,25266.265,25449.75,25406.75,6,09:35,25379.25,0,7,2,09:36,25379.0,1,17,4,09:46,25266.265,target_3.33,,none,5m_hi_confirm_1m_close,0,112.735,112.235,0.5,11,133.5,1.75,1,1,0,F3_FIXED_RATCHET_HI_T333,,,,,,
H26,2025-12-18,SHORT,1m_break_below,fixed_break,F3,0,25374.7685,,,,-6.0,-0.772303,25329.5,25256.25,25292.875,73.25,3.33,25085.5775,25331.5,25227.5,6,09:35,25242.25,0,7,2,09:36,25241.75,1,23,5,09:52,25237.0,ratchet_stop,,none,5m_hi_confirm_1m_close,0,4.75,4.25,0.5,17,80.5,25.5,0,0,0,F3_FIXED_RATCHET_HI_T333,,,,,,
H26,2025-12-22,SHORT,1m_break_below,fixed_break,F3,0,25856.859,,,,-7.0,-0.506942,25794.75,25694.25,25744.5,100.5,3.33,25460.085,25796.75,25720.5,12,09:41,25685.0,6,13,3,09:42,25684.5,7,22,5,09:51,25734.0,ratchet_stop,,none,5m_hi_confirm_1m_close,0,-49.5,-50.0,0.5,10,12.25,59.75,0,0,0,F3_FIXED_RATCHET_HI_T333,,,,,,
H26,2026-01-05,SHORT,1m_break_below,fixed_break,F3,0,25728.5835,,,,-7.0,-0.844601,25672.5,25581.75,25627.125,90.75,3.33,25370.3025,25674.5,25607.5,6,09:35,25573.25,0,7,2,09:36,25573.0,1,16,4,09:45,25624.25,ratchet_stop,,none,5m_hi_confirm_1m_close,0,-51.25,-51.75,0.5,10,34.5,57.75,0,0,0,F3_FIXED_RATCHET_HI_T333,,,,,,
H26,2026-01-08,SHORT,1m_break_below,fixed_break,F3,0,25871.289,,,,-8.0,-0.241331,25803.0,25692.5,25747.75,110.5,3.33,25435.035,25805.0,25658.5,9,09:38,25688.5,3,10,2,09:39,25688.25,4,39,8,10:08,25671.25,ratchet_stop,,none,5m_hi_confirm_1m_close,0,17.0,16.5,0.5,30,119.25,19.75,0,0,0,F3_FIXED_RATCHET_HI_T333,,,,,,
H26,2026-01-15,SHORT,1m_break_below,fixed_break,F3,0,25986.42,,,,-5.0,-0.511924,25946.25,25881.25,25913.75,65.0,3.33,25729.8,25948.25,25895.75,6,09:35,25881.0,0,7,2,09:36,25881.0,1,16,4,09:45,25906.5,ratchet_stop,,none,5m_hi_confirm_1m_close,0,-25.5,-26.0,0.5,10,27.5,71.75,0,0,0,F3_FIXED_RATCHET_HI_T333,,,,,,
H26,2026-01-21,SHORT,1m_break_below,fixed_break,F3,0,25268.364,,,,-6.0,-0.259412,25223.25,25150.25,25186.75,73.0,3.33,24980.16,25225.25,25219.75,11,09:40,25135.0,5,12,3,09:41,25134.75,6,18,4,09:47,25234.75,ratchet_stop,,none,5m_hi_confirm_1m_close,0,-100.0,-100.5,0.5,7,7.25,103.25,0,0,0,F3_FIXED_RATCHET_HI_T333,,,,,,
H26,2026-01-22,SHORT,1m_break_below,fixed_break,F3,0,25773.156,,,,-9.0,-0.333606,25731.75,25664.75,25698.25,67.0,3.33,25508.64,25733.75,25569.25,6,09:35,25651.75,0,7,2,09:36,25652.75,1,46,10,10:15,25577.0,ratchet_stop,,none,5m_hi_confirm_1m_close,0,75.75,75.25,0.5,40,116.0,42.25,1,0,0,F3_FIXED_RATCHET_HI_T333,,,,,,
H26,2026-01-23,SHORT,1m_break_below,fixed_break,F3,0,25694.0605,,,,-5.0,-0.802518,25652.5,25585.25,25618.875,67.25,3.33,25428.5575,25654.5,25623.5,8,09:37,25570.0,2,9,2,09:38,25571.5,3,16,4,09:45,25626.75,ratchet_stop,,none,5m_hi_confirm_1m_close,0,-55.25,-55.75,0.5,8,7.5,68.5,0,0,0,F3_FIXED_RATCHET_HI_T333,,,,,,
H26,2026-01-27,SHORT,1m_break_below,fixed_break,F3,0,26048.035,,,,-6.0,-0.793903,26012.5,25955.0,25983.75,57.5,3.33,25821.025,26014.5,25972.25,6,09:35,25951.0,0,7,2,09:36,25951.75,1,16,4,09:45,25974.0,ratchet_stop,,none,5m_hi_confirm_1m_close,0,-22.25,-22.75,0.5,10,34.5,32.0,0,0,0,F3_FIXED_RATCHET_HI_T333,,,,,,
H26,2026-01-29,SHORT,1m_break_below,fixed_break,F3,0,26231.547,,,,-6.0,-0.65788,26175.0,26083.5,26129.25,91.5,3.33,25870.305,26177.0,26008.25,6,09:35,26062.5,0,7,2,09:36,26064.0,1,30,6,09:59,25870.305,target_3.33,,none,5m_hi_confirm_1m_close,0,193.695,193.195,0.5,24,206.0,4.5,1,1,0,F3_FIXED_RATCHET_HI_T333,,,,,,
H26,2026-02-03,SHORT,1m_break_below,fixed_break,F3,0,26022.393,,,,-5.0,-0.029144,25952.25,25838.75,25895.5,113.5,3.33,25574.295,25954.25,25799.5,9,09:38,25834.75,3,10,2,09:39,25835.5,4,33,7,10:02,25574.295,target_3.33,,none,5m_hi_confirm_1m_close,0,261.205,260.705,0.5,24,264.25,4.25,1,1,0,F3_FIXED_RATCHET_HI_T333,,,,,,
H26,2026-02-11,SHORT,1m_break_below,fixed_break,F3,0,25526.5865,,,,-6.0,-0.813482,25465.25,25366.0,25415.625,99.25,3.33,25134.7475,25467.25,25416.5,7,09:36,25360.75,1,8,2,09:37,25362.0,2,16,4,09:45,25425.75,ratchet_stop,,none,5m_hi_confirm_1m_close,0,-63.75,-64.25,0.5,9,22.75,64.25,0,0,0,F3_FIXED_RATCHET_HI_T333,,,,,,
H26,2026-02-26,SHORT,1m_break_below,fixed_break,F3,0,25395.148,,,,-7.0,-0.21623,25342.0,25256.0,25299.0,86.0,3.33,25055.62,25344.0,25178.0,7,09:36,25234.0,1,8,2,09:37,25234.0,2,46,10,10:15,25055.62,target_3.33,,none,5m_hi_confirm_1m_close,0,178.38,177.88,0.5,39,208.5,61.75,1,1,0,F3_FIXED_RATCHET_HI_T333,,,,,,
M26,2026-03-27,SHORT,1m_break_below,fixed_break,F3,0,23730.2805,,,,-7.0,-0.385654,23664.0,23556.75,23610.375,107.25,3.33,23306.8575,23666.0,23613.0,6,09:35,23554.25,0,7,2,09:36,23554.0,1,16,4,09:45,23619.5,ratchet_stop,,none,5m_hi_confirm_1m_close,0,-65.5,-66.0,0.5,10,22.0,76.0,0,0,0,F3_FIXED_RATCHET_HI_T333,,,,,,
M26,2026-03-30,SHORT,1m_break_below,fixed_break,F3,0,23588.1535,,,,-6.0,-0.714987,23538.25,23457.5,23497.875,80.75,3.33,23269.3525,23540.25,23340.75,6,09:35,23443.75,0,7,2,09:36,23444.25,1,42,9,10:11,23355.25,ratchet_stop,,none,5m_hi_confirm_1m_close,0,89.0,88.5,0.5,36,151.5,5.0,1,0,0,F3_FIXED_RATCHET_HI_T333,,,,,,
M26,2026-04-07,SHORT,1m_break_below,fixed_break,F3,0,24375.98,,,,-7.0,-0.380328,24308.0,24198.0,24253.0,110.0,3.33,23941.7,24310.0,24044.0,15,09:44,24196.5,9,16,4,09:45,24197.0,10,51,11,10:20,24067.25,ratchet_stop,,none,5m_hi_confirm_1m_close,0,129.75,129.25,0.5,36,203.0,10.75,1,0,0,F3_FIXED_RATCHET_HI_T333,,,,,,
M26,2026-04-09,SHORT,1m_break_below,fixed_break,F3,0,25155.721,,,,-7.0,-0.667477,25103.5,25019.0,25061.25,84.5,3.33,24822.115,25105.5,25040.5,27,09:56,25016.25,21,28,6,09:57,25017.25,22,36,8,10:05,25049.0,ratchet_stop,,none,5m_hi_confirm_1m_close,0,-31.75,-32.25,0.5,9,8.75,38.75,0,0,0,F3_FIXED_RATCHET_HI_T333,,,,,,
M26,2026-04-27,SHORT,1m_break_below,fixed_break,F3,0,27479.9595,,,,-7.0,-0.497537,27435.0,27362.25,27398.625,72.75,3.33,27192.7425,27437.0,27388.25,16,09:45,27360.0,10,17,4,09:46,27360.25,11,28,6,09:57,27394.25,ratchet_stop,,none,5m_hi_confirm_1m_close,0,-34.0,-34.5,0.5,12,61.75,38.5,0,0,0,F3_FIXED_RATCHET_HI_T333,,,,,,
M26,2026-04-30,SHORT,1m_break_below,fixed_break,F3,0,27584.3545,,,,-8.0,-0.401337,27491.5,27341.25,27416.375,150.25,3.33,26991.1675,27493.5,27265.25,6,09:35,27332.5,0,7,2,09:36,27333.5,1,36,8,10:05,27277.0,ratchet_stop,,none,5m_hi_confirm_1m_close,0,56.5,56.0,0.5,30,130.5,39.5,0,0,0,F3_FIXED_RATCHET_HI_T333,,,,,,
M26,2026-05-18,SHORT,1m_break_below,fixed_break,F3,0,29405.69,,,,-5.0,-0.532795,29356.25,29276.25,29316.25,80.0,3.33,29089.85,29358.25,29206.0,7,09:36,29258.25,1,8,2,09:37,29257.75,2,26,6,09:55,29278.25,ratchet_stop,,none,5m_hi_confirm_1m_close,0,-20.5,-21.0,0.5,19,122.75,31.75,1,0,0,F3_FIXED_RATCHET_HI_T333,,,,,,
M26,2026-05-26,SHORT,1m_break_below,fixed_break,F3,0,29992.474,,,,-7.0,-0.72972,29935.0,29842.0,29888.5,93.0,3.33,29625.31,29937.0,29864.75,6,09:35,29840.5,0,7,2,09:36,29840.75,1,16,4,09:45,29962.25,ratchet_stop,,none,5m_hi_confirm_1m_close,0,-121.5,-122.0,0.5,10,6.25,122.5,0,0,0,F3_FIXED_RATCHET_HI_T333,,,,,,
M26,2026-05-27,SHORT,1m_break_below,fixed_break,F3,0,30232.9425,,,,-6.0,-0.012362,30192.0,30125.75,30158.875,66.25,3.33,29971.3875,30194.0,30194.0,6,09:35,30116.0,0,7,2,09:36,30116.5,1,15,3,09:44,29971.3875,target_3.33,,none,5m_hi_confirm_1m_close,0,145.1125,144.6125,0.5,9,151.5,14.75,1,1,0,F3_FIXED_RATCHET_HI_T333,,,,,,
M26,2026-05-29,SHORT,1m_break_below,fixed_break,F3,0,30463.8525,,,,-5.0,-0.897001,30426.0,30364.75,30395.375,61.25,3.33,30222.0375,30428.0,30428.0,57,10:26,30350.25,51,58,12,10:27,30349.0,52,65,13,10:34,30437.0,init_stop,,none,5m_hi_confirm_1m_close,0,-88.0,-88.5,0.5,8,1.0,88.5,0,0,0,F3_FIXED_RATCHET_HI_T333,,,,,,
M26,2026-06-02,SHORT,1m_break_below,fixed_break,F3,0,30630.0135,,,,-8.0,-0.277285,30567.75,30467.0,30517.375,100.75,3.33,30232.2525,30569.75,30489.25,6,09:35,30456.0,0,7,2,09:36,30457.25,1,16,4,09:45,30507.75,ratchet_stop,,none,5m_hi_confirm_1m_close,0,-50.5,-51.0,0.5,10,33.5,64.75,0,0,0,F3_FIXED_RATCHET_HI_T333,,,,,,
M26,2026-06-03,SHORT,1m_break_below,fixed_break,F3,0,30865.6875,,,,-6.0,-0.980843,30807.75,30714.0,30760.875,93.75,3.33,30495.5625,30809.75,30625.0,6,09:35,30680.0,0,7,2,09:36,30680.5,1,33,7,10:02,30631.25,ratchet_stop,,none,5m_hi_confirm_1m_close,0,49.25,48.75,0.5,27,184.5,57.0,1,0,0,F3_FIXED_RATCHET_HI_T333,,,,,,
M26,2026-06-08,SHORT,1m_break_below,fixed_break,F3,0,29690.296,,,,-7.0,-0.860368,29584.0,29412.0,29498.0,172.0,3.33,29011.24,29586.0,29432.0,28,09:57,29379.25,22,29,6,09:58,29378.5,23,42,9,10:11,29459.75,ratchet_stop,,none,5m_hi_confirm_1m_close,0,-81.25,-81.75,0.5,14,47.0,89.0,0,0,0,F3_FIXED_RATCHET_HI_T333,,,,,,
M26,2026-06-09,SHORT,1m_break_below,fixed_break,F3,0,29818.9155,,,,-7.0,-0.227781,29748.0,29633.25,29690.625,114.75,3.33,29365.8825,29750.0,29632.5,40,10:09,29630.75,34,41,9,10:10,29631.25,35,51,11,10:20,29365.8825,target_3.33,,none,5m_hi_confirm_1m_close,0,265.3675,264.8675,0.5,11,266.25,1.25,1,1,0,F3_FIXED_RATCHET_HI_T333,,,,,,
M26,2026-06-10,SHORT,1m_break_below,fixed_break,F3,0,29061.5545,,,,-7.0,-0.943786,28953.25,28778.0,28865.625,175.25,3.33,28369.6675,28955.25,28840.75,102,11:11,28775.75,96,103,21,11:12,28778.25,97,114,23,11:23,28842.0,ratchet_stop,,none,5m_hi_confirm_1m_close,0,-63.75,-64.25,0.5,12,114.75,69.0,0,0,0,F3_FIXED_RATCHET_HI_T333,,,,,,
M26,2026-06-11,SHORT,1m_break_below,fixed_break,F3,0,28857.4745,,,,-7.0,-0.358151,28786.25,28671.0,28728.625,115.25,3.33,28402.4675,28788.25,28785.25,11,09:40,28668.75,5,12,3,09:41,28670.5,6,16,4,09:45,28817.75,ratchet_stop,,none,5m_hi_confirm_1m_close,0,-147.25,-147.75,0.5,5,12.5,150.0,0,0,0,F3_FIXED_RATCHET_HI_T333,,,,,,
U26,2026-06-18,SHORT,1m_break_below,fixed_break,F3,0,30697.8485,,,,-8.0,-0.802222,30615.5,30482.25,30548.875,133.25,3.33,30171.7775,30617.5,30483.5,6,09:35,30469.0,0,7,2,09:36,30468.75,1,21,5,09:50,30492.0,ratchet_stop,,none,5m_hi_confirm_1m_close,0,-23.25,-23.75,0.5,15,77.75,41.25,0,0,0,F3_FIXED_RATCHET_HI_T333,,,,,,
U26,2026-06-25,SHORT,1m_break_below,fixed_break,F3,0,30287.554,,,,-7.0,-0.333068,30193.0,30040.0,30116.5,153.0,3.33,29683.51,30195.0,30090.5,8,09:37,30029.75,2,9,2,09:38,30029.5,3,17,4,09:46,29683.51,target_3.33,,none,5m_hi_confirm_1m_close,0,345.99,345.49,0.5,9,442.0,6.25,1,1,0,F3_FIXED_RATCHET_HI_T333,,,,,,
U26,2026-07-01,SHORT,1m_break_below,fixed_break,F3,0,30355.9445,,,,-8.0,-0.690181,30260.0,30104.75,30182.375,155.25,3.33,29743.0175,30262.0,30162.5,6,09:35,30102.5,0,7,2,09:36,30102.5,1,17,4,09:46,30197.5,ratchet_stop,,none,5m_hi_confirm_1m_close,0,-95.0,-95.5,0.5,11,8.0,104.75,0,0,0,F3_FIXED_RATCHET_HI_T333,,,,,,
U26,2026-07-07,SHORT,1m_break_below,fixed_break,F3,0,29791.119,,,,-7.0,-0.793934,29685.75,29515.25,29600.5,170.5,3.33,29117.985,29687.75,29274.75,9,09:38,29502.75,3,10,2,09:39,29501.5,4,81,17,10:50,29275.0,ratchet_stop,,none,5m_hi_confirm_1m_close,0,226.5,226.0,0.5,72,291.5,105.5,1,0,0,F3_FIXED_RATCHET_HI_T333,,,,,,
U26,2026-07-13,SHORT,1m_break_below,fixed_break,F3,0,29802.449,,,,-7.0,-0.493283,29737.25,29631.75,29684.5,105.5,3.33,29385.935,29739.25,29600.75,8,09:37,29619.75,2,9,2,09:38,29620.25,3,29,6,09:58,29607.25,ratchet_stop,,none,5m_hi_confirm_1m_close,0,13.0,12.5,0.5,21,102.25,46.5,0,0,0,F3_FIXED_RATCHET_HI_T333,,,,,,
U26,2026-07-14,SHORT,1m_break_below,fixed_break,F3,0,29893.618,,,,-8.0,-0.274942,29815.75,29689.75,29752.75,126.0,3.33,29396.17,29817.75,29690.5,36,10:05,29670.0,30,37,8,10:06,29669.75,31,53,11,10:22,29708.5,ratchet_stop,,none,5m_hi_confirm_1m_close,0,-38.75,-39.25,0.5,17,102.25,45.25,0,0,0,F3_FIXED_RATCHET_HI_T333,,,,,,
U26,2026-07-16,SHORT,1m_break_below,fixed_break,F3,0,29595.1905,,,,-6.0,-0.94826,29532.0,29429.75,29480.875,102.25,3.33,29191.5075,29534.0,29342.75,6,09:35,29417.25,0,7,2,09:36,29418.75,1,30,6,09:59,29347.5,ratchet_stop,,none,5m_hi_confirm_1m_close,0,71.25,70.75,0.5,24,163.25,52.25,1,0,0,F3_FIXED_RATCHET_HI_T333,,,,,,
U26,2026-07-17,SHORT,1m_break_below,fixed_break,F3,0,28776.3825,,,,-6.0,-0.82075,28686.0,28539.75,28612.875,146.25,3.33,28198.9875,28688.0,28512.0,7,09:36,28523.25,1,8,2,09:37,28523.75,2,21,5,09:50,28520.75,ratchet_stop,,none,5m_hi_confirm_1m_close,0,3.0,2.5,0.5,14,115.5,14.25,0,0,0,F3_FIXED_RATCHET_HI_T333,,,,,,
U26,2026-07-21,SHORT,1m_break_below,fixed_break,F3,0,29316.2385,,,,-7.0,-0.461546,29246.25,29133.0,29189.625,113.25,3.33,28869.1275,29248.25,29153.5,17,09:46,29114.75,11,18,4,09:47,29114.5,12,31,7,10:00,29170.0,ratchet_stop,,none,5m_hi_confirm_1m_close,0,-55.5,-56.0,0.5,14,22.0,74.0,0,0,0,F3_FIXED_RATCHET_HI_T333,,,,,,
U26,2026-07-28,SHORT,1m_break_below,fixed_break,F3,0,28066.6235,,,,-5.0,-0.525227,27992.0,27871.25,27931.625,120.75,3.33,27589.9025,27994.0,27720.5,7,09:36,27860.5,1,8,2,09:37,27861.0,2,36,8,10:05,27766.25,ratchet_stop,,none,5m_hi_confirm_1m_close,0,94.75,94.25,0.5,29,219.25,17.5,1,0,0,F3_FIXED_RATCHET_HI_T333,,,,,,
U26,2026-08-10,SHORT,1m_break_below,fixed_break,F3,0,29906.4855,,,,-7.0,-0.909454,29841.75,29737.0,29789.375,104.75,3.33,29492.9325,29843.75,29768.5,194,12:43,29735.5,188,195,39,12:44,29735.5,189,207,42,12:56,29772.0,ratchet_stop,,none,5m_hi_confirm_1m_close,0,-36.5,-37.0,0.5,13,6.0,37.5,0,0,0,F3_FIXED_RATCHET_HI_T333,,,,,,
U26,2026-08-11,SHORT,1m_break_below,fixed_break,F3,0,29914.188,,,,-8.0,-0.335205,29842.5,29726.5,29784.5,116.0,3.33,29456.22,29844.5,29725.0,6,09:35,29698.25,0,7,2,09:36,29697.25,1,30,6,09:59,29732.75,ratchet_stop,,none,5m_hi_confirm_1m_close,0,-35.5,-36.0,0.5,24,65.5,59.0,0,0,0,F3_FIXED_RATCHET_HI_T333,,,,,,
U26,2026-08-12,SHORT,1m_break_below,fixed_break,F3,0,30078.382,,,,-8.0,-0.443299,30001.75,29877.75,29939.75,124.0,3.33,29588.83,30003.75,29946.25,11,09:40,29870.0,5,12,3,09:41,29869.25,6,19,4,09:48,29969.0,ratchet_stop,,none,5m_hi_confirm_1m_close,0,-99.75,-100.25,0.5,8,3.75,101.5,0,0,0,F3_FIXED_RATCHET_HI_T333,,,,,,
U26,2026-08-14,SHORT,1m_break_below,fixed_break,F3,0,30308.8975,,,,-5.0,-0.843128,30269.5,30205.75,30237.625,63.75,3.33,30057.2125,30271.5,30222.0,6,09:35,30199.75,0,7,2,09:36,30200.5,1,16,4,09:45,30265.75,ratchet_stop,,none,5m_hi_confirm_1m_close,0,-65.25,-65.75,0.5,10,30.75,74.75,0,0,0,F3_FIXED_RATCHET_HI_T333,,,,,,
U26,2026-08-17,SHORT,1m_break_below,fixed_break,F3,0,30312.35,,,,-5.0,-0.817748,30266.0,30191.0,30228.5,75.0,3.33,30016.25,30268.0,30230.5,9,09:38,30187.25,3,10,2,09:39,30188.0,4,22,5,09:51,30245.0,ratchet_stop,,none,5m_hi_confirm_1m_close,0,-57.0,-57.5,0.5,13,22.5,59.75,0,0,0,F3_FIXED_RATCHET_HI_T333,,,,,,
U26,2026-08-19,SHORT,1m_break_below,fixed_break,F3,0,29800.9965,,,,-5.0,-0.435983,29742.75,29648.5,29695.625,94.25,3.33,29428.8975,29744.75,29628.75,7,09:36,29626.5,1,8,2,09:37,29627.25,2,22,5,09:51,29428.8975,target_3.33,,none,5m_hi_confirm_1m_close,0,198.3525,197.8525,0.5,15,220.75,23.0,1,1,0,F3_FIXED_RATCHET_HI_T333,,,,,,
U26,2026-08-21,SHORT,1m_break_below,fixed_break,F3,0,29549.0785,,,,-8.0,-0.72187,29476.0,29357.75,29416.875,118.25,3.33,29082.2275,29478.0,29320.25,7,09:36,29345.0,1,8,2,09:37,29345.25,2,36,8,10:05,29320.75,ratchet_stop,,none,5m_hi_confirm_1m_close,0,24.5,24.0,0.5,29,89.5,15.0,0,0,0,F3_FIXED_RATCHET_HI_T333,,,,,,
H26,2025-12-17,SHORT,1m_break_below,fixed_break,F3,0,25481.431,,,,-8.0,-0.564224,25447.75,25393.25,25420.5,54.5,4.23,25217.215,25449.75,25337.5,6,09:35,25379.25,0,7,2,09:36,25379.0,1,29,6,09:58,25338.5,ratchet_stop,,none,5m_hi_confirm_1m_close,0,40.5,40.0,0.5,23,133.5,1.75,1,1,0,F3_FIXED_RATCHET_HI_T423,,,,,,
H26,2025-12-18,SHORT,1m_break_below,fixed_break,F3,0,25374.7685,,,,-6.0,-0.772303,25329.5,25256.25,25292.875,73.25,4.23,25019.6525,25331.5,25227.5,6,09:35,25242.25,0,7,2,09:36,25241.75,1,23,5,09:52,25237.0,ratchet_stop,,none,5m_hi_confirm_1m_close,0,4.75,4.25,0.5,17,80.5,25.5,0,0,0,F3_FIXED_RATCHET_HI_T423,,,,,,
H26,2025-12-22,SHORT,1m_break_below,fixed_break,F3,0,25856.859,,,,-7.0,-0.506942,25794.75,25694.25,25744.5,100.5,4.23,25369.635,25796.75,25720.5,12,09:41,25685.0,6,13,3,09:42,25684.5,7,22,5,09:51,25734.0,ratchet_stop,,none,5m_hi_confirm_1m_close,0,-49.5,-50.0,0.5,10,12.25,59.75,0,0,0,F3_FIXED_RATCHET_HI_T423,,,,,,
H26,2026-01-05,SHORT,1m_break_below,fixed_break,F3,0,25728.5835,,,,-7.0,-0.844601,25672.5,25581.75,25627.125,90.75,4.23,25288.6275,25674.5,25607.5,6,09:35,25573.25,0,7,2,09:36,25573.0,1,16,4,09:45,25624.25,ratchet_stop,,none,5m_hi_confirm_1m_close,0,-51.25,-51.75,0.5,10,34.5,57.75,0,0,0,F3_FIXED_RATCHET_HI_T423,,,,,,
H26,2026-01-08,SHORT,1m_break_below,fixed_break,F3,0,25871.289,,,,-8.0,-0.241331,25803.0,25692.5,25747.75,110.5,4.23,25335.585,25805.0,25658.5,9,09:38,25688.5,3,10,2,09:39,25688.25,4,39,8,10:08,25671.25,ratchet_stop,,none,5m_hi_confirm_1m_close,0,17.0,16.5,0.5,30,119.25,19.75,0,0,0,F3_FIXED_RATCHET_HI_T423,,,,,,
H26,2026-01-15,SHORT,1m_break_below,fixed_break,F3,0,25986.42,,,,-5.0,-0.511924,25946.25,25881.25,25913.75,65.0,4.23,25671.3,25948.25,25895.75,6,09:35,25881.0,0,7,2,09:36,25881.0,1,16,4,09:45,25906.5,ratchet_stop,,none,5m_hi_confirm_1m_close,0,-25.5,-26.0,0.5,10,27.5,71.75,0,0,0,F3_FIXED_RATCHET_HI_T423,,,,,,
H26,2026-01-21,SHORT,1m_break_below,fixed_break,F3,0,25268.364,,,,-6.0,-0.259412,25223.25,25150.25,25186.75,73.0,4.23,24914.46,25225.25,25219.75,11,09:40,25135.0,5,12,3,09:41,25134.75,6,18,4,09:47,25234.75,ratchet_stop,,none,5m_hi_confirm_1m_close,0,-100.0,-100.5,0.5,7,7.25,103.25,0,0,0,F3_FIXED_RATCHET_HI_T423,,,,,,
H26,2026-01-22,SHORT,1m_break_below,fixed_break,F3,0,25773.156,,,,-9.0,-0.333606,25731.75,25664.75,25698.25,67.0,4.23,25448.34,25733.75,25569.25,6,09:35,25651.75,0,7,2,09:36,25652.75,1,46,10,10:15,25577.0,ratchet_stop,,none,5m_hi_confirm_1m_close,0,75.75,75.25,0.5,40,116.0,42.25,1,0,0,F3_FIXED_RATCHET_HI_T423,,,,,,
H26,2026-01-23,SHORT,1m_break_below,fixed_break,F3,0,25694.0605,,,,-5.0,-0.802518,25652.5,25585.25,25618.875,67.25,4.23,25368.0325,25654.5,25623.5,8,09:37,25570.0,2,9,2,09:38,25571.5,3,16,4,09:45,25626.75,ratchet_stop,,none,5m_hi_confirm_1m_close,0,-55.25,-55.75,0.5,8,7.5,68.5,0,0,0,F3_FIXED_RATCHET_HI_T423,,,,,,
H26,2026-01-27,SHORT,1m_break_below,fixed_break,F3,0,26048.035,,,,-6.0,-0.793903,26012.5,25955.0,25983.75,57.5,4.23,25769.275,26014.5,25972.25,6,09:35,25951.0,0,7,2,09:36,25951.75,1,16,4,09:45,25974.0,ratchet_stop,,none,5m_hi_confirm_1m_close,0,-22.25,-22.75,0.5,10,34.5,32.0,0,0,0,F3_FIXED_RATCHET_HI_T423,,,,,,
H26,2026-01-29,SHORT,1m_break_below,fixed_break,F3,0,26231.547,,,,-6.0,-0.65788,26175.0,26083.5,26129.25,91.5,4.23,25787.955,26177.0,25988.25,6,09:35,26062.5,0,7,2,09:36,26064.0,1,32,7,10:01,25787.955,target_4.23,,none,5m_hi_confirm_1m_close,0,276.045,275.545,0.5,26,279.5,4.5,1,1,1,F3_FIXED_RATCHET_HI_T423,,,,,,
H26,2026-02-03,SHORT,1m_break_below,fixed_break,F3,0,26022.393,,,,-5.0,-0.029144,25952.25,25838.75,25895.5,113.5,4.23,25472.145,25954.25,25594.0,9,09:38,25834.75,3,10,2,09:39,25835.5,4,56,12,10:25,25472.145,target_4.23,,none,5m_hi_confirm_1m_close,0,363.355,362.855,0.5,47,365.25,4.25,1,1,1,F3_FIXED_RATCHET_HI_T423,,,,,,
H26,2026-02-11,SHORT,1m_break_below,fixed_break,F3,0,25526.5865,,,,-6.0,-0.813482,25465.25,25366.0,25415.625,99.25,4.23,25045.4225,25467.25,25416.5,7,09:36,25360.75,1,8,2,09:37,25362.0,2,16,4,09:45,25425.75,ratchet_stop,,none,5m_hi_confirm_1m_close,0,-63.75,-64.25,0.5,9,22.75,64.25,0,0,0,F3_FIXED_RATCHET_HI_T423,,,,,,
H26,2026-02-26,SHORT,1m_break_below,fixed_break,F3,0,25395.148,,,,-7.0,-0.21623,25342.0,25256.0,25299.0,86.0,4.23,24978.22,25344.0,25178.0,7,09:36,25234.0,1,8,2,09:37,25234.0,2,49,10,10:18,24978.22,target_4.23,,none,5m_hi_confirm_1m_close,0,255.78,255.28,0.5,42,269.0,61.75,1,1,1,F3_FIXED_RATCHET_HI_T423,,,,,,
M26,2026-03-27,SHORT,1m_break_below,fixed_break,F3,0,23730.2805,,,,-7.0,-0.385654,23664.0,23556.75,23610.375,107.25,4.23,23210.3325,23666.0,23613.0,6,09:35,23554.25,0,7,2,09:36,23554.0,1,16,4,09:45,23619.5,ratchet_stop,,none,5m_hi_confirm_1m_close,0,-65.5,-66.0,0.5,10,22.0,76.0,0,0,0,F3_FIXED_RATCHET_HI_T423,,,,,,
M26,2026-03-30,SHORT,1m_break_below,fixed_break,F3,0,23588.1535,,,,-6.0,-0.714987,23538.25,23457.5,23497.875,80.75,4.23,23196.6775,23540.25,23340.75,6,09:35,23443.75,0,7,2,09:36,23444.25,1,42,9,10:11,23355.25,ratchet_stop,,none,5m_hi_confirm_1m_close,0,89.0,88.5,0.5,36,151.5,5.0,1,0,0,F3_FIXED_RATCHET_HI_T423,,,,,,
M26,2026-04-07,SHORT,1m_break_below,fixed_break,F3,0,24375.98,,,,-7.0,-0.380328,24308.0,24198.0,24253.0,110.0,4.23,23842.7,24310.0,24044.0,15,09:44,24196.5,9,16,4,09:45,24197.0,10,51,11,10:20,24067.25,ratchet_stop,,none,5m_hi_confirm_1m_close,0,129.75,129.25,0.5,36,203.0,10.75,1,0,0,F3_FIXED_RATCHET_HI_T423,,,,,,
M26,2026-04-09,SHORT,1m_break_below,fixed_break,F3,0,25155.721,,,,-7.0,-0.667477,25103.5,25019.0,25061.25,84.5,4.23,24746.065,25105.5,25040.5,27,09:56,25016.25,21,28,6,09:57,25017.25,22,36,8,10:05,25049.0,ratchet_stop,,none,5m_hi_confirm_1m_close,0,-31.75,-32.25,0.5,9,8.75,38.75,0,0,0,F3_FIXED_RATCHET_HI_T423,,,,,,
M26,2026-04-27,SHORT,1m_break_below,fixed_break,F3,0,27479.9595,,,,-7.0,-0.497537,27435.0,27362.25,27398.625,72.75,4.23,27127.2675,27437.0,27388.25,16,09:45,27360.0,10,17,4,09:46,27360.25,11,28,6,09:57,27394.25,ratchet_stop,,none,5m_hi_confirm_1m_close,0,-34.0,-34.5,0.5,12,61.75,38.5,0,0,0,F3_FIXED_RATCHET_HI_T423,,,,,,
M26,2026-04-30,SHORT,1m_break_below,fixed_break,F3,0,27584.3545,,,,-8.0,-0.401337,27491.5,27341.25,27416.375,150.25,4.23,26855.9425,27493.5,27265.25,6,09:35,27332.5,0,7,2,09:36,27333.5,1,36,8,10:05,27277.0,ratchet_stop,,none,5m_hi_confirm_1m_close,0,56.5,56.0,0.5,30,130.5,39.5,0,0,0,F3_FIXED_RATCHET_HI_T423,,,,,,
M26,2026-05-18,SHORT,1m_break_below,fixed_break,F3,0,29405.69,,,,-5.0,-0.532795,29356.25,29276.25,29316.25,80.0,4.23,29017.85,29358.25,29206.0,7,09:36,29258.25,1,8,2,09:37,29257.75,2,26,6,09:55,29278.25,ratchet_stop,,none,5m_hi_confirm_1m_close,0,-20.5,-21.0,0.5,19,122.75,31.75,1,0,0,F3_FIXED_RATCHET_HI_T423,,,,,,
M26,2026-05-26,SHORT,1m_break_below,fixed_break,F3,0,29992.474,,,,-7.0,-0.72972,29935.0,29842.0,29888.5,93.0,4.23,29541.61,29937.0,29864.75,6,09:35,29840.5,0,7,2,09:36,29840.75,1,16,4,09:45,29962.25,ratchet_stop,,none,5m_hi_confirm_1m_close,0,-121.5,-122.0,0.5,10,6.25,122.5,0,0,0,F3_FIXED_RATCHET_HI_T423,,,,,,
M26,2026-05-27,SHORT,1m_break_below,fixed_break,F3,0,30232.9425,,,,-6.0,-0.012362,30192.0,30125.75,30158.875,66.25,4.23,29911.7625,30194.0,30032.25,6,09:35,30116.0,0,7,2,09:36,30116.5,1,28,6,09:57,30043.25,ratchet_stop,,none,5m_hi_confirm_1m_close,0,73.25,72.75,0.5,22,179.5,14.75,1,1,0,F3_FIXED_RATCHET_HI_T423,,,,,,
M26,2026-05-29,SHORT,1m_break_below,fixed_break,F3,0,30463.8525,,,,-5.0,-0.897001,30426.0,30364.75,30395.375,61.25,4.23,30166.9125,30428.0,30428.0,57,10:26,30350.25,51,58,12,10:27,30349.0,52,65,13,10:34,30437.0,init_stop,,none,5m_hi_confirm_1m_close,0,-88.0,-88.5,0.5,8,1.0,88.5,0,0,0,F3_FIXED_RATCHET_HI_T423,,,,,,
M26,2026-06-02,SHORT,1m_break_below,fixed_break,F3,0,30630.0135,,,,-8.0,-0.277285,30567.75,30467.0,30517.375,100.75,4.23,30141.5775,30569.75,30489.25,6,09:35,30456.0,0,7,2,09:36,30457.25,1,16,4,09:45,30507.75,ratchet_stop,,none,5m_hi_confirm_1m_close,0,-50.5,-51.0,0.5,10,33.5,64.75,0,0,0,F3_FIXED_RATCHET_HI_T423,,,,,,
M26,2026-06-03,SHORT,1m_break_below,fixed_break,F3,0,30865.6875,,,,-6.0,-0.980843,30807.75,30714.0,30760.875,93.75,4.23,30411.1875,30809.75,30625.0,6,09:35,30680.0,0,7,2,09:36,30680.5,1,33,7,10:02,30631.25,ratchet_stop,,none,5m_hi_confirm_1m_close,0,49.25,48.75,0.5,27,184.5,57.0,1,0,0,F3_FIXED_RATCHET_HI_T423,,,,,,
M26,2026-06-08,SHORT,1m_break_below,fixed_break,F3,0,29690.296,,,,-7.0,-0.860368,29584.0,29412.0,29498.0,172.0,4.23,28856.44,29586.0,29432.0,28,09:57,29379.25,22,29,6,09:58,29378.5,23,42,9,10:11,29459.75,ratchet_stop,,none,5m_hi_confirm_1m_close,0,-81.25,-81.75,0.5,14,47.0,89.0,0,0,0,F3_FIXED_RATCHET_HI_T423,,,,,,
M26,2026-06-09,SHORT,1m_break_below,fixed_break,F3,0,29818.9155,,,,-7.0,-0.227781,29748.0,29633.25,29690.625,114.75,4.23,29262.6075,29750.0,29464.0,40,10:09,29630.75,34,41,9,10:10,29631.25,35,71,15,10:40,29465.25,ratchet_stop,,none,5m_hi_confirm_1m_close,0,166.0,165.5,0.5,31,266.25,1.25,1,1,0,F3_FIXED_RATCHET_HI_T423,,,,,,
M26,2026-06-10,SHORT,1m_break_below,fixed_break,F3,0,29061.5545,,,,-7.0,-0.943786,28953.25,28778.0,28865.625,175.25,4.23,28211.9425,28955.25,28840.75,102,11:11,28775.75,96,103,21,11:12,28778.25,97,114,23,11:23,28842.0,ratchet_stop,,none,5m_hi_confirm_1m_close,0,-63.75,-64.25,0.5,12,114.75,69.0,0,0,0,F3_FIXED_RATCHET_HI_T423,,,,,,
M26,2026-06-11,SHORT,1m_break_below,fixed_break,F3,0,28857.4745,,,,-7.0,-0.358151,28786.25,28671.0,28728.625,115.25,4.23,28298.7425,28788.25,28785.25,11,09:40,28668.75,5,12,3,09:41,28670.5,6,16,4,09:45,28817.75,ratchet_stop,,none,5m_hi_confirm_1m_close,0,-147.25,-147.75,0.5,5,12.5,150.0,0,0,0,F3_FIXED_RATCHET_HI_T423,,,,,,
U26,2026-06-18,SHORT,1m_break_below,fixed_break,F3,0,30697.8485,,,,-8.0,-0.802222,30615.5,30482.25,30548.875,133.25,4.23,30051.8525,30617.5,30483.5,6,09:35,30469.0,0,7,2,09:36,30468.75,1,21,5,09:50,30492.0,ratchet_stop,,none,5m_hi_confirm_1m_close,0,-23.25,-23.75,0.5,15,77.75,41.25,0,0,0,F3_FIXED_RATCHET_HI_T423,,,,,,
U26,2026-06-25,SHORT,1m_break_below,fixed_break,F3,0,30287.554,,,,-7.0,-0.333068,30193.0,30040.0,30116.5,153.0,4.23,29545.81,30195.0,30090.5,8,09:37,30029.75,2,9,2,09:38,30029.5,3,19,4,09:48,29545.81,target_4.23,,none,5m_hi_confirm_1m_close,0,483.69,483.19,0.5,11,499.25,6.25,1,1,1,F3_FIXED_RATCHET_HI_T423,,,,,,
U26,2026-07-01,SHORT,1m_break_below,fixed_break,F3,0,30355.9445,,,,-8.0,-0.690181,30260.0,30104.75,30182.375,155.25,4.23,29603.2925,30262.0,30162.5,6,09:35,30102.5,0,7,2,09:36,30102.5,1,17,4,09:46,30197.5,ratchet_stop,,none,5m_hi_confirm_1m_close,0,-95.0,-95.5,0.5,11,8.0,104.75,0,0,0,F3_FIXED_RATCHET_HI_T423,,,,,,
U26,2026-07-07,SHORT,1m_break_below,fixed_break,F3,0,29791.119,,,,-7.0,-0.793934,29685.75,29515.25,29600.5,170.5,4.23,28964.535,29687.75,29274.75,9,09:38,29502.75,3,10,2,09:39,29501.5,4,81,17,10:50,29275.0,ratchet_stop,,none,5m_hi_confirm_1m_close,0,226.5,226.0,0.5,72,291.5,105.5,1,0,0,F3_FIXED_RATCHET_HI_T423,,,,,,
U26,2026-07-13,SHORT,1m_break_below,fixed_break,F3,0,29802.449,,,,-7.0,-0.493283,29737.25,29631.75,29684.5,105.5,4.23,29290.985,29739.25,29600.75,8,09:37,29619.75,2,9,2,09:38,29620.25,3,29,6,09:58,29607.25,ratchet_stop,,none,5m_hi_confirm_1m_close,0,13.0,12.5,0.5,21,102.25,46.5,0,0,0,F3_FIXED_RATCHET_HI_T423,,,,,,
U26,2026-07-14,SHORT,1m_break_below,fixed_break,F3,0,29893.618,,,,-8.0,-0.274942,29815.75,29689.75,29752.75,126.0,4.23,29282.77,29817.75,29690.5,36,10:05,29670.0,30,37,8,10:06,29669.75,31,53,11,10:22,29708.5,ratchet_stop,,none,5m_hi_confirm_1m_close,0,-38.75,-39.25,0.5,17,102.25,45.25,0,0,0,F3_FIXED_RATCHET_HI_T423,,,,,,
U26,2026-07-16,SHORT,1m_break_below,fixed_break,F3,0,29595.1905,,,,-6.0,-0.94826,29532.0,29429.75,29480.875,102.25,4.23,29099.4825,29534.0,29342.75,6,09:35,29417.25,0,7,2,09:36,29418.75,1,30,6,09:59,29347.5,ratchet_stop,,none,5m_hi_confirm_1m_close,0,71.25,70.75,0.5,24,163.25,52.25,1,0,0,F3_FIXED_RATCHET_HI_T423,,,,,,
U26,2026-07-17,SHORT,1m_break_below,fixed_break,F3,0,28776.3825,,,,-6.0,-0.82075,28686.0,28539.75,28612.875,146.25,4.23,28067.3625,28688.0,28512.0,7,09:36,28523.25,1,8,2,09:37,28523.75,2,21,5,09:50,28520.75,ratchet_stop,,none,5m_hi_confirm_1m_close,0,3.0,2.5,0.5,14,115.5,14.25,0,0,0,F3_FIXED_RATCHET_HI_T423,,,,,,
U26,2026-07-21,SHORT,1m_break_below,fixed_break,F3,0,29316.2385,,,,-7.0,-0.461546,29246.25,29133.0,29189.625,113.25,4.23,28767.2025,29248.25,29153.5,17,09:46,29114.75,11,18,4,09:47,29114.5,12,31,7,10:00,29170.0,ratchet_stop,,none,5m_hi_confirm_1m_close,0,-55.5,-56.0,0.5,14,22.0,74.0,0,0,0,F3_FIXED_RATCHET_HI_T423,,,,,,
U26,2026-07-28,SHORT,1m_break_below,fixed_break,F3,0,28066.6235,,,,-5.0,-0.525227,27992.0,27871.25,27931.625,120.75,4.23,27481.2275,27994.0,27720.5,7,09:36,27860.5,1,8,2,09:37,27861.0,2,36,8,10:05,27766.25,ratchet_stop,,none,5m_hi_confirm_1m_close,0,94.75,94.25,0.5,29,219.25,17.5,1,0,0,F3_FIXED_RATCHET_HI_T423,,,,,,
U26,2026-08-10,SHORT,1m_break_below,fixed_break,F3,0,29906.4855,,,,-7.0,-0.909454,29841.75,29737.0,29789.375,104.75,4.23,29398.6575,29843.75,29768.5,194,12:43,29735.5,188,195,39,12:44,29735.5,189,207,42,12:56,29772.0,ratchet_stop,,none,5m_hi_confirm_1m_close,0,-36.5,-37.0,0.5,13,6.0,37.5,0,0,0,F3_FIXED_RATCHET_HI_T423,,,,,,
U26,2026-08-11,SHORT,1m_break_below,fixed_break,F3,0,29914.188,,,,-8.0,-0.335205,29842.5,29726.5,29784.5,116.0,4.23,29351.82,29844.5,29725.0,6,09:35,29698.25,0,7,2,09:36,29697.25,1,30,6,09:59,29732.75,ratchet_stop,,none,5m_hi_confirm_1m_close,0,-35.5,-36.0,0.5,24,65.5,59.0,0,0,0,F3_FIXED_RATCHET_HI_T423,,,,,,
U26,2026-08-12,SHORT,1m_break_below,fixed_break,F3,0,30078.382,,,,-8.0,-0.443299,30001.75,29877.75,29939.75,124.0,4.23,29477.23,30003.75,29946.25,11,09:40,29870.0,5,12,3,09:41,29869.25,6,19,4,09:48,29969.0,ratchet_stop,,none,5m_hi_confirm_1m_close,0,-99.75,-100.25,0.5,8,3.75,101.5,0,0,0,F3_FIXED_RATCHET_HI_T423,,,,,,
U26,2026-08-14,SHORT,1m_break_below,fixed_break,F3,0,30308.8975,,,,-5.0,-0.843128,30269.5,30205.75,30237.625,63.75,4.23,29999.8375,30271.5,30222.0,6,09:35,30199.75,0,7,2,09:36,30200.5,1,16,4,09:45,30265.75,ratchet_stop,,none,5m_hi_confirm_1m_close,0,-65.25,-65.75,0.5,10,30.75,74.75,0,0,0,F3_FIXED_RATCHET_HI_T423,,,,,,
U26,2026-08-17,SHORT,1m_break_below,fixed_break,F3,0,30312.35,,,,-5.0,-0.817748,30266.0,30191.0,30228.5,75.0,4.23,29948.75,30268.0,30230.5,9,09:38,30187.25,3,10,2,09:39,30188.0,4,22,5,09:51,30245.0,ratchet_stop,,none,5m_hi_confirm_1m_close,0,-57.0,-57.5,0.5,13,22.5,59.75,0,0,0,F3_FIXED_RATCHET_HI_T423,,,,,,
U26,2026-08-19,SHORT,1m_break_below,fixed_break,F3,0,29800.9965,,,,-5.0,-0.435983,29742.75,29648.5,29695.625,94.25,4.23,29344.0725,29744.75,29462.0,7,09:36,29626.5,1,8,2,09:37,29627.25,2,60,12,10:29,29482.5,ratchet_stop,,none,5m_hi_confirm_1m_close,0,144.75,144.25,0.5,53,251.5,23.0,1,1,0,F3_FIXED_RATCHET_HI_T423,,,,,,
U26,2026-08-21,SHORT,1m_break_below,fixed_break,F3,0,29549.0785,,,,-8.0,-0.72187,29476.0,29357.75,29416.875,118.25,4.23,28975.8025,29478.0,29320.25,7,09:36,29345.0,1,8,2,09:37,29345.25,2,36,8,10:05,29320.75,ratchet_stop,,none,5m_hi_confirm_1m_close,0,24.5,24.0,0.5,29,89.5,15.0,0,0,0,F3_FIXED_RATCHET_HI_T423,,,,,,
H26,2025-12-17,SHORT,1m_break_below,fixed_break,F3,1,25481.431,,,,-8.0,-0.564224,25447.75,25393.25,25420.5,54.5,2.618,25305.069,25449.75,25449.75,6,09:35,25379.25,0,7,2,09:36,25379.0,1,12,3,09:41,25305.069,target_2.618,,vwap,5m_hi_confirm_1m_close,5,73.931,73.431,0.5,6,74.0,1.75,1,0,0,F3_FIXED_INV1618_HOLD_VWAP_T2618,,,,,,
H26,2025-12-18,SHORT,1m_break_below,fixed_break,F3,1,25374.7685,,,,-6.0,-0.772303,25329.5,25256.25,25292.875,73.25,2.618,25137.7315,25331.5,25227.5,6,09:35,25242.25,0,7,2,09:36,25241.75,1,23,5,09:52,25237.0,ratchet_stop,,vwap,5m_hi_confirm_1m_close,16,4.75,4.25,0.5,17,80.5,25.5,0,0,0,F3_FIXED_INV1618_HOLD_VWAP_T2618,,,,,,
H26,2025-12-22,SHORT,1m_break_below,fixed_break,F3,1,25856.859,,,,-7.0,-0.506942,25794.75,25694.25,25744.5,100.5,2.618,25531.641,25796.75,25727.5,12,09:41,25685.0,6,13,3,09:42,25684.5,7,18,4,09:47,25720.0,hold_exit_above_dvwap,above_dvwap,vwap,5m_hi_confirm_1m_close,5,-35.5,-36.0,0.5,6,12.25,36.0,0,0,0,F3_FIXED_INV1618_HOLD_VWAP_T2618,,,,,,
H26,2026-01-05,SHORT,1m_break_below,fixed_break,F3,1,25728.5835,,,,-7.0,-0.844601,25672.5,25581.75,25627.125,90.75,2.618,25434.9165,25674.5,25674.5,6,09:35,25573.25,0,7,2,09:36,25573.0,1,15,3,09:44,25602.0,hold_exit_above_dvwap,above_dvwap,vwap,5m_hi_confirm_1m_close,8,-29.0,-29.5,0.5,9,34.5,40.25,0,0,0,F3_FIXED_INV1618_HOLD_VWAP_T2618,,,,,,
H26,2026-01-08,SHORT,1m_break_below,fixed_break,F3,1,25871.289,,,,-8.0,-0.241331,25803.0,25692.5,25747.75,110.5,2.618,25513.711,25805.0,25658.5,9,09:38,25688.5,3,10,2,09:39,25688.25,4,39,8,10:08,25671.25,ratchet_stop,,vwap,5m_hi_confirm_1m_close,29,17.0,16.5,0.5,30,119.25,19.75,0,0,0,F3_FIXED_INV1618_HOLD_VWAP_T2618,,,,,,
H26,2026-01-15,SHORT,1m_break_below,fixed_break,F3,1,25986.42,,,,-5.0,-0.511924,25946.25,25881.25,25913.75,65.0,2.618,25776.08,25948.25,25948.25,6,09:35,25881.0,0,7,2,09:36,25881.0,1,14,3,09:43,25902.25,hold_exit_above_dvwap,above_dvwap,vwap,5m_hi_confirm_1m_close,7,-21.25,-21.75,0.5,8,27.5,29.75,0,0,0,F3_FIXED_INV1618_HOLD_VWAP_T2618,,,,,,
H26,2026-01-21,SHORT,1m_break_below,fixed_break,F3,1,25268.364,,,,-6.0,-0.259412,25223.25,25150.25,25186.75,73.0,2.618,25032.136,25225.25,25225.25,11,09:40,25135.0,5,12,3,09:41,25134.75,6,14,3,09:43,25193.75,hold_exit_above_dvwap,above_dvwap,vwap,5m_hi_confirm_1m_close,2,-59.0,-59.5,0.5,3,7.25,69.25,0,0,0,F3_FIXED_INV1618_HOLD_VWAP_T2618,,,,,,
H26,2026-01-22,SHORT,1m_break_below,fixed_break,F3,1,25773.156,,,,-9.0,-0.333606,25731.75,25664.75,25698.25,67.0,2.618,25556.344,25733.75,25733.75,6,09:35,25651.75,0,7,2,09:36,25652.75,1,8,2,09:37,25676.5,hold_exit_above_dvwap,above_dvwap,vwap,5m_hi_confirm_1m_close,1,-23.75,-24.25,0.5,2,17.0,24.75,0,0,0,F3_FIXED_INV1618_HOLD_VWAP_T2618,,,,,,
H26,2026-01-23,SHORT,1m_break_below,fixed_break,F3,1,25694.0605,,,,-5.0,-0.802518,25652.5,25585.25,25618.875,67.25,2.618,25476.4395,25654.5,25654.5,8,09:37,25570.0,2,9,2,09:38,25571.5,3,12,3,09:41,25616.25,hold_exit_above_dvwap,above_dvwap,vwap,5m_hi_confirm_1m_close,3,-44.75,-45.25,0.5,4,7.5,48.0,0,0,0,F3_FIXED_INV1618_HOLD_VWAP_T2618,,,,,,
H26,2026-01-27,SHORT,1m_break_below,fixed_break,F3,1,26048.035,,,,-6.0,-0.793903,26012.5,25955.0,25983.75,57.5,2.618,25861.965,26014.5,26014.5,6,09:35,25951.0,0,7,2,09:36,25951.75,1,12,3,09:41,25966.75,hold_exit_above_dvwap,above_dvwap,vwap,5m_hi_confirm_1m_close,5,-15.0,-15.5,0.5,6,34.5,16.25,0,0,0,F3_FIXED_INV1618_HOLD_VWAP_T2618,,,,,,
H26,2026-01-29,SHORT,1m_break_below,fixed_break,F3,1,26231.547,,,,-6.0,-0.65788,26175.0,26083.5,26129.25,91.5,2.618,25935.453,26177.0,26100.75,6,09:35,26062.5,0,7,2,09:36,26064.0,1,16,4,09:45,25935.453,target_2.618,,vwap,5m_hi_confirm_1m_close,9,128.547,128.047,0.5,10,138.5,4.5,1,0,0,F3_FIXED_INV1618_HOLD_VWAP_T2618,,,,,,
H26,2026-02-03,SHORT,1m_break_below,fixed_break,F3,1,26022.393,,,,-5.0,-0.029144,25952.25,25838.75,25895.5,113.5,2.618,25655.107,25954.25,25811.75,9,09:38,25834.75,3,10,2,09:39,25835.5,4,28,6,09:57,25655.107,target_2.618,,vwap,5m_hi_confirm_1m_close,18,180.393,179.893,0.5,19,182.75,4.25,1,0,0,F3_FIXED_INV1618_HOLD_VWAP_T2618,,,,,,
H26,2026-02-11,SHORT,1m_break_below,fixed_break,F3,1,25526.5865,,,,-6.0,-0.813482,25465.25,25366.0,25415.625,99.25,2.618,25205.4135,25467.25,25416.5,7,09:36,25360.75,1,8,2,09:37,25362.0,2,16,4,09:45,25425.75,ratchet_stop,,vwap,5m_hi_confirm_1m_close,8,-63.75,-64.25,0.5,9,22.75,64.25,0,0,0,F3_FIXED_INV1618_HOLD_VWAP_T2618,,,,,,
H26,2026-02-26,SHORT,1m_break_below,fixed_break,F3,1,25395.148,,,,-7.0,-0.21623,25342.0,25256.0,25299.0,86.0,2.618,25116.852,25344.0,25210.75,7,09:36,25234.0,1,8,2,09:37,25234.0,2,43,9,10:12,25116.852,target_2.618,,vwap,5m_hi_confirm_1m_close,35,117.148,116.648,0.5,36,146.75,61.75,1,0,0,F3_FIXED_INV1618_HOLD_VWAP_T2618,,,,,,
M26,2026-03-27,SHORT,1m_break_below,fixed_break,F3,1,23730.2805,,,,-7.0,-0.385654,23664.0,23556.75,23610.375,107.25,2.618,23383.2195,23666.0,23666.0,6,09:35,23554.25,0,7,2,09:36,23554.0,1,9,2,09:38,23597.75,hold_exit_above_dvwap,above_dvwap,vwap,5m_hi_confirm_1m_close,2,-43.75,-44.25,0.5,3,22.0,52.25,0,0,0,F3_FIXED_INV1618_HOLD_VWAP_T2618,,,,,,
M26,2026-03-30,SHORT,1m_break_below,fixed_break,F3,1,23588.1535,,,,-6.0,-0.714987,23538.25,23457.5,23497.875,80.75,2.618,23326.8465,23540.25,23405.0,6,09:35,23443.75,0,7,2,09:36,23444.25,1,26,6,09:55,23326.8465,target_2.618,,vwap,5m_hi_confirm_1m_close,19,117.4035,116.9035,0.5,20,121.25,5.0,1,0,0,F3_FIXED_INV1618_HOLD_VWAP_T2618,,,,,,
M26,2026-04-07,SHORT,1m_break_below,fixed_break,F3,1,24375.98,,,,-7.0,-0.380328,24308.0,24198.0,24253.0,110.0,2.618,24020.02,24310.0,24203.75,15,09:44,24196.5,9,16,4,09:45,24197.0,10,37,8,10:06,24020.02,target_2.618,,vwap,5m_hi_confirm_1m_close,21,176.98,176.48,0.5,22,185.0,10.75,1,0,0,F3_FIXED_INV1618_HOLD_VWAP_T2618,,,,,,
M26,2026-04-09,SHORT,1m_break_below,fixed_break,F3,1,25155.721,,,,-7.0,-0.667477,25103.5,25019.0,25061.25,84.5,2.618,24882.279,25105.5,25040.5,27,09:56,25016.25,21,28,6,09:57,25017.25,22,36,8,10:05,25049.0,ratchet_stop,,vwap,5m_hi_confirm_1m_close,8,-31.75,-32.25,0.5,9,8.75,38.75,0,0,0,F3_FIXED_INV1618_HOLD_VWAP_T2618,,,,,,
M26,2026-04-27,SHORT,1m_break_below,fixed_break,F3,1,27479.9595,,,,-7.0,-0.497537,27435.0,27362.25,27398.625,72.75,2.618,27244.5405,27437.0,27401.0,16,09:45,27360.0,10,17,4,09:46,27360.25,11,25,5,09:54,27378.75,hold_exit_above_dvwap,above_dvwap,vwap,5m_hi_confirm_1m_close,8,-18.5,-19.0,0.5,9,61.75,21.75,0,0,0,F3_FIXED_INV1618_HOLD_VWAP_T2618,,,,,,
M26,2026-04-30,SHORT,1m_break_below,fixed_break,F3,1,27584.3545,,,,-8.0,-0.401337,27491.5,27341.25,27416.375,150.25,2.618,27098.1455,27493.5,27373.0,6,09:35,27332.5,0,7,2,09:36,27333.5,1,16,4,09:45,27359.75,hold_exit_above_dvwap,above_dvwap,vwap,5m_hi_confirm_1m_close,9,-26.25,-26.75,0.5,10,62.5,39.5,0,0,0,F3_FIXED_INV1618_HOLD_VWAP_T2618,,,,,,
M26,2026-05-18,SHORT,1m_break_below,fixed_break,F3,1,29405.69,,,,-5.0,-0.532795,29356.25,29276.25,29316.25,80.0,2.618,29146.81,29358.25,29301.75,7,09:36,29258.25,1,8,2,09:37,29257.75,2,16,4,09:45,29146.81,target_2.618,,vwap,5m_hi_confirm_1m_close,8,110.94,110.44,0.5,9,117.75,29.25,1,0,0,F3_FIXED_INV1618_HOLD_VWAP_T2618,,,,,,
M26,2026-05-26,SHORT,1m_break_below,fixed_break,F3,1,29992.474,,,,-7.0,-0.72972,29935.0,29842.0,29888.5,93.0,2.618,29691.526,29937.0,29937.0,6,09:35,29840.5,0,7,2,09:36,29840.75,1,12,3,09:41,29903.5,hold_exit_above_dvwap,above_dvwap,vwap,5m_hi_confirm_1m_close,5,-62.75,-63.25,0.5,6,6.25,69.25,0,0,0,F3_FIXED_INV1618_HOLD_VWAP_T2618,,,,,,
M26,2026-05-27,SHORT,1m_break_below,fixed_break,F3,1,30232.9425,,,,-6.0,-0.012362,30192.0,30125.75,30158.875,66.25,2.618,30018.5575,30194.0,30194.0,6,09:35,30116.0,0,7,2,09:36,30116.5,1,14,3,09:43,30018.5575,target_2.618,,vwap,5m_hi_confirm_1m_close,7,97.9425,97.4425,0.5,8,132.0,14.75,1,0,0,F3_FIXED_INV1618_HOLD_VWAP_T2618,,,,,,
M26,2026-06-02,SHORT,1m_break_below,fixed_break,F3,1,30630.0135,,,,-8.0,-0.277285,30567.75,30467.0,30517.375,100.75,2.618,30303.9865,30569.75,30569.75,6,09:35,30456.0,0,7,2,09:36,30457.25,1,14,3,09:43,30485.0,hold_exit_above_dvwap,above_dvwap,vwap,5m_hi_confirm_1m_close,7,-27.75,-28.25,0.5,8,33.5,30.0,0,0,0,F3_FIXED_INV1618_HOLD_VWAP_T2618,,,,,,
M26,2026-06-03,SHORT,1m_break_below,fixed_break,F3,1,30865.6875,,,,-6.0,-0.980843,30807.75,30714.0,30760.875,93.75,2.618,30562.3125,30809.75,30737.5,6,09:35,30680.0,0,7,2,09:36,30680.5,1,18,4,09:47,30562.3125,target_2.618,,vwap,5m_hi_confirm_1m_close,11,118.1875,117.6875,0.5,12,137.0,57.0,1,0,0,F3_FIXED_INV1618_HOLD_VWAP_T2618,,,,,,
M26,2026-06-08,SHORT,1m_break_below,fixed_break,F3,1,29690.296,,,,-7.0,-0.860368,29584.0,29412.0,29498.0,172.0,2.618,29133.704,29586.0,29432.0,28,09:57,29379.25,22,29,6,09:58,29378.5,23,42,9,10:11,29459.75,ratchet_stop,,vwap,5m_hi_confirm_1m_close,13,-81.25,-81.75,0.5,14,47.0,89.0,0,0,0,F3_FIXED_INV1618_HOLD_VWAP_T2618,,,,,,
M26,2026-06-11,SHORT,1m_break_below,fixed_break,F3,1,28857.4745,,,,-7.0,-0.358151,28786.25,28671.0,28728.625,115.25,2.618,28484.5255,28788.25,28788.25,11,09:40,28668.75,5,12,3,09:41,28670.5,6,14,3,09:43,28745.75,hold_exit_above_dvwap,above_dvwap,vwap,5m_hi_confirm_1m_close,2,-75.25,-75.75,0.5,3,12.5,86.75,0,0,0,F3_FIXED_INV1618_HOLD_VWAP_T2618,,,,,,
U26,2026-06-18,SHORT,1m_break_below,fixed_break,F3,1,30697.8485,,,,-8.0,-0.802222,30615.5,30482.25,30548.875,133.25,2.618,30266.6515,30617.5,30503.5,6,09:35,30469.0,0,7,2,09:36,30468.75,1,20,4,09:49,30497.0,hold_exit_above_dvwap,above_dvwap,vwap,5m_hi_confirm_1m_close,13,-28.25,-28.75,0.5,14,77.75,33.5,0,0,0,F3_FIXED_INV1618_HOLD_VWAP_T2618,,,,,,
U26,2026-06-25,SHORT,1m_break_below,fixed_break,F3,1,30287.554,,,,-7.0,-0.333068,30193.0,30040.0,30116.5,153.0,2.618,29792.446,30195.0,30195.0,8,09:37,30029.75,2,9,2,09:38,30029.5,3,14,3,09:43,29792.446,target_2.618,,vwap,5m_hi_confirm_1m_close,5,237.054,236.554,0.5,6,271.25,6.25,1,0,0,F3_FIXED_INV1618_HOLD_VWAP_T2618,,,,,,
U26,2026-07-01,SHORT,1m_break_below,fixed_break,F3,1,30355.9445,,,,-8.0,-0.690181,30260.0,30104.75,30182.375,155.25,2.618,29853.5555,30262.0,30262.0,6,09:35,30102.5,0,7,2,09:36,30102.5,1,12,3,09:41,30161.5,hold_exit_above_dvwap,above_dvwap,vwap,5m_hi_confirm_1m_close,5,-59.0,-59.5,0.5,6,8.0,81.75,0,0,0,F3_FIXED_INV1618_HOLD_VWAP_T2618,,,,,,
U26,2026-07-07,SHORT,1m_break_below,fixed_break,F3,1,29791.119,,,,-7.0,-0.793934,29685.75,29515.25,29600.5,170.5,2.618,29239.381,29687.75,29687.75,9,09:38,29502.75,3,10,2,09:39,29501.5,4,11,3,09:40,29586.5,hold_exit_above_dvwap,above_dvwap,vwap,5m_hi_confirm_1m_close,1,-85.0,-85.5,0.5,2,6.75,85.75,0,0,0,F3_FIXED_INV1618_HOLD_VWAP_T2618,,,,,,
U26,2026-07-13,SHORT,1m_break_below,fixed_break,F3,1,29802.449,,,,-7.0,-0.493283,29737.25,29631.75,29684.5,105.5,2.618,29461.051,29739.25,29600.75,8,09:37,29619.75,2,9,2,09:38,29620.25,3,29,6,09:58,29607.25,ratchet_stop,,vwap,5m_hi_confirm_1m_close,20,13.0,12.5,0.5,21,102.25,46.5,0,0,0,F3_FIXED_INV1618_HOLD_VWAP_T2618,,,,,,
U26,2026-07-14,SHORT,1m_break_below,fixed_break,F3,1,29893.618,,,,-8.0,-0.274942,29815.75,29689.75,29752.75,126.0,2.618,29485.882,29817.75,29690.5,36,10:05,29670.0,30,37,8,10:06,29669.75,31,53,11,10:22,29708.5,ratchet_stop,,vwap,5m_hi_confirm_1m_close,16,-38.75,-39.25,0.5,17,102.25,45.25,0,0,0,F3_FIXED_INV1618_HOLD_VWAP_T2618,,,,,,
U26,2026-07-16,SHORT,1m_break_below,fixed_break,F3,1,29595.1905,,,,-6.0,-0.94826,29532.0,29429.75,29480.875,102.25,2.618,29264.3095,29534.0,29471.0,6,09:35,29417.25,0,7,2,09:36,29418.75,1,20,4,09:49,29264.3095,target_2.618,,vwap,5m_hi_confirm_1m_close,13,154.4405,153.9405,0.5,14,154.5,52.25,1,0,0,F3_FIXED_INV1618_HOLD_VWAP_T2618,,,,,,
U26,2026-07-17,SHORT,1m_break_below,fixed_break,F3,1,28776.3825,,,,-6.0,-0.82075,28686.0,28539.75,28612.875,146.25,2.618,28303.1175,28688.0,28512.0,7,09:36,28523.25,1,8,2,09:37,28523.75,2,21,5,09:50,28520.75,ratchet_stop,,vwap,5m_hi_confirm_1m_close,13,3.0,2.5,0.5,14,115.5,14.25,0,0,0,F3_FIXED_INV1618_HOLD_VWAP_T2618,,,,,,
U26,2026-07-21,SHORT,1m_break_below,fixed_break,F3,1,29316.2385,,,,-7.0,-0.461546,29246.25,29133.0,29189.625,113.25,2.618,28949.7615,29248.25,29153.5,17,09:46,29114.75,11,18,4,09:47,29114.5,12,31,7,10:00,29170.0,ratchet_stop,,vwap,5m_hi_confirm_1m_close,13,-55.5,-56.0,0.5,14,22.0,74.0,0,0,0,F3_FIXED_INV1618_HOLD_VWAP_T2618,,,,,,
U26,2026-07-28,SHORT,1m_break_below,fixed_break,F3,1,28066.6235,,,,-5.0,-0.525227,27992.0,27871.25,27931.625,120.75,2.618,27675.8765,27994.0,27926.25,7,09:36,27860.5,1,8,2,09:37,27861.0,2,17,4,09:46,27675.8765,target_2.618,,vwap,5m_hi_confirm_1m_close,9,185.1235,184.6235,0.5,10,188.0,17.5,1,0,0,F3_FIXED_INV1618_HOLD_VWAP_T2618,,,,,,
U26,2026-08-10,SHORT,1m_break_below,fixed_break,F3,1,29906.4855,,,,-7.0,-0.909454,29841.75,29737.0,29789.375,104.75,2.618,29567.5145,29843.75,29768.5,194,12:43,29735.5,188,195,39,12:44,29735.5,189,207,42,12:56,29772.0,ratchet_stop,,vwap,5m_hi_confirm_1m_close,12,-36.5,-37.0,0.5,13,6.0,37.5,0,0,0,F3_FIXED_INV1618_HOLD_VWAP_T2618,,,,,,
U26,2026-08-11,SHORT,1m_break_below,fixed_break,F3,1,29914.188,,,,-8.0,-0.335205,29842.5,29726.5,29784.5,116.0,2.618,29538.812,29844.5,29844.5,6,09:35,29698.25,0,7,2,09:36,29697.25,1,12,3,09:41,29744.25,hold_exit_above_dvwap,above_dvwap,vwap,5m_hi_confirm_1m_close,5,-47.0,-47.5,0.5,6,18.25,58.5,0,0,0,F3_FIXED_INV1618_HOLD_VWAP_T2618,,,,,,
U26,2026-08-12,SHORT,1m_break_below,fixed_break,F3,1,30078.382,,,,-8.0,-0.443299,30001.75,29877.75,29939.75,124.0,2.618,29677.118,30003.75,29946.25,11,09:40,29870.0,5,12,3,09:41,29869.25,6,18,4,09:47,29915.5,hold_exit_above_dvwap,above_dvwap,vwap,5m_hi_confirm_1m_close,6,-46.25,-46.75,0.5,7,3.75,57.75,0,0,0,F3_FIXED_INV1618_HOLD_VWAP_T2618,,,,,,
U26,2026-08-14,SHORT,1m_break_below,fixed_break,F3,1,30308.8975,,,,-5.0,-0.843128,30269.5,30205.75,30237.625,63.75,2.618,30102.6025,30271.5,30271.5,6,09:35,30199.75,0,7,2,09:36,30200.5,1,13,3,09:42,30238.0,hold_exit_above_dvwap,above_dvwap,vwap,5m_hi_confirm_1m_close,6,-37.5,-38.0,0.5,7,30.75,39.75,0,0,0,F3_FIXED_INV1618_HOLD_VWAP_T2618,,,,,,
U26,2026-08-17,SHORT,1m_break_below,fixed_break,F3,1,30312.35,,,,-5.0,-0.817748,30266.0,30191.0,30228.5,75.0,2.618,30069.65,30268.0,30268.0,9,09:38,30187.25,3,10,2,09:39,30188.0,4,12,3,09:41,30217.25,hold_exit_above_dvwap,above_dvwap,vwap,5m_hi_confirm_1m_close,2,-29.25,-29.75,0.5,3,22.5,35.25,0,0,0,F3_FIXED_INV1618_HOLD_VWAP_T2618,,,,,,
U26,2026-08-19,SHORT,1m_break_below,fixed_break,F3,1,29800.9965,,,,-5.0,-0.435983,29742.75,29648.5,29695.625,94.25,2.618,29496.0035,29744.75,29688.25,7,09:36,29626.5,1,8,2,09:37,29627.25,2,20,4,09:49,29496.0035,target_2.618,,vwap,5m_hi_confirm_1m_close,12,131.2465,130.7465,0.5,13,169.0,23.0,1,0,0,F3_FIXED_INV1618_HOLD_VWAP_T2618,,,,,,
U26,2026-08-21,SHORT,1m_break_below,fixed_break,F3,1,29549.0785,,,,-8.0,-0.72187,29476.0,29357.75,29416.875,118.25,2.618,29166.4215,29478.0,29320.25,7,09:36,29345.0,1,8,2,09:37,29345.25,2,36,8,10:05,29320.75,ratchet_stop,,vwap,5m_hi_confirm_1m_close,28,24.5,24.0,0.5,29,89.5,15.0,0,0,0,F3_FIXED_INV1618_HOLD_VWAP_T2618,,,,,,
H26,2025-12-17,SHORT,1m_break_below,fixed_break,F3,1,25481.431,,,,-8.0,-0.564224,25447.75,25393.25,25420.5,54.5,3.33,25266.265,25449.75,25406.75,6,09:35,25379.25,0,7,2,09:36,25379.0,1,17,4,09:46,25266.265,target_3.33,,vwap,5m_hi_confirm_1m_close,10,112.735,112.235,0.5,11,133.5,1.75,1,1,0,F3_FIXED_INV1618_HOLD_VWAP_T333,,,,,,
H26,2025-12-18,SHORT,1m_break_below,fixed_break,F3,1,25374.7685,,,,-6.0,-0.772303,25329.5,25256.25,25292.875,73.25,3.33,25085.5775,25331.5,25227.5,6,09:35,25242.25,0,7,2,09:36,25241.75,1,23,5,09:52,25237.0,ratchet_stop,,vwap,5m_hi_confirm_1m_close,16,4.75,4.25,0.5,17,80.5,25.5,0,0,0,F3_FIXED_INV1618_HOLD_VWAP_T333,,,,,,
H26,2025-12-22,SHORT,1m_break_below,fixed_break,F3,1,25856.859,,,,-7.0,-0.506942,25794.75,25694.25,25744.5,100.5,3.33,25460.085,25796.75,25727.5,12,09:41,25685.0,6,13,3,09:42,25684.5,7,18,4,09:47,25720.0,hold_exit_above_dvwap,above_dvwap,vwap,5m_hi_confirm_1m_close,5,-35.5,-36.0,0.5,6,12.25,36.0,0,0,0,F3_FIXED_INV1618_HOLD_VWAP_T333,,,,,,
H26,2026-01-05,SHORT,1m_break_below,fixed_break,F3,1,25728.5835,,,,-7.0,-0.844601,25672.5,25581.75,25627.125,90.75,3.33,25370.3025,25674.5,25674.5,6,09:35,25573.25,0,7,2,09:36,25573.0,1,15,3,09:44,25602.0,hold_exit_above_dvwap,above_dvwap,vwap,5m_hi_confirm_1m_close,8,-29.0,-29.5,0.5,9,34.5,40.25,0,0,0,F3_FIXED_INV1618_HOLD_VWAP_T333,,,,,,
H26,2026-01-08,SHORT,1m_break_below,fixed_break,F3,1,25871.289,,,,-8.0,-0.241331,25803.0,25692.5,25747.75,110.5,3.33,25435.035,25805.0,25658.5,9,09:38,25688.5,3,10,2,09:39,25688.25,4,39,8,10:08,25671.25,ratchet_stop,,vwap,5m_hi_confirm_1m_close,29,17.0,16.5,0.5,30,119.25,19.75,0,0,0,F3_FIXED_INV1618_HOLD_VWAP_T333,,,,,,
H26,2026-01-15,SHORT,1m_break_below,fixed_break,F3,1,25986.42,,,,-5.0,-0.511924,25946.25,25881.25,25913.75,65.0,3.33,25729.8,25948.25,25948.25,6,09:35,25881.0,0,7,2,09:36,25881.0,1,14,3,09:43,25902.25,hold_exit_above_dvwap,above_dvwap,vwap,5m_hi_confirm_1m_close,7,-21.25,-21.75,0.5,8,27.5,29.75,0,0,0,F3_FIXED_INV1618_HOLD_VWAP_T333,,,,,,
H26,2026-01-21,SHORT,1m_break_below,fixed_break,F3,1,25268.364,,,,-6.0,-0.259412,25223.25,25150.25,25186.75,73.0,3.33,24980.16,25225.25,25225.25,11,09:40,25135.0,5,12,3,09:41,25134.75,6,14,3,09:43,25193.75,hold_exit_above_dvwap,above_dvwap,vwap,5m_hi_confirm_1m_close,2,-59.0,-59.5,0.5,3,7.25,69.25,0,0,0,F3_FIXED_INV1618_HOLD_VWAP_T333,,,,,,
H26,2026-01-22,SHORT,1m_break_below,fixed_break,F3,1,25773.156,,,,-9.0,-0.333606,25731.75,25664.75,25698.25,67.0,3.33,25508.64,25733.75,25733.75,6,09:35,25651.75,0,7,2,09:36,25652.75,1,8,2,09:37,25676.5,hold_exit_above_dvwap,above_dvwap,vwap,5m_hi_confirm_1m_close,1,-23.75,-24.25,0.5,2,17.0,24.75,0,0,0,F3_FIXED_INV1618_HOLD_VWAP_T333,,,,,,
H26,2026-01-23,SHORT,1m_break_below,fixed_break,F3,1,25694.0605,,,,-5.0,-0.802518,25652.5,25585.25,25618.875,67.25,3.33,25428.5575,25654.5,25654.5,8,09:37,25570.0,2,9,2,09:38,25571.5,3,12,3,09:41,25616.25,hold_exit_above_dvwap,above_dvwap,vwap,5m_hi_confirm_1m_close,3,-44.75,-45.25,0.5,4,7.5,48.0,0,0,0,F3_FIXED_INV1618_HOLD_VWAP_T333,,,,,,
H26,2026-01-27,SHORT,1m_break_below,fixed_break,F3,1,26048.035,,,,-6.0,-0.793903,26012.5,25955.0,25983.75,57.5,3.33,25821.025,26014.5,26014.5,6,09:35,25951.0,0,7,2,09:36,25951.75,1,12,3,09:41,25966.75,hold_exit_above_dvwap,above_dvwap,vwap,5m_hi_confirm_1m_close,5,-15.0,-15.5,0.5,6,34.5,16.25,0,0,0,F3_FIXED_INV1618_HOLD_VWAP_T333,,,,,,
H26,2026-01-29,SHORT,1m_break_below,fixed_break,F3,1,26231.547,,,,-6.0,-0.65788,26175.0,26083.5,26129.25,91.5,3.33,25870.305,26177.0,26008.25,6,09:35,26062.5,0,7,2,09:36,26064.0,1,30,6,09:59,25870.305,target_3.33,,vwap,5m_hi_confirm_1m_close,23,193.695,193.195,0.5,24,206.0,4.5,1,1,0,F3_FIXED_INV1618_HOLD_VWAP_T333,,,,,,
H26,2026-02-03,SHORT,1m_break_below,fixed_break,F3,1,26022.393,,,,-5.0,-0.029144,25952.25,25838.75,25895.5,113.5,3.33,25574.295,25954.25,25799.5,9,09:38,25834.75,3,10,2,09:39,25835.5,4,33,7,10:02,25574.295,target_3.33,,vwap,5m_hi_confirm_1m_close,23,261.205,260.705,0.5,24,264.25,4.25,1,1,0,F3_FIXED_INV1618_HOLD_VWAP_T333,,,,,,
H26,2026-02-11,SHORT,1m_break_below,fixed_break,F3,1,25526.5865,,,,-6.0,-0.813482,25465.25,25366.0,25415.625,99.25,3.33,25134.7475,25467.25,25416.5,7,09:36,25360.75,1,8,2,09:37,25362.0,2,16,4,09:45,25425.75,ratchet_stop,,vwap,5m_hi_confirm_1m_close,8,-63.75,-64.25,0.5,9,22.75,64.25,0,0,0,F3_FIXED_INV1618_HOLD_VWAP_T333,,,,,,
H26,2026-02-26,SHORT,1m_break_below,fixed_break,F3,1,25395.148,,,,-7.0,-0.21623,25342.0,25256.0,25299.0,86.0,3.33,25055.62,25344.0,25178.0,7,09:36,25234.0,1,8,2,09:37,25234.0,2,46,10,10:15,25055.62,target_3.33,,vwap,5m_hi_confirm_1m_close,38,178.38,177.88,0.5,39,208.5,61.75,1,1,0,F3_FIXED_INV1618_HOLD_VWAP_T333,,,,,,
M26,2026-03-27,SHORT,1m_break_below,fixed_break,F3,1,23730.2805,,,,-7.0,-0.385654,23664.0,23556.75,23610.375,107.25,3.33,23306.8575,23666.0,23666.0,6,09:35,23554.25,0,7,2,09:36,23554.0,1,9,2,09:38,23597.75,hold_exit_above_dvwap,above_dvwap,vwap,5m_hi_confirm_1m_close,2,-43.75,-44.25,0.5,3,22.0,52.25,0,0,0,F3_FIXED_INV1618_HOLD_VWAP_T333,,,,,,
M26,2026-03-30,SHORT,1m_break_below,fixed_break,F3,1,23588.1535,,,,-6.0,-0.714987,23538.25,23457.5,23497.875,80.75,3.33,23269.3525,23540.25,23340.75,6,09:35,23443.75,0,7,2,09:36,23444.25,1,42,9,10:11,23355.25,ratchet_stop,,vwap,5m_hi_confirm_1m_close,35,89.0,88.5,0.5,36,151.5,5.0,1,0,0,F3_FIXED_INV1618_HOLD_VWAP_T333,,,,,,
M26,2026-04-07,SHORT,1m_break_below,fixed_break,F3,1,24375.98,,,,-7.0,-0.380328,24308.0,24198.0,24253.0,110.0,3.33,23941.7,24310.0,24044.0,15,09:44,24196.5,9,16,4,09:45,24197.0,10,51,11,10:20,24067.25,ratchet_stop,,vwap,5m_hi_confirm_1m_close,35,129.75,129.25,0.5,36,203.0,10.75,1,0,0,F3_FIXED_INV1618_HOLD_VWAP_T333,,,,,,
M26,2026-04-09,SHORT,1m_break_below,fixed_break,F3,1,25155.721,,,,-7.0,-0.667477,25103.5,25019.0,25061.25,84.5,3.33,24822.115,25105.5,25040.5,27,09:56,25016.25,21,28,6,09:57,25017.25,22,36,8,10:05,25049.0,ratchet_stop,,vwap,5m_hi_confirm_1m_close,8,-31.75,-32.25,0.5,9,8.75,38.75,0,0,0,F3_FIXED_INV1618_HOLD_VWAP_T333,,,,,,
M26,2026-04-27,SHORT,1m_break_below,fixed_break,F3,1,27479.9595,,,,-7.0,-0.497537,27435.0,27362.25,27398.625,72.75,3.33,27192.7425,27437.0,27401.0,16,09:45,27360.0,10,17,4,09:46,27360.25,11,25,5,09:54,27378.75,hold_exit_above_dvwap,above_dvwap,vwap,5m_hi_confirm_1m_close,8,-18.5,-19.0,0.5,9,61.75,21.75,0,0,0,F3_FIXED_INV1618_HOLD_VWAP_T333,,,,,,
M26,2026-04-30,SHORT,1m_break_below,fixed_break,F3,1,27584.3545,,,,-8.0,-0.401337,27491.5,27341.25,27416.375,150.25,3.33,26991.1675,27493.5,27373.0,6,09:35,27332.5,0,7,2,09:36,27333.5,1,16,4,09:45,27359.75,hold_exit_above_dvwap,above_dvwap,vwap,5m_hi_confirm_1m_close,9,-26.25,-26.75,0.5,10,62.5,39.5,0,0,0,F3_FIXED_INV1618_HOLD_VWAP_T333,,,,,,
M26,2026-05-18,SHORT,1m_break_below,fixed_break,F3,1,29405.69,,,,-5.0,-0.532795,29356.25,29276.25,29316.25,80.0,3.33,29089.85,29358.25,29282.75,7,09:36,29258.25,1,8,2,09:37,29257.75,2,25,5,09:54,29272.5,hold_exit_above_dvwap,above_dvwap,vwap,5m_hi_confirm_1m_close,17,-14.75,-15.25,0.5,18,122.75,29.25,1,0,0,F3_FIXED_INV1618_HOLD_VWAP_T333,,,,,,
M26,2026-05-26,SHORT,1m_break_below,fixed_break,F3,1,29992.474,,,,-7.0,-0.72972,29935.0,29842.0,29888.5,93.0,3.33,29625.31,29937.0,29937.0,6,09:35,29840.5,0,7,2,09:36,29840.75,1,12,3,09:41,29903.5,hold_exit_above_dvwap,above_dvwap,vwap,5m_hi_confirm_1m_close,5,-62.75,-63.25,0.5,6,6.25,69.25,0,0,0,F3_FIXED_INV1618_HOLD_VWAP_T333,,,,,,
M26,2026-05-27,SHORT,1m_break_below,fixed_break,F3,1,30232.9425,,,,-6.0,-0.012362,30192.0,30125.75,30158.875,66.25,3.33,29971.3875,30194.0,30194.0,6,09:35,30116.0,0,7,2,09:36,30116.5,1,15,3,09:44,29971.3875,target_3.33,,vwap,5m_hi_confirm_1m_close,8,145.1125,144.6125,0.5,9,151.5,14.75,1,1,0,F3_FIXED_INV1618_HOLD_VWAP_T333,,,,,,
M26,2026-06-02,SHORT,1m_break_below,fixed_break,F3,1,30630.0135,,,,-8.0,-0.277285,30567.75,30467.0,30517.375,100.75,3.33,30232.2525,30569.75,30569.75,6,09:35,30456.0,0,7,2,09:36,30457.25,1,14,3,09:43,30485.0,hold_exit_above_dvwap,above_dvwap,vwap,5m_hi_confirm_1m_close,7,-27.75,-28.25,0.5,8,33.5,30.0,0,0,0,F3_FIXED_INV1618_HOLD_VWAP_T333,,,,,,
M26,2026-06-03,SHORT,1m_break_below,fixed_break,F3,1,30865.6875,,,,-6.0,-0.980843,30807.75,30714.0,30760.875,93.75,3.33,30495.5625,30809.75,30625.0,6,09:35,30680.0,0,7,2,09:36,30680.5,1,33,7,10:02,30631.25,ratchet_stop,,vwap,5m_hi_confirm_1m_close,26,49.25,48.75,0.5,27,184.5,57.0,1,0,0,F3_FIXED_INV1618_HOLD_VWAP_T333,,,,,,
M26,2026-06-08,SHORT,1m_break_below,fixed_break,F3,1,29690.296,,,,-7.0,-0.860368,29584.0,29412.0,29498.0,172.0,3.33,29011.24,29586.0,29432.0,28,09:57,29379.25,22,29,6,09:58,29378.5,23,42,9,10:11,29459.75,ratchet_stop,,vwap,5m_hi_confirm_1m_close,13,-81.25,-81.75,0.5,14,47.0,89.0,0,0,0,F3_FIXED_INV1618_HOLD_VWAP_T333,,,,,,
M26,2026-06-11,SHORT,1m_break_below,fixed_break,F3,1,28857.4745,,,,-7.0,-0.358151,28786.25,28671.0,28728.625,115.25,3.33,28402.4675,28788.25,28788.25,11,09:40,28668.75,5,12,3,09:41,28670.5,6,14,3,09:43,28745.75,hold_exit_above_dvwap,above_dvwap,vwap,5m_hi_confirm_1m_close,2,-75.25,-75.75,0.5,3,12.5,86.75,0,0,0,F3_FIXED_INV1618_HOLD_VWAP_T333,,,,,,
U26,2026-06-18,SHORT,1m_break_below,fixed_break,F3,1,30697.8485,,,,-8.0,-0.802222,30615.5,30482.25,30548.875,133.25,3.33,30171.7775,30617.5,30503.5,6,09:35,30469.0,0,7,2,09:36,30468.75,1,20,4,09:49,30497.0,hold_exit_above_dvwap,above_dvwap,vwap,5m_hi_confirm_1m_close,13,-28.25,-28.75,0.5,14,77.75,33.5,0,0,0,F3_FIXED_INV1618_HOLD_VWAP_T333,,,,,,
U26,2026-06-25,SHORT,1m_break_below,fixed_break,F3,1,30287.554,,,,-7.0,-0.333068,30193.0,30040.0,30116.5,153.0,3.33,29683.51,30195.0,30090.5,8,09:37,30029.75,2,9,2,09:38,30029.5,3,17,4,09:46,29683.51,target_3.33,,vwap,5m_hi_confirm_1m_close,8,345.99,345.49,0.5,9,442.0,6.25,1,1,0,F3_FIXED_INV1618_HOLD_VWAP_T333,,,,,,
U26,2026-07-01,SHORT,1m_break_below,fixed_break,F3,1,30355.9445,,,,-8.0,-0.690181,30260.0,30104.75,30182.375,155.25,3.33,29743.0175,30262.0,30262.0,6,09:35,30102.5,0,7,2,09:36,30102.5,1,12,3,09:41,30161.5,hold_exit_above_dvwap,above_dvwap,vwap,5m_hi_confirm_1m_close,5,-59.0,-59.5,0.5,6,8.0,81.75,0,0,0,F3_FIXED_INV1618_HOLD_VWAP_T333,,,,,,
U26,2026-07-07,SHORT,1m_break_below,fixed_break,F3,1,29791.119,,,,-7.0,-0.793934,29685.75,29515.25,29600.5,170.5,3.33,29117.985,29687.75,29687.75,9,09:38,29502.75,3,10,2,09:39,29501.5,4,11,3,09:40,29586.5,hold_exit_above_dvwap,above_dvwap,vwap,5m_hi_confirm_1m_close,1,-85.0,-85.5,0.5,2,6.75,85.75,0,0,0,F3_FIXED_INV1618_HOLD_VWAP_T333,,,,,,
U26,2026-07-13,SHORT,1m_break_below,fixed_break,F3,1,29802.449,,,,-7.0,-0.493283,29737.25,29631.75,29684.5,105.5,3.33,29385.935,29739.25,29600.75,8,09:37,29619.75,2,9,2,09:38,29620.25,3,29,6,09:58,29607.25,ratchet_stop,,vwap,5m_hi_confirm_1m_close,20,13.0,12.5,0.5,21,102.25,46.5,0,0,0,F3_FIXED_INV1618_HOLD_VWAP_T333,,,,,,
U26,2026-07-14,SHORT,1m_break_below,fixed_break,F3,1,29893.618,,,,-8.0,-0.274942,29815.75,29689.75,29752.75,126.0,3.33,29396.17,29817.75,29690.5,36,10:05,29670.0,30,37,8,10:06,29669.75,31,53,11,10:22,29708.5,ratchet_stop,,vwap,5m_hi_confirm_1m_close,16,-38.75,-39.25,0.5,17,102.25,45.25,0,0,0,F3_FIXED_INV1618_HOLD_VWAP_T333,,,,,,
U26,2026-07-16,SHORT,1m_break_below,fixed_break,F3,1,29595.1905,,,,-6.0,-0.94826,29532.0,29429.75,29480.875,102.25,3.33,29191.5075,29534.0,29342.75,6,09:35,29417.25,0,7,2,09:36,29418.75,1,30,6,09:59,29347.5,ratchet_stop,,vwap,5m_hi_confirm_1m_close,23,71.25,70.75,0.5,24,163.25,52.25,1,0,0,F3_FIXED_INV1618_HOLD_VWAP_T333,,,,,,
U26,2026-07-17,SHORT,1m_break_below,fixed_break,F3,1,28776.3825,,,,-6.0,-0.82075,28686.0,28539.75,28612.875,146.25,3.33,28198.9875,28688.0,28512.0,7,09:36,28523.25,1,8,2,09:37,28523.75,2,21,5,09:50,28520.75,ratchet_stop,,vwap,5m_hi_confirm_1m_close,13,3.0,2.5,0.5,14,115.5,14.25,0,0,0,F3_FIXED_INV1618_HOLD_VWAP_T333,,,,,,
U26,2026-07-21,SHORT,1m_break_below,fixed_break,F3,1,29316.2385,,,,-7.0,-0.461546,29246.25,29133.0,29189.625,113.25,3.33,28869.1275,29248.25,29153.5,17,09:46,29114.75,11,18,4,09:47,29114.5,12,31,7,10:00,29170.0,ratchet_stop,,vwap,5m_hi_confirm_1m_close,13,-55.5,-56.0,0.5,14,22.0,74.0,0,0,0,F3_FIXED_INV1618_HOLD_VWAP_T333,,,,,,
U26,2026-07-28,SHORT,1m_break_below,fixed_break,F3,1,28066.6235,,,,-5.0,-0.525227,27992.0,27871.25,27931.625,120.75,3.33,27589.9025,27994.0,27720.5,7,09:36,27860.5,1,8,2,09:37,27861.0,2,36,8,10:05,27766.25,ratchet_stop,,vwap,5m_hi_confirm_1m_close,28,94.75,94.25,0.5,29,219.25,17.5,1,0,0,F3_FIXED_INV1618_HOLD_VWAP_T333,,,,,,
U26,2026-08-10,SHORT,1m_break_below,fixed_break,F3,1,29906.4855,,,,-7.0,-0.909454,29841.75,29737.0,29789.375,104.75,3.33,29492.9325,29843.75,29768.5,194,12:43,29735.5,188,195,39,12:44,29735.5,189,207,42,12:56,29772.0,ratchet_stop,,vwap,5m_hi_confirm_1m_close,12,-36.5,-37.0,0.5,13,6.0,37.5,0,0,0,F3_FIXED_INV1618_HOLD_VWAP_T333,,,,,,
U26,2026-08-11,SHORT,1m_break_below,fixed_break,F3,1,29914.188,,,,-8.0,-0.335205,29842.5,29726.5,29784.5,116.0,3.33,29456.22,29844.5,29844.5,6,09:35,29698.25,0,7,2,09:36,29697.25,1,12,3,09:41,29744.25,hold_exit_above_dvwap,above_dvwap,vwap,5m_hi_confirm_1m_close,5,-47.0,-47.5,0.5,6,18.25,58.5,0,0,0,F3_FIXED_INV1618_HOLD_VWAP_T333,,,,,,
U26,2026-08-12,SHORT,1m_break_below,fixed_break,F3,1,30078.382,,,,-8.0,-0.443299,30001.75,29877.75,29939.75,124.0,3.33,29588.83,30003.75,29946.25,11,09:40,29870.0,5,12,3,09:41,29869.25,6,18,4,09:47,29915.5,hold_exit_above_dvwap,above_dvwap,vwap,5m_hi_confirm_1m_close,6,-46.25,-46.75,0.5,7,3.75,57.75,0,0,0,F3_FIXED_INV1618_HOLD_VWAP_T333,,,,,,
U26,2026-08-14,SHORT,1m_break_below,fixed_break,F3,1,30308.8975,,,,-5.0,-0.843128,30269.5,30205.75,30237.625,63.75,3.33,30057.2125,30271.5,30271.5,6,09:35,30199.75,0,7,2,09:36,30200.5,1,13,3,09:42,30238.0,hold_exit_above_dvwap,above_dvwap,vwap,5m_hi_confirm_1m_close,6,-37.5,-38.0,0.5,7,30.75,39.75,0,0,0,F3_FIXED_INV1618_HOLD_VWAP_T333,,,,,,
U26,2026-08-17,SHORT,1m_break_below,fixed_break,F3,1,30312.35,,,,-5.0,-0.817748,30266.0,30191.0,30228.5,75.0,3.33,30016.25,30268.0,30268.0,9,09:38,30187.25,3,10,2,09:39,30188.0,4,12,3,09:41,30217.25,hold_exit_above_dvwap,above_dvwap,vwap,5m_hi_confirm_1m_close,2,-29.25,-29.75,0.5,3,22.5,35.25,0,0,0,F3_FIXED_INV1618_HOLD_VWAP_T333,,,,,,
U26,2026-08-19,SHORT,1m_break_below,fixed_break,F3,1,29800.9965,,,,-5.0,-0.435983,29742.75,29648.5,29695.625,94.25,3.33,29428.8975,29744.75,29628.75,7,09:36,29626.5,1,8,2,09:37,29627.25,2,22,5,09:51,29428.8975,target_3.33,,vwap,5m_hi_confirm_1m_close,14,198.3525,197.8525,0.5,15,220.75,23.0,1,1,0,F3_FIXED_INV1618_HOLD_VWAP_T333,,,,,,
U26,2026-08-21,SHORT,1m_break_below,fixed_break,F3,1,29549.0785,,,,-8.0,-0.72187,29476.0,29357.75,29416.875,118.25,3.33,29082.2275,29478.0,29320.25,7,09:36,29345.0,1,8,2,09:37,29345.25,2,36,8,10:05,29320.75,ratchet_stop,,vwap,5m_hi_confirm_1m_close,28,24.5,24.0,0.5,29,89.5,15.0,0,0,0,F3_FIXED_INV1618_HOLD_VWAP_T333,,,,,,
H26,2025-12-17,SHORT,1m_break_below,fixed_break,F3,1,25481.431,,,,-8.0,-0.564224,25447.75,25393.25,25420.5,54.5,4.23,25217.215,25449.75,25337.5,6,09:35,25379.25,0,7,2,09:36,25379.0,1,28,6,09:57,25335.5,hold_exit_above_dvwap,above_dvwap,vwap,5m_hi_confirm_1m_close,21,43.5,43.0,0.5,22,133.5,1.75,1,1,0,F3_FIXED_INV1618_HOLD_VWAP_T423,,,,,,
H26,2025-12-18,SHORT,1m_break_below,fixed_break,F3,1,25374.7685,,,,-6.0,-0.772303,25329.5,25256.25,25292.875,73.25,4.23,25019.6525,25331.5,25227.5,6,09:35,25242.25,0,7,2,09:36,25241.75,1,23,5,09:52,25237.0,ratchet_stop,,vwap,5m_hi_confirm_1m_close,16,4.75,4.25,0.5,17,80.5,25.5,0,0,0,F3_FIXED_INV1618_HOLD_VWAP_T423,,,,,,
H26,2025-12-22,SHORT,1m_break_below,fixed_break,F3,1,25856.859,,,,-7.0,-0.506942,25794.75,25694.25,25744.5,100.5,4.23,25369.635,25796.75,25727.5,12,09:41,25685.0,6,13,3,09:42,25684.5,7,18,4,09:47,25720.0,hold_exit_above_dvwap,above_dvwap,vwap,5m_hi_confirm_1m_close,5,-35.5,-36.0,0.5,6,12.25,36.0,0,0,0,F3_FIXED_INV1618_HOLD_VWAP_T423,,,,,,
H26,2026-01-05,SHORT,1m_break_below,fixed_break,F3,1,25728.5835,,,,-7.0,-0.844601,25672.5,25581.75,25627.125,90.75,4.23,25288.6275,25674.5,25674.5,6,09:35,25573.25,0,7,2,09:36,25573.0,1,15,3,09:44,25602.0,hold_exit_above_dvwap,above_dvwap,vwap,5m_hi_confirm_1m_close,8,-29.0,-29.5,0.5,9,34.5,40.25,0,0,0,F3_FIXED_INV1618_HOLD_VWAP_T423,,,,,,
H26,2026-01-08,SHORT,1m_break_below,fixed_break,F3,1,25871.289,,,,-8.0,-0.241331,25803.0,25692.5,25747.75,110.5,4.23,25335.585,25805.0,25658.5,9,09:38,25688.5,3,10,2,09:39,25688.25,4,39,8,10:08,25671.25,ratchet_stop,,vwap,5m_hi_confirm_1m_close,29,17.0,16.5,0.5,30,119.25,19.75,0,0,0,F3_FIXED_INV1618_HOLD_VWAP_T423,,,,,,
H26,2026-01-15,SHORT,1m_break_below,fixed_break,F3,1,25986.42,,,,-5.0,-0.511924,25946.25,25881.25,25913.75,65.0,4.23,25671.3,25948.25,25948.25,6,09:35,25881.0,0,7,2,09:36,25881.0,1,14,3,09:43,25902.25,hold_exit_above_dvwap,above_dvwap,vwap,5m_hi_confirm_1m_close,7,-21.25,-21.75,0.5,8,27.5,29.75,0,0,0,F3_FIXED_INV1618_HOLD_VWAP_T423,,,,,,
H26,2026-01-21,SHORT,1m_break_below,fixed_break,F3,1,25268.364,,,,-6.0,-0.259412,25223.25,25150.25,25186.75,73.0,4.23,24914.46,25225.25,25225.25,11,09:40,25135.0,5,12,3,09:41,25134.75,6,14,3,09:43,25193.75,hold_exit_above_dvwap,above_dvwap,vwap,5m_hi_confirm_1m_close,2,-59.0,-59.5,0.5,3,7.25,69.25,0,0,0,F3_FIXED_INV1618_HOLD_VWAP_T423,,,,,,
H26,2026-01-22,SHORT,1m_break_below,fixed_break,F3,1,25773.156,,,,-9.0,-0.333606,25731.75,25664.75,25698.25,67.0,4.23,25448.34,25733.75,25733.75,6,09:35,25651.75,0,7,2,09:36,25652.75,1,8,2,09:37,25676.5,hold_exit_above_dvwap,above_dvwap,vwap,5m_hi_confirm_1m_close,1,-23.75,-24.25,0.5,2,17.0,24.75,0,0,0,F3_FIXED_INV1618_HOLD_VWAP_T423,,,,,,
H26,2026-01-23,SHORT,1m_break_below,fixed_break,F3,1,25694.0605,,,,-5.0,-0.802518,25652.5,25585.25,25618.875,67.25,4.23,25368.0325,25654.5,25654.5,8,09:37,25570.0,2,9,2,09:38,25571.5,3,12,3,09:41,25616.25,hold_exit_above_dvwap,above_dvwap,vwap,5m_hi_confirm_1m_close,3,-44.75,-45.25,0.5,4,7.5,48.0,0,0,0,F3_FIXED_INV1618_HOLD_VWAP_T423,,,,,,
H26,2026-01-27,SHORT,1m_break_below,fixed_break,F3,1,26048.035,,,,-6.0,-0.793903,26012.5,25955.0,25983.75,57.5,4.23,25769.275,26014.5,26014.5,6,09:35,25951.0,0,7,2,09:36,25951.75,1,12,3,09:41,25966.75,hold_exit_above_dvwap,above_dvwap,vwap,5m_hi_confirm_1m_close,5,-15.0,-15.5,0.5,6,34.5,16.25,0,0,0,F3_FIXED_INV1618_HOLD_VWAP_T423,,,,,,
H26,2026-01-29,SHORT,1m_break_below,fixed_break,F3,1,26231.547,,,,-6.0,-0.65788,26175.0,26083.5,26129.25,91.5,4.23,25787.955,26177.0,25988.25,6,09:35,26062.5,0,7,2,09:36,26064.0,1,32,7,10:01,25787.955,target_4.23,,vwap,5m_hi_confirm_1m_close,25,276.045,275.545,0.5,26,279.5,4.5,1,1,1,F3_FIXED_INV1618_HOLD_VWAP_T423,,,,,,
H26,2026-02-03,SHORT,1m_break_below,fixed_break,F3,1,26022.393,,,,-5.0,-0.029144,25952.25,25838.75,25895.5,113.5,4.23,25472.145,25954.25,25594.0,9,09:38,25834.75,3,10,2,09:39,25835.5,4,56,12,10:25,25472.145,target_4.23,,vwap,5m_hi_confirm_1m_close,46,363.355,362.855,0.5,47,365.25,4.25,1,1,1,F3_FIXED_INV1618_HOLD_VWAP_T423,,,,,,
H26,2026-02-11,SHORT,1m_break_below,fixed_break,F3,1,25526.5865,,,,-6.0,-0.813482,25465.25,25366.0,25415.625,99.25,4.23,25045.4225,25467.25,25416.5,7,09:36,25360.75,1,8,2,09:37,25362.0,2,16,4,09:45,25425.75,ratchet_stop,,vwap,5m_hi_confirm_1m_close,8,-63.75,-64.25,0.5,9,22.75,64.25,0,0,0,F3_FIXED_INV1618_HOLD_VWAP_T423,,,,,,
H26,2026-02-26,SHORT,1m_break_below,fixed_break,F3,1,25395.148,,,,-7.0,-0.21623,25342.0,25256.0,25299.0,86.0,4.23,24978.22,25344.0,25178.0,7,09:36,25234.0,1,8,2,09:37,25234.0,2,49,10,10:18,24978.22,target_4.23,,vwap,5m_hi_confirm_1m_close,41,255.78,255.28,0.5,42,269.0,61.75,1,1,1,F3_FIXED_INV1618_HOLD_VWAP_T423,,,,,,
M26,2026-03-27,SHORT,1m_break_below,fixed_break,F3,1,23730.2805,,,,-7.0,-0.385654,23664.0,23556.75,23610.375,107.25,4.23,23210.3325,23666.0,23666.0,6,09:35,23554.25,0,7,2,09:36,23554.0,1,9,2,09:38,23597.75,hold_exit_above_dvwap,above_dvwap,vwap,5m_hi_confirm_1m_close,2,-43.75,-44.25,0.5,3,22.0,52.25,0,0,0,F3_FIXED_INV1618_HOLD_VWAP_T423,,,,,,
M26,2026-03-30,SHORT,1m_break_below,fixed_break,F3,1,23588.1535,,,,-6.0,-0.714987,23538.25,23457.5,23497.875,80.75,4.23,23196.6775,23540.25,23340.75,6,09:35,23443.75,0,7,2,09:36,23444.25,1,42,9,10:11,23355.25,ratchet_stop,,vwap,5m_hi_confirm_1m_close,35,89.0,88.5,0.5,36,151.5,5.0,1,0,0,F3_FIXED_INV1618_HOLD_VWAP_T423,,,,,,
M26,2026-04-07,SHORT,1m_break_below,fixed_break,F3,1,24375.98,,,,-7.0,-0.380328,24308.0,24198.0,24253.0,110.0,4.23,23842.7,24310.0,24044.0,15,09:44,24196.5,9,16,4,09:45,24197.0,10,51,11,10:20,24067.25,ratchet_stop,,vwap,5m_hi_confirm_1m_close,35,129.75,129.25,0.5,36,203.0,10.75,1,0,0,F3_FIXED_INV1618_HOLD_VWAP_T423,,,,,,
M26,2026-04-09,SHORT,1m_break_below,fixed_break,F3,1,25155.721,,,,-7.0,-0.667477,25103.5,25019.0,25061.25,84.5,4.23,24746.065,25105.5,25040.5,27,09:56,25016.25,21,28,6,09:57,25017.25,22,36,8,10:05,25049.0,ratchet_stop,,vwap,5m_hi_confirm_1m_close,8,-31.75,-32.25,0.5,9,8.75,38.75,0,0,0,F3_FIXED_INV1618_HOLD_VWAP_T423,,,,,,
M26,2026-04-27,SHORT,1m_break_below,fixed_break,F3,1,27479.9595,,,,-7.0,-0.497537,27435.0,27362.25,27398.625,72.75,4.23,27127.2675,27437.0,27401.0,16,09:45,27360.0,10,17,4,09:46,27360.25,11,25,5,09:54,27378.75,hold_exit_above_dvwap,above_dvwap,vwap,5m_hi_confirm_1m_close,8,-18.5,-19.0,0.5,9,61.75,21.75,0,0,0,F3_FIXED_INV1618_HOLD_VWAP_T423,,,,,,
M26,2026-04-30,SHORT,1m_break_below,fixed_break,F3,1,27584.3545,,,,-8.0,-0.401337,27491.5,27341.25,27416.375,150.25,4.23,26855.9425,27493.5,27373.0,6,09:35,27332.5,0,7,2,09:36,27333.5,1,16,4,09:45,27359.75,hold_exit_above_dvwap,above_dvwap,vwap,5m_hi_confirm_1m_close,9,-26.25,-26.75,0.5,10,62.5,39.5,0,0,0,F3_FIXED_INV1618_HOLD_VWAP_T423,,,,,,
M26,2026-05-18,SHORT,1m_break_below,fixed_break,F3,1,29405.69,,,,-5.0,-0.532795,29356.25,29276.25,29316.25,80.0,4.23,29017.85,29358.25,29282.75,7,09:36,29258.25,1,8,2,09:37,29257.75,2,25,5,09:54,29272.5,hold_exit_above_dvwap,above_dvwap,vwap,5m_hi_confirm_1m_close,17,-14.75,-15.25,0.5,18,122.75,29.25,1,0,0,F3_FIXED_INV1618_HOLD_VWAP_T423,,,,,,
M26,2026-05-26,SHORT,1m_break_below,fixed_break,F3,1,29992.474,,,,-7.0,-0.72972,29935.0,29842.0,29888.5,93.0,4.23,29541.61,29937.0,29937.0,6,09:35,29840.5,0,7,2,09:36,29840.75,1,12,3,09:41,29903.5,hold_exit_above_dvwap,above_dvwap,vwap,5m_hi_confirm_1m_close,5,-62.75,-63.25,0.5,6,6.25,69.25,0,0,0,F3_FIXED_INV1618_HOLD_VWAP_T423,,,,,,
M26,2026-05-27,SHORT,1m_break_below,fixed_break,F3,1,30232.9425,,,,-6.0,-0.012362,30192.0,30125.75,30158.875,66.25,4.23,29911.7625,30194.0,30068.75,6,09:35,30116.0,0,7,2,09:36,30116.5,1,23,5,09:52,30066.5,hold_exit_above_dvwap,above_dvwap,vwap,5m_hi_confirm_1m_close,16,50.0,49.5,0.5,17,179.5,14.75,1,1,0,F3_FIXED_INV1618_HOLD_VWAP_T423,,,,,,
M26,2026-06-02,SHORT,1m_break_below,fixed_break,F3,1,30630.0135,,,,-8.0,-0.277285,30567.75,30467.0,30517.375,100.75,4.23,30141.5775,30569.75,30569.75,6,09:35,30456.0,0,7,2,09:36,30457.25,1,14,3,09:43,30485.0,hold_exit_above_dvwap,above_dvwap,vwap,5m_hi_confirm_1m_close,7,-27.75,-28.25,0.5,8,33.5,30.0,0,0,0,F3_FIXED_INV1618_HOLD_VWAP_T423,,,,,,
M26,2026-06-03,SHORT,1m_break_below,fixed_break,F3,1,30865.6875,,,,-6.0,-0.980843,30807.75,30714.0,30760.875,93.75,4.23,30411.1875,30809.75,30625.0,6,09:35,30680.0,0,7,2,09:36,30680.5,1,33,7,10:02,30631.25,ratchet_stop,,vwap,5m_hi_confirm_1m_close,26,49.25,48.75,0.5,27,184.5,57.0,1,0,0,F3_FIXED_INV1618_HOLD_VWAP_T423,,,,,,
M26,2026-06-08,SHORT,1m_break_below,fixed_break,F3,1,29690.296,,,,-7.0,-0.860368,29584.0,29412.0,29498.0,172.0,4.23,28856.44,29586.0,29432.0,28,09:57,29379.25,22,29,6,09:58,29378.5,23,42,9,10:11,29459.75,ratchet_stop,,vwap,5m_hi_confirm_1m_close,13,-81.25,-81.75,0.5,14,47.0,89.0,0,0,0,F3_FIXED_INV1618_HOLD_VWAP_T423,,,,,,
M26,2026-06-11,SHORT,1m_break_below,fixed_break,F3,1,28857.4745,,,,-7.0,-0.358151,28786.25,28671.0,28728.625,115.25,4.23,28298.7425,28788.25,28788.25,11,09:40,28668.75,5,12,3,09:41,28670.5,6,14,3,09:43,28745.75,hold_exit_above_dvwap,above_dvwap,vwap,5m_hi_confirm_1m_close,2,-75.25,-75.75,0.5,3,12.5,86.75,0,0,0,F3_FIXED_INV1618_HOLD_VWAP_T423,,,,,,
U26,2026-06-18,SHORT,1m_break_below,fixed_break,F3,1,30697.8485,,,,-8.0,-0.802222,30615.5,30482.25,30548.875,133.25,4.23,30051.8525,30617.5,30503.5,6,09:35,30469.0,0,7,2,09:36,30468.75,1,20,4,09:49,30497.0,hold_exit_above_dvwap,above_dvwap,vwap,5m_hi_confirm_1m_close,13,-28.25,-28.75,0.5,14,77.75,33.5,0,0,0,F3_FIXED_INV1618_HOLD_VWAP_T423,,,,,,
U26,2026-06-25,SHORT,1m_break_below,fixed_break,F3,1,30287.554,,,,-7.0,-0.333068,30193.0,30040.0,30116.5,153.0,4.23,29545.81,30195.0,30090.5,8,09:37,30029.75,2,9,2,09:38,30029.5,3,19,4,09:48,29545.81,target_4.23,,vwap,5m_hi_confirm_1m_close,10,483.69,483.19,0.5,11,499.25,6.25,1,1,1,F3_FIXED_INV1618_HOLD_VWAP_T423,,,,,,
U26,2026-07-01,SHORT,1m_break_below,fixed_break,F3,1,30355.9445,,,,-8.0,-0.690181,30260.0,30104.75,30182.375,155.25,4.23,29603.2925,30262.0,30262.0,6,09:35,30102.5,0,7,2,09:36,30102.5,1,12,3,09:41,30161.5,hold_exit_above_dvwap,above_dvwap,vwap,5m_hi_confirm_1m_close,5,-59.0,-59.5,0.5,6,8.0,81.75,0,0,0,F3_FIXED_INV1618_HOLD_VWAP_T423,,,,,,
U26,2026-07-07,SHORT,1m_break_below,fixed_break,F3,1,29791.119,,,,-7.0,-0.793934,29685.75,29515.25,29600.5,170.5,4.23,28964.535,29687.75,29687.75,9,09:38,29502.75,3,10,2,09:39,29501.5,4,11,3,09:40,29586.5,hold_exit_above_dvwap,above_dvwap,vwap,5m_hi_confirm_1m_close,1,-85.0,-85.5,0.5,2,6.75,85.75,0,0,0,F3_FIXED_INV1618_HOLD_VWAP_T423,,,,,,
U26,2026-07-13,SHORT,1m_break_below,fixed_break,F3,1,29802.449,,,,-7.0,-0.493283,29737.25,29631.75,29684.5,105.5,4.23,29290.985,29739.25,29600.75,8,09:37,29619.75,2,9,2,09:38,29620.25,3,29,6,09:58,29607.25,ratchet_stop,,vwap,5m_hi_confirm_1m_close,20,13.0,12.5,0.5,21,102.25,46.5,0,0,0,F3_FIXED_INV1618_HOLD_VWAP_T423,,,,,,
U26,2026-07-14,SHORT,1m_break_below,fixed_break,F3,1,29893.618,,,,-8.0,-0.274942,29815.75,29689.75,29752.75,126.0,4.23,29282.77,29817.75,29690.5,36,10:05,29670.0,30,37,8,10:06,29669.75,31,53,11,10:22,29708.5,ratchet_stop,,vwap,5m_hi_confirm_1m_close,16,-38.75,-39.25,0.5,17,102.25,45.25,0,0,0,F3_FIXED_INV1618_HOLD_VWAP_T423,,,,,,
U26,2026-07-16,SHORT,1m_break_below,fixed_break,F3,1,29595.1905,,,,-6.0,-0.94826,29532.0,29429.75,29480.875,102.25,4.23,29099.4825,29534.0,29342.75,6,09:35,29417.25,0,7,2,09:36,29418.75,1,30,6,09:59,29347.5,ratchet_stop,,vwap,5m_hi_confirm_1m_close,23,71.25,70.75,0.5,24,163.25,52.25,1,0,0,F3_FIXED_INV1618_HOLD_VWAP_T423,,,,,,
U26,2026-07-17,SHORT,1m_break_below,fixed_break,F3,1,28776.3825,,,,-6.0,-0.82075,28686.0,28539.75,28612.875,146.25,4.23,28067.3625,28688.0,28512.0,7,09:36,28523.25,1,8,2,09:37,28523.75,2,21,5,09:50,28520.75,ratchet_stop,,vwap,5m_hi_confirm_1m_close,13,3.0,2.5,0.5,14,115.5,14.25,0,0,0,F3_FIXED_INV1618_HOLD_VWAP_T423,,,,,,
U26,2026-07-21,SHORT,1m_break_below,fixed_break,F3,1,29316.2385,,,,-7.0,-0.461546,29246.25,29133.0,29189.625,113.25,4.23,28767.2025,29248.25,29153.5,17,09:46,29114.75,11,18,4,09:47,29114.5,12,31,7,10:00,29170.0,ratchet_stop,,vwap,5m_hi_confirm_1m_close,13,-55.5,-56.0,0.5,14,22.0,74.0,0,0,0,F3_FIXED_INV1618_HOLD_VWAP_T423,,,,,,
U26,2026-07-28,SHORT,1m_break_below,fixed_break,F3,1,28066.6235,,,,-5.0,-0.525227,27992.0,27871.25,27931.625,120.75,4.23,27481.2275,27994.0,27720.5,7,09:36,27860.5,1,8,2,09:37,27861.0,2,36,8,10:05,27766.25,ratchet_stop,,vwap,5m_hi_confirm_1m_close,28,94.75,94.25,0.5,29,219.25,17.5,1,0,0,F3_FIXED_INV1618_HOLD_VWAP_T423,,,,,,
U26,2026-08-10,SHORT,1m_break_below,fixed_break,F3,1,29906.4855,,,,-7.0,-0.909454,29841.75,29737.0,29789.375,104.75,4.23,29398.6575,29843.75,29768.5,194,12:43,29735.5,188,195,39,12:44,29735.5,189,207,42,12:56,29772.0,ratchet_stop,,vwap,5m_hi_confirm_1m_close,12,-36.5,-37.0,0.5,13,6.0,37.5,0,0,0,F3_FIXED_INV1618_HOLD_VWAP_T423,,,,,,
U26,2026-08-11,SHORT,1m_break_below,fixed_break,F3,1,29914.188,,,,-8.0,-0.335205,29842.5,29726.5,29784.5,116.0,4.23,29351.82,29844.5,29844.5,6,09:35,29698.25,0,7,2,09:36,29697.25,1,12,3,09:41,29744.25,hold_exit_above_dvwap,above_dvwap,vwap,5m_hi_confirm_1m_close,5,-47.0,-47.5,0.5,6,18.25,58.5,0,0,0,F3_FIXED_INV1618_HOLD_VWAP_T423,,,,,,
U26,2026-08-12,SHORT,1m_break_below,fixed_break,F3,1,30078.382,,,,-8.0,-0.443299,30001.75,29877.75,29939.75,124.0,4.23,29477.23,30003.75,29946.25,11,09:40,29870.0,5,12,3,09:41,29869.25,6,18,4,09:47,29915.5,hold_exit_above_dvwap,above_dvwap,vwap,5m_hi_confirm_1m_close,6,-46.25,-46.75,0.5,7,3.75,57.75,0,0,0,F3_FIXED_INV1618_HOLD_VWAP_T423,,,,,,
U26,2026-08-14,SHORT,1m_break_below,fixed_break,F3,1,30308.8975,,,,-5.0,-0.843128,30269.5,30205.75,30237.625,63.75,4.23,29999.8375,30271.5,30271.5,6,09:35,30199.75,0,7,2,09:36,30200.5,1,13,3,09:42,30238.0,hold_exit_above_dvwap,above_dvwap,vwap,5m_hi_confirm_1m_close,6,-37.5,-38.0,0.5,7,30.75,39.75,0,0,0,F3_FIXED_INV1618_HOLD_VWAP_T423,,,,,,
U26,2026-08-17,SHORT,1m_break_below,fixed_break,F3,1,30312.35,,,,-5.0,-0.817748,30266.0,30191.0,30228.5,75.0,4.23,29948.75,30268.0,30268.0,9,09:38,30187.25,3,10,2,09:39,30188.0,4,12,3,09:41,30217.25,hold_exit_above_dvwap,above_dvwap,vwap,5m_hi_confirm_1m_close,2,-29.25,-29.75,0.5,3,22.5,35.25,0,0,0,F3_FIXED_INV1618_HOLD_VWAP_T423,,,,,,
U26,2026-08-19,SHORT,1m_break_below,fixed_break,F3,1,29800.9965,,,,-5.0,-0.435983,29742.75,29648.5,29695.625,94.25,4.23,29344.0725,29744.75,29462.0,7,09:36,29626.5,1,8,2,09:37,29627.25,2,60,12,10:29,29482.5,ratchet_stop,,vwap,5m_hi_confirm_1m_close,52,144.75,144.25,0.5,53,251.5,23.0,1,1,0,F3_FIXED_INV1618_HOLD_VWAP_T423,,,,,,
U26,2026-08-21,SHORT,1m_break_below,fixed_break,F3,1,29549.0785,,,,-8.0,-0.72187,29476.0,29357.75,29416.875,118.25,4.23,28975.8025,29478.0,29320.25,7,09:36,29345.0,1,8,2,09:37,29345.25,2,36,8,10:05,29320.75,ratchet_stop,,vwap,5m_hi_confirm_1m_close,28,24.5,24.0,0.5,29,89.5,15.0,0,0,0,F3_FIXED_INV1618_HOLD_VWAP_T423,,,,,,
H26,2025-12-17,SHORT,1m_break_below,fixed_break,F3,1,25481.431,,,,-8.0,-0.564224,25447.75,25393.25,25420.5,54.5,2.618,25305.069,25449.75,25449.75,6,09:35,25379.25,0,7,2,09:36,25379.0,1,12,3,09:41,25305.069,target_2.618,,none,5m_hi_confirm_1m_close,0,73.931,73.431,0.5,6,74.0,1.75,1,0,0,F3_FIXED_INV1618_RATCHET_HI_T2618,,,,,,
H26,2025-12-18,SHORT,1m_break_below,fixed_break,F3,1,25374.7685,,,,-6.0,-0.772303,25329.5,25256.25,25292.875,73.25,2.618,25137.7315,25331.5,25227.5,6,09:35,25242.25,0,7,2,09:36,25241.75,1,23,5,09:52,25237.0,ratchet_stop,,none,5m_hi_confirm_1m_close,0,4.75,4.25,0.5,17,80.5,25.5,0,0,0,F3_FIXED_INV1618_RATCHET_HI_T2618,,,,,,
H26,2025-12-22,SHORT,1m_break_below,fixed_break,F3,1,25856.859,,,,-7.0,-0.506942,25794.75,25694.25,25744.5,100.5,2.618,25531.641,25796.75,25720.5,12,09:41,25685.0,6,13,3,09:42,25684.5,7,22,5,09:51,25734.0,ratchet_stop,,none,5m_hi_confirm_1m_close,0,-49.5,-50.0,0.5,10,12.25,59.75,0,0,0,F3_FIXED_INV1618_RATCHET_HI_T2618,,,,,,
H26,2026-01-05,SHORT,1m_break_below,fixed_break,F3,1,25728.5835,,,,-7.0,-0.844601,25672.5,25581.75,25627.125,90.75,2.618,25434.9165,25674.5,25607.5,6,09:35,25573.25,0,7,2,09:36,25573.0,1,16,4,09:45,25624.25,ratchet_stop,,none,5m_hi_confirm_1m_close,0,-51.25,-51.75,0.5,10,34.5,57.75,0,0,0,F3_FIXED_INV1618_RATCHET_HI_T2618,,,,,,
H26,2026-01-08,SHORT,1m_break_below,fixed_break,F3,1,25871.289,,,,-8.0,-0.241331,25803.0,25692.5,25747.75,110.5,2.618,25513.711,25805.0,25658.5,9,09:38,25688.5,3,10,2,09:39,25688.25,4,39,8,10:08,25671.25,ratchet_stop,,none,5m_hi_confirm_1m_close,0,17.0,16.5,0.5,30,119.25,19.75,0,0,0,F3_FIXED_INV1618_RATCHET_HI_T2618,,,,,,
H26,2026-01-15,SHORT,1m_break_below,fixed_break,F3,1,25986.42,,,,-5.0,-0.511924,25946.25,25881.25,25913.75,65.0,2.618,25776.08,25948.25,25895.75,6,09:35,25881.0,0,7,2,09:36,25881.0,1,16,4,09:45,25906.5,ratchet_stop,,none,5m_hi_confirm_1m_close,0,-25.5,-26.0,0.5,10,27.5,71.75,0,0,0,F3_FIXED_INV1618_RATCHET_HI_T2618,,,,,,
H26,2026-01-21,SHORT,1m_break_below,fixed_break,F3,1,25268.364,,,,-6.0,-0.259412,25223.25,25150.25,25186.75,73.0,2.618,25032.136,25225.25,25219.75,11,09:40,25135.0,5,12,3,09:41,25134.75,6,18,4,09:47,25234.75,ratchet_stop,,none,5m_hi_confirm_1m_close,0,-100.0,-100.5,0.5,7,7.25,103.25,0,0,0,F3_FIXED_INV1618_RATCHET_HI_T2618,,,,,,
H26,2026-01-22,SHORT,1m_break_below,fixed_break,F3,1,25773.156,,,,-9.0,-0.333606,25731.75,25664.75,25698.25,67.0,2.618,25556.344,25733.75,25695.0,6,09:35,25651.75,0,7,2,09:36,25652.75,1,20,4,09:49,25556.344,target_2.618,,none,5m_hi_confirm_1m_close,0,96.406,95.906,0.5,14,96.75,42.25,1,0,0,F3_FIXED_INV1618_RATCHET_HI_T2618,,,,,,
H26,2026-01-23,SHORT,1m_break_below,fixed_break,F3,1,25694.0605,,,,-5.0,-0.802518,25652.5,25585.25,25618.875,67.25,2.618,25476.4395,25654.5,25623.5,8,09:37,25570.0,2,9,2,09:38,25571.5,3,16,4,09:45,25626.75,ratchet_stop,,none,5m_hi_confirm_1m_close,0,-55.25,-55.75,0.5,8,7.5,68.5,0,0,0,F3_FIXED_INV1618_RATCHET_HI_T2618,,,,,,
H26,2026-01-27,SHORT,1m_break_below,fixed_break,F3,1,26048.035,,,,-6.0,-0.793903,26012.5,25955.0,25983.75,57.5,2.618,25861.965,26014.5,25972.25,6,09:35,25951.0,0,7,2,09:36,25951.75,1,16,4,09:45,25974.0,ratchet_stop,,none,5m_hi_confirm_1m_close,0,-22.25,-22.75,0.5,10,34.5,32.0,0,0,0,F3_FIXED_INV1618_RATCHET_HI_T2618,,,,,,
H26,2026-01-29,SHORT,1m_break_below,fixed_break,F3,1,26231.547,,,,-6.0,-0.65788,26175.0,26083.5,26129.25,91.5,2.618,25935.453,26177.0,26100.75,6,09:35,26062.5,0,7,2,09:36,26064.0,1,16,4,09:45,25935.453,target_2.618,,none,5m_hi_confirm_1m_close,0,128.547,128.047,0.5,10,138.5,4.5,1,0,0,F3_FIXED_INV1618_RATCHET_HI_T2618,,,,,,
H26,2026-02-03,SHORT,1m_break_below,fixed_break,F3,1,26022.393,,,,-5.0,-0.029144,25952.25,25838.75,25895.5,113.5,2.618,25655.107,25954.25,25811.75,9,09:38,25834.75,3,10,2,09:39,25835.5,4,28,6,09:57,25655.107,target_2.618,,none,5m_hi_confirm_1m_close,0,180.393,179.893,0.5,19,182.75,4.25,1,0,0,F3_FIXED_INV1618_RATCHET_HI_T2618,,,,,,
H26,2026-02-11,SHORT,1m_break_below,fixed_break,F3,1,25526.5865,,,,-6.0,-0.813482,25465.25,25366.0,25415.625,99.25,2.618,25205.4135,25467.25,25416.5,7,09:36,25360.75,1,8,2,09:37,25362.0,2,16,4,09:45,25425.75,ratchet_stop,,none,5m_hi_confirm_1m_close,0,-63.75,-64.25,0.5,9,22.75,64.25,0,0,0,F3_FIXED_INV1618_RATCHET_HI_T2618,,,,,,
H26,2026-02-26,SHORT,1m_break_below,fixed_break,F3,1,25395.148,,,,-7.0,-0.21623,25342.0,25256.0,25299.0,86.0,2.618,25116.852,25344.0,25210.75,7,09:36,25234.0,1,8,2,09:37,25234.0,2,43,9,10:12,25116.852,target_2.618,,none,5m_hi_confirm_1m_close,0,117.148,116.648,0.5,36,146.75,61.75,1,0,0,F3_FIXED_INV1618_RATCHET_HI_T2618,,,,,,
M26,2026-03-27,SHORT,1m_break_below,fixed_break,F3,1,23730.2805,,,,-7.0,-0.385654,23664.0,23556.75,23610.375,107.25,2.618,23383.2195,23666.0,23613.0,6,09:35,23554.25,0,7,2,09:36,23554.0,1,16,4,09:45,23619.5,ratchet_stop,,none,5m_hi_confirm_1m_close,0,-65.5,-66.0,0.5,10,22.0,76.0,0,0,0,F3_FIXED_INV1618_RATCHET_HI_T2618,,,,,,
M26,2026-03-30,SHORT,1m_break_below,fixed_break,F3,1,23588.1535,,,,-6.0,-0.714987,23538.25,23457.5,23497.875,80.75,2.618,23326.8465,23540.25,23405.0,6,09:35,23443.75,0,7,2,09:36,23444.25,1,26,6,09:55,23326.8465,target_2.618,,none,5m_hi_confirm_1m_close,0,117.4035,116.9035,0.5,20,121.25,5.0,1,0,0,F3_FIXED_INV1618_RATCHET_HI_T2618,,,,,,
M26,2026-04-07,SHORT,1m_break_below,fixed_break,F3,1,24375.98,,,,-7.0,-0.380328,24308.0,24198.0,24253.0,110.0,2.618,24020.02,24310.0,24203.75,15,09:44,24196.5,9,16,4,09:45,24197.0,10,37,8,10:06,24020.02,target_2.618,,none,5m_hi_confirm_1m_close,0,176.98,176.48,0.5,22,185.0,10.75,1,0,0,F3_FIXED_INV1618_RATCHET_HI_T2618,,,,,,
M26,2026-04-09,SHORT,1m_break_below,fixed_break,F3,1,25155.721,,,,-7.0,-0.667477,25103.5,25019.0,25061.25,84.5,2.618,24882.279,25105.5,25040.5,27,09:56,25016.25,21,28,6,09:57,25017.25,22,36,8,10:05,25049.0,ratchet_stop,,none,5m_hi_confirm_1m_close,0,-31.75,-32.25,0.5,9,8.75,38.75,0,0,0,F3_FIXED_INV1618_RATCHET_HI_T2618,,,,,,
M26,2026-04-27,SHORT,1m_break_below,fixed_break,F3,1,27479.9595,,,,-7.0,-0.497537,27435.0,27362.25,27398.625,72.75,2.618,27244.5405,27437.0,27388.25,16,09:45,27360.0,10,17,4,09:46,27360.25,11,28,6,09:57,27394.25,ratchet_stop,,none,5m_hi_confirm_1m_close,0,-34.0,-34.5,0.5,12,61.75,38.5,0,0,0,F3_FIXED_INV1618_RATCHET_HI_T2618,,,,,,
M26,2026-04-30,SHORT,1m_break_below,fixed_break,F3,1,27584.3545,,,,-8.0,-0.401337,27491.5,27341.25,27416.375,150.25,2.618,27098.1455,27493.5,27265.25,6,09:35,27332.5,0,7,2,09:36,27333.5,1,36,8,10:05,27277.0,ratchet_stop,,none,5m_hi_confirm_1m_close,0,56.5,56.0,0.5,30,130.5,39.5,0,0,0,F3_FIXED_INV1618_RATCHET_HI_T2618,,,,,,
M26,2026-05-18,SHORT,1m_break_below,fixed_break,F3,1,29405.69,,,,-5.0,-0.532795,29356.25,29276.25,29316.25,80.0,2.618,29146.81,29358.25,29301.75,7,09:36,29258.25,1,8,2,09:37,29257.75,2,16,4,09:45,29146.81,target_2.618,,none,5m_hi_confirm_1m_close,0,110.94,110.44,0.5,9,117.75,29.25,1,0,0,F3_FIXED_INV1618_RATCHET_HI_T2618,,,,,,
M26,2026-05-26,SHORT,1m_break_below,fixed_break,F3,1,29992.474,,,,-7.0,-0.72972,29935.0,29842.0,29888.5,93.0,2.618,29691.526,29937.0,29864.75,6,09:35,29840.5,0,7,2,09:36,29840.75,1,16,4,09:45,29962.25,ratchet_stop,,none,5m_hi_confirm_1m_close,0,-121.5,-122.0,0.5,10,6.25,122.5,0,0,0,F3_FIXED_INV1618_RATCHET_HI_T2618,,,,,,
M26,2026-05-27,SHORT,1m_break_below,fixed_break,F3,1,30232.9425,,,,-6.0,-0.012362,30192.0,30125.75,30158.875,66.25,2.618,30018.5575,30194.0,30194.0,6,09:35,30116.0,0,7,2,09:36,30116.5,1,14,3,09:43,30018.5575,target_2.618,,none,5m_hi_confirm_1m_close,0,97.9425,97.4425,0.5,8,132.0,14.75,1,0,0,F3_FIXED_INV1618_RATCHET_HI_T2618,,,,,,
M26,2026-06-02,SHORT,1m_break_below,fixed_break,F3,1,30630.0135,,,,-8.0,-0.277285,30567.75,30467.0,30517.375,100.75,2.618,30303.9865,30569.75,30489.25,6,09:35,30456.0,0,7,2,09:36,30457.25,1,16,4,09:45,30507.75,ratchet_stop,,none,5m_hi_confirm_1m_close,0,-50.5,-51.0,0.5,10,33.5,64.75,0,0,0,F3_FIXED_INV1618_RATCHET_HI_T2618,,,,,,
M26,2026-06-03,SHORT,1m_break_below,fixed_break,F3,1,30865.6875,,,,-6.0,-0.980843,30807.75,30714.0,30760.875,93.75,2.618,30562.3125,30809.75,30737.5,6,09:35,30680.0,0,7,2,09:36,30680.5,1,18,4,09:47,30562.3125,target_2.618,,none,5m_hi_confirm_1m_close,0,118.1875,117.6875,0.5,12,137.0,57.0,1,0,0,F3_FIXED_INV1618_RATCHET_HI_T2618,,,,,,
M26,2026-06-08,SHORT,1m_break_below,fixed_break,F3,1,29690.296,,,,-7.0,-0.860368,29584.0,29412.0,29498.0,172.0,2.618,29133.704,29586.0,29432.0,28,09:57,29379.25,22,29,6,09:58,29378.5,23,42,9,10:11,29459.75,ratchet_stop,,none,5m_hi_confirm_1m_close,0,-81.25,-81.75,0.5,14,47.0,89.0,0,0,0,F3_FIXED_INV1618_RATCHET_HI_T2618,,,,,,
M26,2026-06-11,SHORT,1m_break_below,fixed_break,F3,1,28857.4745,,,,-7.0,-0.358151,28786.25,28671.0,28728.625,115.25,2.618,28484.5255,28788.25,28785.25,11,09:40,28668.75,5,12,3,09:41,28670.5,6,16,4,09:45,28817.75,ratchet_stop,,none,5m_hi_confirm_1m_close,0,-147.25,-147.75,0.5,5,12.5,150.0,0,0,0,F3_FIXED_INV1618_RATCHET_HI_T2618,,,,,,
U26,2026-06-18,SHORT,1m_break_below,fixed_break,F3,1,30697.8485,,,,-8.0,-0.802222,30615.5,30482.25,30548.875,133.25,2.618,30266.6515,30617.5,30483.5,6,09:35,30469.0,0,7,2,09:36,30468.75,1,21,5,09:50,30492.0,ratchet_stop,,none,5m_hi_confirm_1m_close,0,-23.25,-23.75,0.5,15,77.75,41.25,0,0,0,F3_FIXED_INV1618_RATCHET_HI_T2618,,,,,,
U26,2026-06-25,SHORT,1m_break_below,fixed_break,F3,1,30287.554,,,,-7.0,-0.333068,30193.0,30040.0,30116.5,153.0,2.618,29792.446,30195.0,30195.0,8,09:37,30029.75,2,9,2,09:38,30029.5,3,14,3,09:43,29792.446,target_2.618,,none,5m_hi_confirm_1m_close,0,237.054,236.554,0.5,6,271.25,6.25,1,0,0,F3_FIXED_INV1618_RATCHET_HI_T2618,,,,,,
U26,2026-07-01,SHORT,1m_break_below,fixed_break,F3,1,30355.9445,,,,-8.0,-0.690181,30260.0,30104.75,30182.375,155.25,2.618,29853.5555,30262.0,30162.5,6,09:35,30102.5,0,7,2,09:36,30102.5,1,17,4,09:46,30197.5,ratchet_stop,,none,5m_hi_confirm_1m_close,0,-95.0,-95.5,0.5,11,8.0,104.75,0,0,0,F3_FIXED_INV1618_RATCHET_HI_T2618,,,,,,
U26,2026-07-07,SHORT,1m_break_below,fixed_break,F3,1,29791.119,,,,-7.0,-0.793934,29685.75,29515.25,29600.5,170.5,2.618,29239.381,29687.75,29313.0,9,09:38,29502.75,3,10,2,09:39,29501.5,4,72,15,10:41,29239.381,target_2.618,,none,5m_hi_confirm_1m_close,0,262.119,261.619,0.5,63,275.25,105.5,1,0,0,F3_FIXED_INV1618_RATCHET_HI_T2618,,,,,,
U26,2026-07-13,SHORT,1m_break_below,fixed_break,F3,1,29802.449,,,,-7.0,-0.493283,29737.25,29631.75,29684.5,105.5,2.618,29461.051,29739.25,29600.75,8,09:37,29619.75,2,9,2,09:38,29620.25,3,29,6,09:58,29607.25,ratchet_stop,,none,5m_hi_confirm_1m_close,0,13.0,12.5,0.5,21,102.25,46.5,0,0,0,F3_FIXED_INV1618_RATCHET_HI_T2618,,,,,,
U26,2026-07-14,SHORT,1m_break_below,fixed_break,F3,1,29893.618,,,,-8.0,-0.274942,29815.75,29689.75,29752.75,126.0,2.618,29485.882,29817.75,29690.5,36,10:05,29670.0,30,37,8,10:06,29669.75,31,53,11,10:22,29708.5,ratchet_stop,,none,5m_hi_confirm_1m_close,0,-38.75,-39.25,0.5,17,102.25,45.25,0,0,0,F3_FIXED_INV1618_RATCHET_HI_T2618,,,,,,
U26,2026-07-16,SHORT,1m_break_below,fixed_break,F3,1,29595.1905,,,,-6.0,-0.94826,29532.0,29429.75,29480.875,102.25,2.618,29264.3095,29534.0,29471.0,6,09:35,29417.25,0,7,2,09:36,29418.75,1,20,4,09:49,29264.3095,target_2.618,,none,5m_hi_confirm_1m_close,0,154.4405,153.9405,0.5,14,154.5,52.25,1,0,0,F3_FIXED_INV1618_RATCHET_HI_T2618,,,,,,
U26,2026-07-17,SHORT,1m_break_below,fixed_break,F3,1,28776.3825,,,,-6.0,-0.82075,28686.0,28539.75,28612.875,146.25,2.618,28303.1175,28688.0,28512.0,7,09:36,28523.25,1,8,2,09:37,28523.75,2,21,5,09:50,28520.75,ratchet_stop,,none,5m_hi_confirm_1m_close,0,3.0,2.5,0.5,14,115.5,14.25,0,0,0,F3_FIXED_INV1618_RATCHET_HI_T2618,,,,,,
U26,2026-07-21,SHORT,1m_break_below,fixed_break,F3,1,29316.2385,,,,-7.0,-0.461546,29246.25,29133.0,29189.625,113.25,2.618,28949.7615,29248.25,29153.5,17,09:46,29114.75,11,18,4,09:47,29114.5,12,31,7,10:00,29170.0,ratchet_stop,,none,5m_hi_confirm_1m_close,0,-55.5,-56.0,0.5,14,22.0,74.0,0,0,0,F3_FIXED_INV1618_RATCHET_HI_T2618,,,,,,
U26,2026-07-28,SHORT,1m_break_below,fixed_break,F3,1,28066.6235,,,,-5.0,-0.525227,27992.0,27871.25,27931.625,120.75,2.618,27675.8765,27994.0,27926.25,7,09:36,27860.5,1,8,2,09:37,27861.0,2,17,4,09:46,27675.8765,target_2.618,,none,5m_hi_confirm_1m_close,0,185.1235,184.6235,0.5,10,188.0,17.5,1,0,0,F3_FIXED_INV1618_RATCHET_HI_T2618,,,,,,
U26,2026-08-10,SHORT,1m_break_below,fixed_break,F3,1,29906.4855,,,,-7.0,-0.909454,29841.75,29737.0,29789.375,104.75,2.618,29567.5145,29843.75,29768.5,194,12:43,29735.5,188,195,39,12:44,29735.5,189,207,42,12:56,29772.0,ratchet_stop,,none,5m_hi_confirm_1m_close,0,-36.5,-37.0,0.5,13,6.0,37.5,0,0,0,F3_FIXED_INV1618_RATCHET_HI_T2618,,,,,,
U26,2026-08-11,SHORT,1m_break_below,fixed_break,F3,1,29914.188,,,,-8.0,-0.335205,29842.5,29726.5,29784.5,116.0,2.618,29538.812,29844.5,29725.0,6,09:35,29698.25,0,7,2,09:36,29697.25,1,30,6,09:59,29732.75,ratchet_stop,,none,5m_hi_confirm_1m_close,0,-35.5,-36.0,0.5,24,65.5,59.0,0,0,0,F3_FIXED_INV1618_RATCHET_HI_T2618,,,,,,
U26,2026-08-12,SHORT,1m_break_below,fixed_break,F3,1,30078.382,,,,-8.0,-0.443299,30001.75,29877.75,29939.75,124.0,2.618,29677.118,30003.75,29946.25,11,09:40,29870.0,5,12,3,09:41,29869.25,6,19,4,09:48,29969.0,ratchet_stop,,none,5m_hi_confirm_1m_close,0,-99.75,-100.25,0.5,8,3.75,101.5,0,0,0,F3_FIXED_INV1618_RATCHET_HI_T2618,,,,,,
U26,2026-08-14,SHORT,1m_break_below,fixed_break,F3,1,30308.8975,,,,-5.0,-0.843128,30269.5,30205.75,30237.625,63.75,2.618,30102.6025,30271.5,30222.0,6,09:35,30199.75,0,7,2,09:36,30200.5,1,16,4,09:45,30265.75,ratchet_stop,,none,5m_hi_confirm_1m_close,0,-65.25,-65.75,0.5,10,30.75,74.75,0,0,0,F3_FIXED_INV1618_RATCHET_HI_T2618,,,,,,
U26,2026-08-17,SHORT,1m_break_below,fixed_break,F3,1,30312.35,,,,-5.0,-0.817748,30266.0,30191.0,30228.5,75.0,2.618,30069.65,30268.0,30230.5,9,09:38,30187.25,3,10,2,09:39,30188.0,4,22,5,09:51,30245.0,ratchet_stop,,none,5m_hi_confirm_1m_close,0,-57.0,-57.5,0.5,13,22.5,59.75,0,0,0,F3_FIXED_INV1618_RATCHET_HI_T2618,,,,,,
U26,2026-08-19,SHORT,1m_break_below,fixed_break,F3,1,29800.9965,,,,-5.0,-0.435983,29742.75,29648.5,29695.625,94.25,2.618,29496.0035,29744.75,29688.25,7,09:36,29626.5,1,8,2,09:37,29627.25,2,20,4,09:49,29496.0035,target_2.618,,none,5m_hi_confirm_1m_close,0,131.2465,130.7465,0.5,13,169.0,23.0,1,0,0,F3_FIXED_INV1618_RATCHET_HI_T2618,,,,,,
U26,2026-08-21,SHORT,1m_break_below,fixed_break,F3,1,29549.0785,,,,-8.0,-0.72187,29476.0,29357.75,29416.875,118.25,2.618,29166.4215,29478.0,29320.25,7,09:36,29345.0,1,8,2,09:37,29345.25,2,36,8,10:05,29320.75,ratchet_stop,,none,5m_hi_confirm_1m_close,0,24.5,24.0,0.5,29,89.5,15.0,0,0,0,F3_FIXED_INV1618_RATCHET_HI_T2618,,,,,,
H26,2025-12-17,SHORT,1m_break_below,fixed_break,F3,1,25481.431,,,,-8.0,-0.564224,25447.75,25393.25,25420.5,54.5,3.33,25266.265,25449.75,25406.75,6,09:35,25379.25,0,7,2,09:36,25379.0,1,17,4,09:46,25266.265,target_3.33,,none,5m_hi_confirm_1m_close,0,112.735,112.235,0.5,11,133.5,1.75,1,1,0,F3_FIXED_INV1618_RATCHET_HI_T333,,,,,,
H26,2025-12-18,SHORT,1m_break_below,fixed_break,F3,1,25374.7685,,,,-6.0,-0.772303,25329.5,25256.25,25292.875,73.25,3.33,25085.5775,25331.5,25227.5,6,09:35,25242.25,0,7,2,09:36,25241.75,1,23,5,09:52,25237.0,ratchet_stop,,none,5m_hi_confirm_1m_close,0,4.75,4.25,0.5,17,80.5,25.5,0,0,0,F3_FIXED_INV1618_RATCHET_HI_T333,,,,,,
H26,2025-12-22,SHORT,1m_break_below,fixed_break,F3,1,25856.859,,,,-7.0,-0.506942,25794.75,25694.25,25744.5,100.5,3.33,25460.085,25796.75,25720.5,12,09:41,25685.0,6,13,3,09:42,25684.5,7,22,5,09:51,25734.0,ratchet_stop,,none,5m_hi_confirm_1m_close,0,-49.5,-50.0,0.5,10,12.25,59.75,0,0,0,F3_FIXED_INV1618_RATCHET_HI_T333,,,,,,
H26,2026-01-05,SHORT,1m_break_below,fixed_break,F3,1,25728.5835,,,,-7.0,-0.844601,25672.5,25581.75,25627.125,90.75,3.33,25370.3025,25674.5,25607.5,6,09:35,25573.25,0,7,2,09:36,25573.0,1,16,4,09:45,25624.25,ratchet_stop,,none,5m_hi_confirm_1m_close,0,-51.25,-51.75,0.5,10,34.5,57.75,0,0,0,F3_FIXED_INV1618_RATCHET_HI_T333,,,,,,
H26,2026-01-08,SHORT,1m_break_below,fixed_break,F3,1,25871.289,,,,-8.0,-0.241331,25803.0,25692.5,25747.75,110.5,3.33,25435.035,25805.0,25658.5,9,09:38,25688.5,3,10,2,09:39,25688.25,4,39,8,10:08,25671.25,ratchet_stop,,none,5m_hi_confirm_1m_close,0,17.0,16.5,0.5,30,119.25,19.75,0,0,0,F3_FIXED_INV1618_RATCHET_HI_T333,,,,,,
H26,2026-01-15,SHORT,1m_break_below,fixed_break,F3,1,25986.42,,,,-5.0,-0.511924,25946.25,25881.25,25913.75,65.0,3.33,25729.8,25948.25,25895.75,6,09:35,25881.0,0,7,2,09:36,25881.0,1,16,4,09:45,25906.5,ratchet_stop,,none,5m_hi_confirm_1m_close,0,-25.5,-26.0,0.5,10,27.5,71.75,0,0,0,F3_FIXED_INV1618_RATCHET_HI_T333,,,,,,
H26,2026-01-21,SHORT,1m_break_below,fixed_break,F3,1,25268.364,,,,-6.0,-0.259412,25223.25,25150.25,25186.75,73.0,3.33,24980.16,25225.25,25219.75,11,09:40,25135.0,5,12,3,09:41,25134.75,6,18,4,09:47,25234.75,ratchet_stop,,none,5m_hi_confirm_1m_close,0,-100.0,-100.5,0.5,7,7.25,103.25,0,0,0,F3_FIXED_INV1618_RATCHET_HI_T333,,,,,,
H26,2026-01-22,SHORT,1m_break_below,fixed_break,F3,1,25773.156,,,,-9.0,-0.333606,25731.75,25664.75,25698.25,67.0,3.33,25508.64,25733.75,25569.25,6,09:35,25651.75,0,7,2,09:36,25652.75,1,46,10,10:15,25577.0,ratchet_stop,,none,5m_hi_confirm_1m_close,0,75.75,75.25,0.5,40,116.0,42.25,1,0,0,F3_FIXED_INV1618_RATCHET_HI_T333,,,,,,
H26,2026-01-23,SHORT,1m_break_below,fixed_break,F3,1,25694.0605,,,,-5.0,-0.802518,25652.5,25585.25,25618.875,67.25,3.33,25428.5575,25654.5,25623.5,8,09:37,25570.0,2,9,2,09:38,25571.5,3,16,4,09:45,25626.75,ratchet_stop,,none,5m_hi_confirm_1m_close,0,-55.25,-55.75,0.5,8,7.5,68.5,0,0,0,F3_FIXED_INV1618_RATCHET_HI_T333,,,,,,
H26,2026-01-27,SHORT,1m_break_below,fixed_break,F3,1,26048.035,,,,-6.0,-0.793903,26012.5,25955.0,25983.75,57.5,3.33,25821.025,26014.5,25972.25,6,09:35,25951.0,0,7,2,09:36,25951.75,1,16,4,09:45,25974.0,ratchet_stop,,none,5m_hi_confirm_1m_close,0,-22.25,-22.75,0.5,10,34.5,32.0,0,0,0,F3_FIXED_INV1618_RATCHET_HI_T333,,,,,,
H26,2026-01-29,SHORT,1m_break_below,fixed_break,F3,1,26231.547,,,,-6.0,-0.65788,26175.0,26083.5,26129.25,91.5,3.33,25870.305,26177.0,26008.25,6,09:35,26062.5,0,7,2,09:36,26064.0,1,30,6,09:59,25870.305,target_3.33,,none,5m_hi_confirm_1m_close,0,193.695,193.195,0.5,24,206.0,4.5,1,1,0,F3_FIXED_INV1618_RATCHET_HI_T333,,,,,,
H26,2026-02-03,SHORT,1m_break_below,fixed_break,F3,1,26022.393,,,,-5.0,-0.029144,25952.25,25838.75,25895.5,113.5,3.33,25574.295,25954.25,25799.5,9,09:38,25834.75,3,10,2,09:39,25835.5,4,33,7,10:02,25574.295,target_3.33,,none,5m_hi_confirm_1m_close,0,261.205,260.705,0.5,24,264.25,4.25,1,1,0,F3_FIXED_INV1618_RATCHET_HI_T333,,,,,,
H26,2026-02-11,SHORT,1m_break_below,fixed_break,F3,1,25526.5865,,,,-6.0,-0.813482,25465.25,25366.0,25415.625,99.25,3.33,25134.7475,25467.25,25416.5,7,09:36,25360.75,1,8,2,09:37,25362.0,2,16,4,09:45,25425.75,ratchet_stop,,none,5m_hi_confirm_1m_close,0,-63.75,-64.25,0.5,9,22.75,64.25,0,0,0,F3_FIXED_INV1618_RATCHET_HI_T333,,,,,,
H26,2026-02-26,SHORT,1m_break_below,fixed_break,F3,1,25395.148,,,,-7.0,-0.21623,25342.0,25256.0,25299.0,86.0,3.33,25055.62,25344.0,25178.0,7,09:36,25234.0,1,8,2,09:37,25234.0,2,46,10,10:15,25055.62,target_3.33,,none,5m_hi_confirm_1m_close,0,178.38,177.88,0.5,39,208.5,61.75,1,1,0,F3_FIXED_INV1618_RATCHET_HI_T333,,,,,,
M26,2026-03-27,SHORT,1m_break_below,fixed_break,F3,1,23730.2805,,,,-7.0,-0.385654,23664.0,23556.75,23610.375,107.25,3.33,23306.8575,23666.0,23613.0,6,09:35,23554.25,0,7,2,09:36,23554.0,1,16,4,09:45,23619.5,ratchet_stop,,none,5m_hi_confirm_1m_close,0,-65.5,-66.0,0.5,10,22.0,76.0,0,0,0,F3_FIXED_INV1618_RATCHET_HI_T333,,,,,,
M26,2026-03-30,SHORT,1m_break_below,fixed_break,F3,1,23588.1535,,,,-6.0,-0.714987,23538.25,23457.5,23497.875,80.75,3.33,23269.3525,23540.25,23340.75,6,09:35,23443.75,0,7,2,09:36,23444.25,1,42,9,10:11,23355.25,ratchet_stop,,none,5m_hi_confirm_1m_close,0,89.0,88.5,0.5,36,151.5,5.0,1,0,0,F3_FIXED_INV1618_RATCHET_HI_T333,,,,,,
M26,2026-04-07,SHORT,1m_break_below,fixed_break,F3,1,24375.98,,,,-7.0,-0.380328,24308.0,24198.0,24253.0,110.0,3.33,23941.7,24310.0,24044.0,15,09:44,24196.5,9,16,4,09:45,24197.0,10,51,11,10:20,24067.25,ratchet_stop,,none,5m_hi_confirm_1m_close,0,129.75,129.25,0.5,36,203.0,10.75,1,0,0,F3_FIXED_INV1618_RATCHET_HI_T333,,,,,,
M26,2026-04-09,SHORT,1m_break_below,fixed_break,F3,1,25155.721,,,,-7.0,-0.667477,25103.5,25019.0,25061.25,84.5,3.33,24822.115,25105.5,25040.5,27,09:56,25016.25,21,28,6,09:57,25017.25,22,36,8,10:05,25049.0,ratchet_stop,,none,5m_hi_confirm_1m_close,0,-31.75,-32.25,0.5,9,8.75,38.75,0,0,0,F3_FIXED_INV1618_RATCHET_HI_T333,,,,,,
M26,2026-04-27,SHORT,1m_break_below,fixed_break,F3,1,27479.9595,,,,-7.0,-0.497537,27435.0,27362.25,27398.625,72.75,3.33,27192.7425,27437.0,27388.25,16,09:45,27360.0,10,17,4,09:46,27360.25,11,28,6,09:57,27394.25,ratchet_stop,,none,5m_hi_confirm_1m_close,0,-34.0,-34.5,0.5,12,61.75,38.5,0,0,0,F3_FIXED_INV1618_RATCHET_HI_T333,,,,,,
M26,2026-04-30,SHORT,1m_break_below,fixed_break,F3,1,27584.3545,,,,-8.0,-0.401337,27491.5,27341.25,27416.375,150.25,3.33,26991.1675,27493.5,27265.25,6,09:35,27332.5,0,7,2,09:36,27333.5,1,36,8,10:05,27277.0,ratchet_stop,,none,5m_hi_confirm_1m_close,0,56.5,56.0,0.5,30,130.5,39.5,0,0,0,F3_FIXED_INV1618_RATCHET_HI_T333,,,,,,
M26,2026-05-18,SHORT,1m_break_below,fixed_break,F3,1,29405.69,,,,-5.0,-0.532795,29356.25,29276.25,29316.25,80.0,3.33,29089.85,29358.25,29206.0,7,09:36,29258.25,1,8,2,09:37,29257.75,2,26,6,09:55,29278.25,ratchet_stop,,none,5m_hi_confirm_1m_close,0,-20.5,-21.0,0.5,19,122.75,31.75,1,0,0,F3_FIXED_INV1618_RATCHET_HI_T333,,,,,,
M26,2026-05-26,SHORT,1m_break_below,fixed_break,F3,1,29992.474,,,,-7.0,-0.72972,29935.0,29842.0,29888.5,93.0,3.33,29625.31,29937.0,29864.75,6,09:35,29840.5,0,7,2,09:36,29840.75,1,16,4,09:45,29962.25,ratchet_stop,,none,5m_hi_confirm_1m_close,0,-121.5,-122.0,0.5,10,6.25,122.5,0,0,0,F3_FIXED_INV1618_RATCHET_HI_T333,,,,,,
M26,2026-05-27,SHORT,1m_break_below,fixed_break,F3,1,30232.9425,,,,-6.0,-0.012362,30192.0,30125.75,30158.875,66.25,3.33,29971.3875,30194.0,30194.0,6,09:35,30116.0,0,7,2,09:36,30116.5,1,15,3,09:44,29971.3875,target_3.33,,none,5m_hi_confirm_1m_close,0,145.1125,144.6125,0.5,9,151.5,14.75,1,1,0,F3_FIXED_INV1618_RATCHET_HI_T333,,,,,,
M26,2026-06-02,SHORT,1m_break_below,fixed_break,F3,1,30630.0135,,,,-8.0,-0.277285,30567.75,30467.0,30517.375,100.75,3.33,30232.2525,30569.75,30489.25,6,09:35,30456.0,0,7,2,09:36,30457.25,1,16,4,09:45,30507.75,ratchet_stop,,none,5m_hi_confirm_1m_close,0,-50.5,-51.0,0.5,10,33.5,64.75,0,0,0,F3_FIXED_INV1618_RATCHET_HI_T333,,,,,,
M26,2026-06-03,SHORT,1m_break_below,fixed_break,F3,1,30865.6875,,,,-6.0,-0.980843,30807.75,30714.0,30760.875,93.75,3.33,30495.5625,30809.75,30625.0,6,09:35,30680.0,0,7,2,09:36,30680.5,1,33,7,10:02,30631.25,ratchet_stop,,none,5m_hi_confirm_1m_close,0,49.25,48.75,0.5,27,184.5,57.0,1,0,0,F3_FIXED_INV1618_RATCHET_HI_T333,,,,,,
M26,2026-06-08,SHORT,1m_break_below,fixed_break,F3,1,29690.296,,,,-7.0,-0.860368,29584.0,29412.0,29498.0,172.0,3.33,29011.24,29586.0,29432.0,28,09:57,29379.25,22,29,6,09:58,29378.5,23,42,9,10:11,29459.75,ratchet_stop,,none,5m_hi_confirm_1m_close,0,-81.25,-81.75,0.5,14,47.0,89.0,0,0,0,F3_FIXED_INV1618_RATCHET_HI_T333,,,,,,
M26,2026-06-11,SHORT,1m_break_below,fixed_break,F3,1,28857.4745,,,,-7.0,-0.358151,28786.25,28671.0,28728.625,115.25,3.33,28402.4675,28788.25,28785.25,11,09:40,28668.75,5,12,3,09:41,28670.5,6,16,4,09:45,28817.75,ratchet_stop,,none,5m_hi_confirm_1m_close,0,-147.25,-147.75,0.5,5,12.5,150.0,0,0,0,F3_FIXED_INV1618_RATCHET_HI_T333,,,,,,
U26,2026-06-18,SHORT,1m_break_below,fixed_break,F3,1,30697.8485,,,,-8.0,-0.802222,30615.5,30482.25,30548.875,133.25,3.33,30171.7775,30617.5,30483.5,6,09:35,30469.0,0,7,2,09:36,30468.75,1,21,5,09:50,30492.0,ratchet_stop,,none,5m_hi_confirm_1m_close,0,-23.25,-23.75,0.5,15,77.75,41.25,0,0,0,F3_FIXED_INV1618_RATCHET_HI_T333,,,,,,
U26,2026-06-25,SHORT,1m_break_below,fixed_break,F3,1,30287.554,,,,-7.0,-0.333068,30193.0,30040.0,30116.5,153.0,3.33,29683.51,30195.0,30090.5,8,09:37,30029.75,2,9,2,09:38,30029.5,3,17,4,09:46,29683.51,target_3.33,,none,5m_hi_confirm_1m_close,0,345.99,345.49,0.5,9,442.0,6.25,1,1,0,F3_FIXED_INV1618_RATCHET_HI_T333,,,,,,
U26,2026-07-01,SHORT,1m_break_below,fixed_break,F3,1,30355.9445,,,,-8.0,-0.690181,30260.0,30104.75,30182.375,155.25,3.33,29743.0175,30262.0,30162.5,6,09:35,30102.5,0,7,2,09:36,30102.5,1,17,4,09:46,30197.5,ratchet_stop,,none,5m_hi_confirm_1m_close,0,-95.0,-95.5,0.5,11,8.0,104.75,0,0,0,F3_FIXED_INV1618_RATCHET_HI_T333,,,,,,
U26,2026-07-07,SHORT,1m_break_below,fixed_break,F3,1,29791.119,,,,-7.0,-0.793934,29685.75,29515.25,29600.5,170.5,3.33,29117.985,29687.75,29274.75,9,09:38,29502.75,3,10,2,09:39,29501.5,4,81,17,10:50,29275.0,ratchet_stop,,none,5m_hi_confirm_1m_close,0,226.5,226.0,0.5,72,291.5,105.5,1,0,0,F3_FIXED_INV1618_RATCHET_HI_T333,,,,,,
U26,2026-07-13,SHORT,1m_break_below,fixed_break,F3,1,29802.449,,,,-7.0,-0.493283,29737.25,29631.75,29684.5,105.5,3.33,29385.935,29739.25,29600.75,8,09:37,29619.75,2,9,2,09:38,29620.25,3,29,6,09:58,29607.25,ratchet_stop,,none,5m_hi_confirm_1m_close,0,13.0,12.5,0.5,21,102.25,46.5,0,0,0,F3_FIXED_INV1618_RATCHET_HI_T333,,,,,,
U26,2026-07-14,SHORT,1m_break_below,fixed_break,F3,1,29893.618,,,,-8.0,-0.274942,29815.75,29689.75,29752.75,126.0,3.33,29396.17,29817.75,29690.5,36,10:05,29670.0,30,37,8,10:06,29669.75,31,53,11,10:22,29708.5,ratchet_stop,,none,5m_hi_confirm_1m_close,0,-38.75,-39.25,0.5,17,102.25,45.25,0,0,0,F3_FIXED_INV1618_RATCHET_HI_T333,,,,,,
U26,2026-07-16,SHORT,1m_break_below,fixed_break,F3,1,29595.1905,,,,-6.0,-0.94826,29532.0,29429.75,29480.875,102.25,3.33,29191.5075,29534.0,29342.75,6,09:35,29417.25,0,7,2,09:36,29418.75,1,30,6,09:59,29347.5,ratchet_stop,,none,5m_hi_confirm_1m_close,0,71.25,70.75,0.5,24,163.25,52.25,1,0,0,F3_FIXED_INV1618_RATCHET_HI_T333,,,,,,
U26,2026-07-17,SHORT,1m_break_below,fixed_break,F3,1,28776.3825,,,,-6.0,-0.82075,28686.0,28539.75,28612.875,146.25,3.33,28198.9875,28688.0,28512.0,7,09:36,28523.25,1,8,2,09:37,28523.75,2,21,5,09:50,28520.75,ratchet_stop,,none,5m_hi_confirm_1m_close,0,3.0,2.5,0.5,14,115.5,14.25,0,0,0,F3_FIXED_INV1618_RATCHET_HI_T333,,,,,,
U26,2026-07-21,SHORT,1m_break_below,fixed_break,F3,1,29316.2385,,,,-7.0,-0.461546,29246.25,29133.0,29189.625,113.25,3.33,28869.1275,29248.25,29153.5,17,09:46,29114.75,11,18,4,09:47,29114.5,12,31,7,10:00,29170.0,ratchet_stop,,none,5m_hi_confirm_1m_close,0,-55.5,-56.0,0.5,14,22.0,74.0,0,0,0,F3_FIXED_INV1618_RATCHET_HI_T333,,,,,,
U26,2026-07-28,SHORT,1m_break_below,fixed_break,F3,1,28066.6235,,,,-5.0,-0.525227,27992.0,27871.25,27931.625,120.75,3.33,27589.9025,27994.0,27720.5,7,09:36,27860.5,1,8,2,09:37,27861.0,2,36,8,10:05,27766.25,ratchet_stop,,none,5m_hi_confirm_1m_close,0,94.75,94.25,0.5,29,219.25,17.5,1,0,0,F3_FIXED_INV1618_RATCHET_HI_T333,,,,,,
U26,2026-08-10,SHORT,1m_break_below,fixed_break,F3,1,29906.4855,,,,-7.0,-0.909454,29841.75,29737.0,29789.375,104.75,3.33,29492.9325,29843.75,29768.5,194,12:43,29735.5,188,195,39,12:44,29735.5,189,207,42,12:56,29772.0,ratchet_stop,,none,5m_hi_confirm_1m_close,0,-36.5,-37.0,0.5,13,6.0,37.5,0,0,0,F3_FIXED_INV1618_RATCHET_HI_T333,,,,,,
U26,2026-08-11,SHORT,1m_break_below,fixed_break,F3,1,29914.188,,,,-8.0,-0.335205,29842.5,29726.5,29784.5,116.0,3.33,29456.22,29844.5,29725.0,6,09:35,29698.25,0,7,2,09:36,29697.25,1,30,6,09:59,29732.75,ratchet_stop,,none,5m_hi_confirm_1m_close,0,-35.5,-36.0,0.5,24,65.5,59.0,0,0,0,F3_FIXED_INV1618_RATCHET_HI_T333,,,,,,
U26,2026-08-12,SHORT,1m_break_below,fixed_break,F3,1,30078.382,,,,-8.0,-0.443299,30001.75,29877.75,29939.75,124.0,3.33,29588.83,30003.75,29946.25,11,09:40,29870.0,5,12,3,09:41,29869.25,6,19,4,09:48,29969.0,ratchet_stop,,none,5m_hi_confirm_1m_close,0,-99.75,-100.25,0.5,8,3.75,101.5,0,0,0,F3_FIXED_INV1618_RATCHET_HI_T333,,,,,,
U26,2026-08-14,SHORT,1m_break_below,fixed_break,F3,1,30308.8975,,,,-5.0,-0.843128,30269.5,30205.75,30237.625,63.75,3.33,30057.2125,30271.5,30222.0,6,09:35,30199.75,0,7,2,09:36,30200.5,1,16,4,09:45,30265.75,ratchet_stop,,none,5m_hi_confirm_1m_close,0,-65.25,-65.75,0.5,10,30.75,74.75,0,0,0,F3_FIXED_INV1618_RATCHET_HI_T333,,,,,,
U26,2026-08-17,SHORT,1m_break_below,fixed_break,F3,1,30312.35,,,,-5.0,-0.817748,30266.0,30191.0,30228.5,75.0,3.33,30016.25,30268.0,30230.5,9,09:38,30187.25,3,10,2,09:39,30188.0,4,22,5,09:51,30245.0,ratchet_stop,,none,5m_hi_confirm_1m_close,0,-57.0,-57.5,0.5,13,22.5,59.75,0,0,0,F3_FIXED_INV1618_RATCHET_HI_T333,,,,,,
U26,2026-08-19,SHORT,1m_break_below,fixed_break,F3,1,29800.9965,,,,-5.0,-0.435983,29742.75,29648.5,29695.625,94.25,3.33,29428.8975,29744.75,29628.75,7,09:36,29626.5,1,8,2,09:37,29627.25,2,22,5,09:51,29428.8975,target_3.33,,none,5m_hi_confirm_1m_close,0,198.3525,197.8525,0.5,15,220.75,23.0,1,1,0,F3_FIXED_INV1618_RATCHET_HI_T333,,,,,,
U26,2026-08-21,SHORT,1m_break_below,fixed_break,F3,1,29549.0785,,,,-8.0,-0.72187,29476.0,29357.75,29416.875,118.25,3.33,29082.2275,29478.0,29320.25,7,09:36,29345.0,1,8,2,09:37,29345.25,2,36,8,10:05,29320.75,ratchet_stop,,none,5m_hi_confirm_1m_close,0,24.5,24.0,0.5,29,89.5,15.0,0,0,0,F3_FIXED_INV1618_RATCHET_HI_T333,,,,,,
H26,2025-12-17,SHORT,1m_break_below,fixed_break,F3,1,25481.431,,,,-8.0,-0.564224,25447.75,25393.25,25420.5,54.5,4.23,25217.215,25449.75,25337.5,6,09:35,25379.25,0,7,2,09:36,25379.0,1,29,6,09:58,25338.5,ratchet_stop,,none,5m_hi_confirm_1m_close,0,40.5,40.0,0.5,23,133.5,1.75,1,1,0,F3_FIXED_INV1618_RATCHET_HI_T423,,,,,,
H26,2025-12-18,SHORT,1m_break_below,fixed_break,F3,1,25374.7685,,,,-6.0,-0.772303,25329.5,25256.25,25292.875,73.25,4.23,25019.6525,25331.5,25227.5,6,09:35,25242.25,0,7,2,09:36,25241.75,1,23,5,09:52,25237.0,ratchet_stop,,none,5m_hi_confirm_1m_close,0,4.75,4.25,0.5,17,80.5,25.5,0,0,0,F3_FIXED_INV1618_RATCHET_HI_T423,,,,,,
H26,2025-12-22,SHORT,1m_break_below,fixed_break,F3,1,25856.859,,,,-7.0,-0.506942,25794.75,25694.25,25744.5,100.5,4.23,25369.635,25796.75,25720.5,12,09:41,25685.0,6,13,3,09:42,25684.5,7,22,5,09:51,25734.0,ratchet_stop,,none,5m_hi_confirm_1m_close,0,-49.5,-50.0,0.5,10,12.25,59.75,0,0,0,F3_FIXED_INV1618_RATCHET_HI_T423,,,,,,
H26,2026-01-05,SHORT,1m_break_below,fixed_break,F3,1,25728.5835,,,,-7.0,-0.844601,25672.5,25581.75,25627.125,90.75,4.23,25288.6275,25674.5,25607.5,6,09:35,25573.25,0,7,2,09:36,25573.0,1,16,4,09:45,25624.25,ratchet_stop,,none,5m_hi_confirm_1m_close,0,-51.25,-51.75,0.5,10,34.5,57.75,0,0,0,F3_FIXED_INV1618_RATCHET_HI_T423,,,,,,
H26,2026-01-08,SHORT,1m_break_below,fixed_break,F3,1,25871.289,,,,-8.0,-0.241331,25803.0,25692.5,25747.75,110.5,4.23,25335.585,25805.0,25658.5,9,09:38,25688.5,3,10,2,09:39,25688.25,4,39,8,10:08,25671.25,ratchet_stop,,none,5m_hi_confirm_1m_close,0,17.0,16.5,0.5,30,119.25,19.75,0,0,0,F3_FIXED_INV1618_RATCHET_HI_T423,,,,,,
H26,2026-01-15,SHORT,1m_break_below,fixed_break,F3,1,25986.42,,,,-5.0,-0.511924,25946.25,25881.25,25913.75,65.0,4.23,25671.3,25948.25,25895.75,6,09:35,25881.0,0,7,2,09:36,25881.0,1,16,4,09:45,25906.5,ratchet_stop,,none,5m_hi_confirm_1m_close,0,-25.5,-26.0,0.5,10,27.5,71.75,0,0,0,F3_FIXED_INV1618_RATCHET_HI_T423,,,,,,
H26,2026-01-21,SHORT,1m_break_below,fixed_break,F3,1,25268.364,,,,-6.0,-0.259412,25223.25,25150.25,25186.75,73.0,4.23,24914.46,25225.25,25219.75,11,09:40,25135.0,5,12,3,09:41,25134.75,6,18,4,09:47,25234.75,ratchet_stop,,none,5m_hi_confirm_1m_close,0,-100.0,-100.5,0.5,7,7.25,103.25,0,0,0,F3_FIXED_INV1618_RATCHET_HI_T423,,,,,,
H26,2026-01-22,SHORT,1m_break_below,fixed_break,F3,1,25773.156,,,,-9.0,-0.333606,25731.75,25664.75,25698.25,67.0,4.23,25448.34,25733.75,25569.25,6,09:35,25651.75,0,7,2,09:36,25652.75,1,46,10,10:15,25577.0,ratchet_stop,,none,5m_hi_confirm_1m_close,0,75.75,75.25,0.5,40,116.0,42.25,1,0,0,F3_FIXED_INV1618_RATCHET_HI_T423,,,,,,
H26,2026-01-23,SHORT,1m_break_below,fixed_break,F3,1,25694.0605,,,,-5.0,-0.802518,25652.5,25585.25,25618.875,67.25,4.23,25368.0325,25654.5,25623.5,8,09:37,25570.0,2,9,2,09:38,25571.5,3,16,4,09:45,25626.75,ratchet_stop,,none,5m_hi_confirm_1m_close,0,-55.25,-55.75,0.5,8,7.5,68.5,0,0,0,F3_FIXED_INV1618_RATCHET_HI_T423,,,,,,
H26,2026-01-27,SHORT,1m_break_below,fixed_break,F3,1,26048.035,,,,-6.0,-0.793903,26012.5,25955.0,25983.75,57.5,4.23,25769.275,26014.5,25972.25,6,09:35,25951.0,0,7,2,09:36,25951.75,1,16,4,09:45,25974.0,ratchet_stop,,none,5m_hi_confirm_1m_close,0,-22.25,-22.75,0.5,10,34.5,32.0,0,0,0,F3_FIXED_INV1618_RATCHET_HI_T423,,,,,,
H26,2026-01-29,SHORT,1m_break_below,fixed_break,F3,1,26231.547,,,,-6.0,-0.65788,26175.0,26083.5,26129.25,91.5,4.23,25787.955,26177.0,25988.25,6,09:35,26062.5,0,7,2,09:36,26064.0,1,32,7,10:01,25787.955,target_4.23,,none,5m_hi_confirm_1m_close,0,276.045,275.545,0.5,26,279.5,4.5,1,1,1,F3_FIXED_INV1618_RATCHET_HI_T423,,,,,,
H26,2026-02-03,SHORT,1m_break_below,fixed_break,F3,1,26022.393,,,,-5.0,-0.029144,25952.25,25838.75,25895.5,113.5,4.23,25472.145,25954.25,25594.0,9,09:38,25834.75,3,10,2,09:39,25835.5,4,56,12,10:25,25472.145,target_4.23,,none,5m_hi_confirm_1m_close,0,363.355,362.855,0.5,47,365.25,4.25,1,1,1,F3_FIXED_INV1618_RATCHET_HI_T423,,,,,,
H26,2026-02-11,SHORT,1m_break_below,fixed_break,F3,1,25526.5865,,,,-6.0,-0.813482,25465.25,25366.0,25415.625,99.25,4.23,25045.4225,25467.25,25416.5,7,09:36,25360.75,1,8,2,09:37,25362.0,2,16,4,09:45,25425.75,ratchet_stop,,none,5m_hi_confirm_1m_close,0,-63.75,-64.25,0.5,9,22.75,64.25,0,0,0,F3_FIXED_INV1618_RATCHET_HI_T423,,,,,,
H26,2026-02-26,SHORT,1m_break_below,fixed_break,F3,1,25395.148,,,,-7.0,-0.21623,25342.0,25256.0,25299.0,86.0,4.23,24978.22,25344.0,25178.0,7,09:36,25234.0,1,8,2,09:37,25234.0,2,49,10,10:18,24978.22,target_4.23,,none,5m_hi_confirm_1m_close,0,255.78,255.28,0.5,42,269.0,61.75,1,1,1,F3_FIXED_INV1618_RATCHET_HI_T423,,,,,,
M26,2026-03-27,SHORT,1m_break_below,fixed_break,F3,1,23730.2805,,,,-7.0,-0.385654,23664.0,23556.75,23610.375,107.25,4.23,23210.3325,23666.0,23613.0,6,09:35,23554.25,0,7,2,09:36,23554.0,1,16,4,09:45,23619.5,ratchet_stop,,none,5m_hi_confirm_1m_close,0,-65.5,-66.0,0.5,10,22.0,76.0,0,0,0,F3_FIXED_INV1618_RATCHET_HI_T423,,,,,,
M26,2026-03-30,SHORT,1m_break_below,fixed_break,F3,1,23588.1535,,,,-6.0,-0.714987,23538.25,23457.5,23497.875,80.75,4.23,23196.6775,23540.25,23340.75,6,09:35,23443.75,0,7,2,09:36,23444.25,1,42,9,10:11,23355.25,ratchet_stop,,none,5m_hi_confirm_1m_close,0,89.0,88.5,0.5,36,151.5,5.0,1,0,0,F3_FIXED_INV1618_RATCHET_HI_T423,,,,,,
M26,2026-04-07,SHORT,1m_break_below,fixed_break,F3,1,24375.98,,,,-7.0,-0.380328,24308.0,24198.0,24253.0,110.0,4.23,23842.7,24310.0,24044.0,15,09:44,24196.5,9,16,4,09:45,24197.0,10,51,11,10:20,24067.25,ratchet_stop,,none,5m_hi_confirm_1m_close,0,129.75,129.25,0.5,36,203.0,10.75,1,0,0,F3_FIXED_INV1618_RATCHET_HI_T423,,,,,,
M26,2026-04-09,SHORT,1m_break_below,fixed_break,F3,1,25155.721,,,,-7.0,-0.667477,25103.5,25019.0,25061.25,84.5,4.23,24746.065,25105.5,25040.5,27,09:56,25016.25,21,28,6,09:57,25017.25,22,36,8,10:05,25049.0,ratchet_stop,,none,5m_hi_confirm_1m_close,0,-31.75,-32.25,0.5,9,8.75,38.75,0,0,0,F3_FIXED_INV1618_RATCHET_HI_T423,,,,,,
M26,2026-04-27,SHORT,1m_break_below,fixed_break,F3,1,27479.9595,,,,-7.0,-0.497537,27435.0,27362.25,27398.625,72.75,4.23,27127.2675,27437.0,27388.25,16,09:45,27360.0,10,17,4,09:46,27360.25,11,28,6,09:57,27394.25,ratchet_stop,,none,5m_hi_confirm_1m_close,0,-34.0,-34.5,0.5,12,61.75,38.5,0,0,0,F3_FIXED_INV1618_RATCHET_HI_T423,,,,,,
M26,2026-04-30,SHORT,1m_break_below,fixed_break,F3,1,27584.3545,,,,-8.0,-0.401337,27491.5,27341.25,27416.375,150.25,4.23,26855.9425,27493.5,27265.25,6,09:35,27332.5,0,7,2,09:36,27333.5,1,36,8,10:05,27277.0,ratchet_stop,,none,5m_hi_confirm_1m_close,0,56.5,56.0,0.5,30,130.5,39.5,0,0,0,F3_FIXED_INV1618_RATCHET_HI_T423,,,,,,
M26,2026-05-18,SHORT,1m_break_below,fixed_break,F3,1,29405.69,,,,-5.0,-0.532795,29356.25,29276.25,29316.25,80.0,4.23,29017.85,29358.25,29206.0,7,09:36,29258.25,1,8,2,09:37,29257.75,2,26,6,09:55,29278.25,ratchet_stop,,none,5m_hi_confirm_1m_close,0,-20.5,-21.0,0.5,19,122.75,31.75,1,0,0,F3_FIXED_INV1618_RATCHET_HI_T423,,,,,,
M26,2026-05-26,SHORT,1m_break_below,fixed_break,F3,1,29992.474,,,,-7.0,-0.72972,29935.0,29842.0,29888.5,93.0,4.23,29541.61,29937.0,29864.75,6,09:35,29840.5,0,7,2,09:36,29840.75,1,16,4,09:45,29962.25,ratchet_stop,,none,5m_hi_confirm_1m_close,0,-121.5,-122.0,0.5,10,6.25,122.5,0,0,0,F3_FIXED_INV1618_RATCHET_HI_T423,,,,,,
M26,2026-05-27,SHORT,1m_break_below,fixed_break,F3,1,30232.9425,,,,-6.0,-0.012362,30192.0,30125.75,30158.875,66.25,4.23,29911.7625,30194.0,30032.25,6,09:35,30116.0,0,7,2,09:36,30116.5,1,28,6,09:57,30043.25,ratchet_stop,,none,5m_hi_confirm_1m_close,0,73.25,72.75,0.5,22,179.5,14.75,1,1,0,F3_FIXED_INV1618_RATCHET_HI_T423,,,,,,
M26,2026-06-02,SHORT,1m_break_below,fixed_break,F3,1,30630.0135,,,,-8.0,-0.277285,30567.75,30467.0,30517.375,100.75,4.23,30141.5775,30569.75,30489.25,6,09:35,30456.0,0,7,2,09:36,30457.25,1,16,4,09:45,30507.75,ratchet_stop,,none,5m_hi_confirm_1m_close,0,-50.5,-51.0,0.5,10,33.5,64.75,0,0,0,F3_FIXED_INV1618_RATCHET_HI_T423,,,,,,
M26,2026-06-03,SHORT,1m_break_below,fixed_break,F3,1,30865.6875,,,,-6.0,-0.980843,30807.75,30714.0,30760.875,93.75,4.23,30411.1875,30809.75,30625.0,6,09:35,30680.0,0,7,2,09:36,30680.5,1,33,7,10:02,30631.25,ratchet_stop,,none,5m_hi_confirm_1m_close,0,49.25,48.75,0.5,27,184.5,57.0,1,0,0,F3_FIXED_INV1618_RATCHET_HI_T423,,,,,,
M26,2026-06-08,SHORT,1m_break_below,fixed_break,F3,1,29690.296,,,,-7.0,-0.860368,29584.0,29412.0,29498.0,172.0,4.23,28856.44,29586.0,29432.0,28,09:57,29379.25,22,29,6,09:58,29378.5,23,42,9,10:11,29459.75,ratchet_stop,,none,5m_hi_confirm_1m_close,0,-81.25,-81.75,0.5,14,47.0,89.0,0,0,0,F3_FIXED_INV1618_RATCHET_HI_T423,,,,,,
M26,2026-06-11,SHORT,1m_break_below,fixed_break,F3,1,28857.4745,,,,-7.0,-0.358151,28786.25,28671.0,28728.625,115.25,4.23,28298.7425,28788.25,28785.25,11,09:40,28668.75,5,12,3,09:41,28670.5,6,16,4,09:45,28817.75,ratchet_stop,,none,5m_hi_confirm_1m_close,0,-147.25,-147.75,0.5,5,12.5,150.0,0,0,0,F3_FIXED_INV1618_RATCHET_HI_T423,,,,,,
U26,2026-06-18,SHORT,1m_break_below,fixed_break,F3,1,30697.8485,,,,-8.0,-0.802222,30615.5,30482.25,30548.875,133.25,4.23,30051.8525,30617.5,30483.5,6,09:35,30469.0,0,7,2,09:36,30468.75,1,21,5,09:50,30492.0,ratchet_stop,,none,5m_hi_confirm_1m_close,0,-23.25,-23.75,0.5,15,77.75,41.25,0,0,0,F3_FIXED_INV1618_RATCHET_HI_T423,,,,,,
U26,2026-06-25,SHORT,1m_break_below,fixed_break,F3,1,30287.554,,,,-7.0,-0.333068,30193.0,30040.0,30116.5,153.0,4.23,29545.81,30195.0,30090.5,8,09:37,30029.75,2,9,2,09:38,30029.5,3,19,4,09:48,29545.81,target_4.23,,none,5m_hi_confirm_1m_close,0,483.69,483.19,0.5,11,499.25,6.25,1,1,1,F3_FIXED_INV1618_RATCHET_HI_T423,,,,,,
U26,2026-07-01,SHORT,1m_break_below,fixed_break,F3,1,30355.9445,,,,-8.0,-0.690181,30260.0,30104.75,30182.375,155.25,4.23,29603.2925,30262.0,30162.5,6,09:35,30102.5,0,7,2,09:36,30102.5,1,17,4,09:46,30197.5,ratchet_stop,,none,5m_hi_confirm_1m_close,0,-95.0,-95.5,0.5,11,8.0,104.75,0,0,0,F3_FIXED_INV1618_RATCHET_HI_T423,,,,,,
U26,2026-07-07,SHORT,1m_break_below,fixed_break,F3,1,29791.119,,,,-7.0,-0.793934,29685.75,29515.25,29600.5,170.5,4.23,28964.535,29687.75,29274.75,9,09:38,29502.75,3,10,2,09:39,29501.5,4,81,17,10:50,29275.0,ratchet_stop,,none,5m_hi_confirm_1m_close,0,226.5,226.0,0.5,72,291.5,105.5,1,0,0,F3_FIXED_INV1618_RATCHET_HI_T423,,,,,,
U26,2026-07-13,SHORT,1m_break_below,fixed_break,F3,1,29802.449,,,,-7.0,-0.493283,29737.25,29631.75,29684.5,105.5,4.23,29290.985,29739.25,29600.75,8,09:37,29619.75,2,9,2,09:38,29620.25,3,29,6,09:58,29607.25,ratchet_stop,,none,5m_hi_confirm_1m_close,0,13.0,12.5,0.5,21,102.25,46.5,0,0,0,F3_FIXED_INV1618_RATCHET_HI_T423,,,,,,
U26,2026-07-14,SHORT,1m_break_below,fixed_break,F3,1,29893.618,,,,-8.0,-0.274942,29815.75,29689.75,29752.75,126.0,4.23,29282.77,29817.75,29690.5,36,10:05,29670.0,30,37,8,10:06,29669.75,31,53,11,10:22,29708.5,ratchet_stop,,none,5m_hi_confirm_1m_close,0,-38.75,-39.25,0.5,17,102.25,45.25,0,0,0,F3_FIXED_INV1618_RATCHET_HI_T423,,,,,,
U26,2026-07-16,SHORT,1m_break_below,fixed_break,F3,1,29595.1905,,,,-6.0,-0.94826,29532.0,29429.75,29480.875,102.25,4.23,29099.4825,29534.0,29342.75,6,09:35,29417.25,0,7,2,09:36,29418.75,1,30,6,09:59,29347.5,ratchet_stop,,none,5m_hi_confirm_1m_close,0,71.25,70.75,0.5,24,163.25,52.25,1,0,0,F3_FIXED_INV1618_RATCHET_HI_T423,,,,,,
U26,2026-07-17,SHORT,1m_break_below,fixed_break,F3,1,28776.3825,,,,-6.0,-0.82075,28686.0,28539.75,28612.875,146.25,4.23,28067.3625,28688.0,28512.0,7,09:36,28523.25,1,8,2,09:37,28523.75,2,21,5,09:50,28520.75,ratchet_stop,,none,5m_hi_confirm_1m_close,0,3.0,2.5,0.5,14,115.5,14.25,0,0,0,F3_FIXED_INV1618_RATCHET_HI_T423,,,,,,
U26,2026-07-21,SHORT,1m_break_below,fixed_break,F3,1,29316.2385,,,,-7.0,-0.461546,29246.25,29133.0,29189.625,113.25,4.23,28767.2025,29248.25,29153.5,17,09:46,29114.75,11,18,4,09:47,29114.5,12,31,7,10:00,29170.0,ratchet_stop,,none,5m_hi_confirm_1m_close,0,-55.5,-56.0,0.5,14,22.0,74.0,0,0,0,F3_FIXED_INV1618_RATCHET_HI_T423,,,,,,
U26,2026-07-28,SHORT,1m_break_below,fixed_break,F3,1,28066.6235,,,,-5.0,-0.525227,27992.0,27871.25,27931.625,120.75,4.23,27481.2275,27994.0,27720.5,7,09:36,27860.5,1,8,2,09:37,27861.0,2,36,8,10:05,27766.25,ratchet_stop,,none,5m_hi_confirm_1m_close,0,94.75,94.25,0.5,29,219.25,17.5,1,0,0,F3_FIXED_INV1618_RATCHET_HI_T423,,,,,,
U26,2026-08-10,SHORT,1m_break_below,fixed_break,F3,1,29906.4855,,,,-7.0,-0.909454,29841.75,29737.0,29789.375,104.75,4.23,29398.6575,29843.75,29768.5,194,12:43,29735.5,188,195,39,12:44,29735.5,189,207,42,12:56,29772.0,ratchet_stop,,none,5m_hi_confirm_1m_close,0,-36.5,-37.0,0.5,13,6.0,37.5,0,0,0,F3_FIXED_INV1618_RATCHET_HI_T423,,,,,,
U26,2026-08-11,SHORT,1m_break_below,fixed_break,F3,1,29914.188,,,,-8.0,-0.335205,29842.5,29726.5,29784.5,116.0,4.23,29351.82,29844.5,29725.0,6,09:35,29698.25,0,7,2,09:36,29697.25,1,30,6,09:59,29732.75,ratchet_stop,,none,5m_hi_confirm_1m_close,0,-35.5,-36.0,0.5,24,65.5,59.0,0,0,0,F3_FIXED_INV1618_RATCHET_HI_T423,,,,,,
U26,2026-08-12,SHORT,1m_break_below,fixed_break,F3,1,30078.382,,,,-8.0,-0.443299,30001.75,29877.75,29939.75,124.0,4.23,29477.23,30003.75,29946.25,11,09:40,29870.0,5,12,3,09:41,29869.25,6,19,4,09:48,29969.0,ratchet_stop,,none,5m_hi_confirm_1m_close,0,-99.75,-100.25,0.5,8,3.75,101.5,0,0,0,F3_FIXED_INV1618_RATCHET_HI_T423,,,,,,
U26,2026-08-14,SHORT,1m_break_below,fixed_break,F3,1,30308.8975,,,,-5.0,-0.843128,30269.5,30205.75,30237.625,63.75,4.23,29999.8375,30271.5,30222.0,6,09:35,30199.75,0,7,2,09:36,30200.5,1,16,4,09:45,30265.75,ratchet_stop,,none,5m_hi_confirm_1m_close,0,-65.25,-65.75,0.5,10,30.75,74.75,0,0,0,F3_FIXED_INV1618_RATCHET_HI_T423,,,,,,
U26,2026-08-17,SHORT,1m_break_below,fixed_break,F3,1,30312.35,,,,-5.0,-0.817748,30266.0,30191.0,30228.5,75.0,4.23,29948.75,30268.0,30230.5,9,09:38,30187.25,3,10,2,09:39,30188.0,4,22,5,09:51,30245.0,ratchet_stop,,none,5m_hi_confirm_1m_close,0,-57.0,-57.5,0.5,13,22.5,59.75,0,0,0,F3_FIXED_INV1618_RATCHET_HI_T423,,,,,,
U26,2026-08-19,SHORT,1m_break_below,fixed_break,F3,1,29800.9965,,,,-5.0,-0.435983,29742.75,29648.5,29695.625,94.25,4.23,29344.0725,29744.75,29462.0,7,09:36,29626.5,1,8,2,09:37,29627.25,2,60,12,10:29,29482.5,ratchet_stop,,none,5m_hi_confirm_1m_close,0,144.75,144.25,0.5,53,251.5,23.0,1,1,0,F3_FIXED_INV1618_RATCHET_HI_T423,,,,,,
U26,2026-08-21,SHORT,1m_break_below,fixed_break,F3,1,29549.0785,,,,-8.0,-0.72187,29476.0,29357.75,29416.875,118.25,4.23,28975.8025,29478.0,29320.25,7,09:36,29345.0,1,8,2,09:37,29345.25,2,36,8,10:05,29320.75,ratchet_stop,,none,5m_hi_confirm_1m_close,0,24.5,24.0,0.5,29,89.5,15.0,0,0,0,F3_FIXED_INV1618_RATCHET_HI_T423,,,,,,
H26,2025-12-17,SHORT,1m_expand_break,expand_break,F3,0,25481.431,,,,-8.0,-0.564224,25447.75,25393.25,25420.5,54.5,2.618,25305.069,25449.75,25449.75,6,09:35,25379.25,0,7,2,09:36,25379.0,1,12,3,09:41,25305.069,target_2.618,,vwap,5m_hi_confirm_1m_close,5,73.931,73.431,0.5,6,74.0,1.75,1,0,0,F3_EXPAND_HOLD_VWAP_T2618,25447.75,25393.25,54.5,1.0,0.0,0.0
H26,2025-12-18,SHORT,1m_expand_break,expand_break,F3,0,25374.7685,,,,-6.0,-0.772303,25329.5,25256.25,25292.875,73.25,2.618,25137.7315,25331.5,25227.5,6,09:35,25242.25,0,7,2,09:36,25241.75,1,23,5,09:52,25237.0,ratchet_stop,,vwap,5m_hi_confirm_1m_close,16,4.75,4.25,0.5,17,80.5,25.5,0,0,0,F3_EXPAND_HOLD_VWAP_T2618,25329.5,25256.25,73.25,1.0,0.0,0.0
H26,2025-12-22,SHORT,1m_expand_break,expand_break,F3,0,25856.859,,,,-7.0,-0.506942,25794.75,25694.25,25744.5,100.5,2.618,25531.641,25796.75,25674.5,66,10:35,25660.25,60,67,14,10:36,25660.5,61,76,16,10:45,25676.25,ratchet_stop,,vwap,5m_hi_confirm_1m_close,9,-15.75,-16.25,0.5,10,32.5,20.5,0,0,0,F3_EXPAND_HOLD_VWAP_T2618,25794.75,25668.0,126.75,1.2612,3.0,0.0
H26,2026-01-05,SHORT,1m_expand_break,expand_break,F3,0,25728.5835,,,,-7.0,-0.844601,25672.5,25581.75,25627.125,90.75,2.618,25434.9165,25674.5,25674.5,6,09:35,25573.25,0,7,2,09:36,25573.0,1,15,3,09:44,25602.0,hold_exit_above_dvwap,above_dvwap,vwap,5m_hi_confirm_1m_close,8,-29.0,-29.5,0.5,9,34.5,40.25,0,0,0,F3_EXPAND_HOLD_VWAP_T2618,25672.5,25581.75,90.75,1.0,0.0,0.0
H26,2026-01-08,SHORT,1m_expand_break,expand_break,F3,0,25871.289,,,,-8.0,-0.241331,25803.0,25692.5,25747.75,110.5,2.618,25513.711,25805.0,25658.5,9,09:38,25688.5,3,10,2,09:39,25688.25,4,39,8,10:08,25671.25,ratchet_stop,,vwap,5m_hi_confirm_1m_close,29,17.0,16.5,0.5,30,119.25,19.75,0,0,0,F3_EXPAND_HOLD_VWAP_T2618,25803.0,25692.5,110.5,1.0,0.0,0.0
H26,2026-01-15,SHORT,1m_expand_break,expand_break,F3,0,25986.42,,,,-5.0,-0.511924,25946.25,25881.25,25913.75,65.0,2.618,25776.08,25948.25,25948.25,6,09:35,25881.0,0,7,2,09:36,25881.0,1,14,3,09:43,25902.25,hold_exit_above_dvwap,above_dvwap,vwap,5m_hi_confirm_1m_close,7,-21.25,-21.75,0.5,8,27.5,29.75,0,0,0,F3_EXPAND_HOLD_VWAP_T2618,25946.25,25881.25,65.0,1.0,0.0,0.0
H26,2026-01-21,SHORT,1m_expand_break,expand_break,F3,0,25268.364,,,,-6.0,-0.259412,25223.25,25150.25,25186.75,73.0,2.618,25032.136,25225.25,25225.25,11,09:40,25135.0,5,12,3,09:41,25134.75,6,14,3,09:43,25193.75,hold_exit_above_dvwap,above_dvwap,vwap,5m_hi_confirm_1m_close,2,-59.0,-59.5,0.5,3,7.25,69.25,0,0,0,F3_EXPAND_HOLD_VWAP_T2618,25223.25,25141.75,81.5,1.1164,2.0,0.0
H26,2026-01-22,SHORT,1m_expand_break,expand_break,F3,0,25773.156,,,,-9.0,-0.333606,25731.75,25664.75,25698.25,67.0,2.618,25556.344,25733.75,25733.75,6,09:35,25651.75,0,7,2,09:36,25652.75,1,8,2,09:37,25676.5,hold_exit_above_dvwap,above_dvwap,vwap,5m_hi_confirm_1m_close,1,-23.75,-24.25,0.5,2,17.0,24.75,0,0,0,F3_EXPAND_HOLD_VWAP_T2618,25731.75,25664.75,67.0,1.0,0.0,0.0
H26,2026-01-23,SHORT,1m_expand_break,expand_break,F3,0,25694.0605,,,,-5.0,-0.802518,25652.5,25585.25,25618.875,67.25,2.618,25476.4395,25654.5,25654.5,8,09:37,25570.0,2,9,2,09:38,25571.5,3,12,3,09:41,25616.25,hold_exit_above_dvwap,above_dvwap,vwap,5m_hi_confirm_1m_close,3,-44.75,-45.25,0.5,4,7.5,48.0,0,0,0,F3_EXPAND_HOLD_VWAP_T2618,25652.5,25579.75,72.75,1.0818,1.0,0.0
H26,2026-01-27,SHORT,1m_expand_break,expand_break,F3,0,26048.035,,,,-6.0,-0.793903,26012.5,25955.0,25983.75,57.5,2.618,25861.965,26014.5,26014.5,6,09:35,25951.0,0,7,2,09:36,25951.75,1,12,3,09:41,25966.75,hold_exit_above_dvwap,above_dvwap,vwap,5m_hi_confirm_1m_close,5,-15.0,-15.5,0.5,6,34.5,16.25,0,0,0,F3_EXPAND_HOLD_VWAP_T2618,26012.5,25955.0,57.5,1.0,0.0,0.0
H26,2026-01-29,SHORT,1m_expand_break,expand_break,F3,0,26231.547,,,,-6.0,-0.65788,26175.0,26083.5,26129.25,91.5,2.618,25935.453,26177.0,26100.75,6,09:35,26062.5,0,7,2,09:36,26064.0,1,16,4,09:45,25935.453,target_2.618,,vwap,5m_hi_confirm_1m_close,9,128.547,128.047,0.5,10,138.5,4.5,1,0,0,F3_EXPAND_HOLD_VWAP_T2618,26175.0,26083.5,91.5,1.0,0.0,0.0
H26,2026-02-03,SHORT,1m_expand_break,expand_break,F3,0,26022.393,,,,-5.0,-0.029144,25952.25,25838.75,25895.5,113.5,2.618,25655.107,25954.25,25811.75,12,09:41,25806.0,6,13,3,09:42,25807.0,7,28,6,09:57,25655.107,target_2.618,,vwap,5m_hi_confirm_1m_close,15,151.893,151.393,0.5,16,154.25,8.5,1,0,0,F3_EXPAND_HOLD_VWAP_T2618,25952.25,25810.0,142.25,1.2533,3.0,0.0
H26,2026-02-11,SHORT,1m_expand_break,expand_break,F3,0,25526.5865,,,,-6.0,-0.813482,25465.25,25366.0,25415.625,99.25,2.618,25205.4135,25467.25,25416.5,7,09:36,25360.75,1,8,2,09:37,25362.0,2,16,4,09:45,25425.75,ratchet_stop,,vwap,5m_hi_confirm_1m_close,8,-63.75,-64.25,0.5,9,22.75,64.25,0,0,0,F3_EXPAND_HOLD_VWAP_T2618,25465.25,25361.75,103.5,1.0428,1.0,0.0
H26,2026-02-26,SHORT,1m_expand_break,expand_break,F3,0,25395.148,,,,-7.0,-0.21623,25342.0,25256.0,25299.0,86.0,2.618,25116.852,25344.0,25210.75,7,09:36,25234.0,1,8,2,09:37,25234.0,2,43,9,10:12,25116.852,target_2.618,,vwap,5m_hi_confirm_1m_close,35,117.148,116.648,0.5,36,146.75,61.75,1,0,0,F3_EXPAND_HOLD_VWAP_T2618,25342.0,25256.0,86.0,1.0,0.0,0.0
M26,2026-03-27,SHORT,1m_expand_break,expand_break,F3,0,23730.2805,,,,-7.0,-0.385654,23664.0,23556.75,23610.375,107.25,2.618,23383.2195,23666.0,23666.0,6,09:35,23554.25,0,7,2,09:36,23554.0,1,9,2,09:38,23597.75,hold_exit_above_dvwap,above_dvwap,vwap,5m_hi_confirm_1m_close,2,-43.75,-44.25,0.5,3,22.0,52.25,0,0,0,F3_EXPAND_HOLD_VWAP_T2618,23664.0,23556.75,107.25,1.0,0.0,0.0
M26,2026-03-30,SHORT,1m_expand_break,expand_break,F3,0,23588.1535,,,,-6.0,-0.714987,23538.25,23457.5,23497.875,80.75,2.618,23326.8465,23540.25,23405.0,6,09:35,23443.75,0,7,2,09:36,23444.25,1,26,6,09:55,23326.8465,target_2.618,,vwap,5m_hi_confirm_1m_close,19,117.4035,116.9035,0.5,20,121.25,5.0,1,0,0,F3_EXPAND_HOLD_VWAP_T2618,23538.25,23457.5,80.75,1.0,0.0,0.0
M26,2026-04-07,SHORT,1m_expand_break,expand_break,F3,0,24375.98,,,,-7.0,-0.380328,24308.0,24198.0,24253.0,110.0,2.618,24020.02,24310.0,24203.75,18,09:47,24159.75,12,19,4,09:48,24160.75,13,37,8,10:06,24020.02,target_2.618,,vwap,5m_hi_confirm_1m_close,18,140.73,140.23,0.5,19,148.75,47.0,1,0,0,F3_EXPAND_HOLD_VWAP_T2618,24308.0,24177.0,131.0,1.1909,3.0,0.0
M26,2026-04-09,SHORT,1m_expand_break,expand_break,F3,0,25155.721,,,,-7.0,-0.667477,25103.5,25019.0,25061.25,84.5,2.618,24882.279,25105.5,24989.25,46,10:15,24996.0,40,47,10,10:16,24995.75,41,74,15,10:43,24990.5,ratchet_stop,,vwap,5m_hi_confirm_1m_close,27,5.25,4.75,0.5,28,35.25,12.25,0,0,0,F3_EXPAND_HOLD_VWAP_T2618,25111.5,25001.0,110.5,1.3077,7.0,0.0
M26,2026-04-27,SHORT,1m_expand_break,expand_break,F3,0,27479.9595,,,,-7.0,-0.497537,27435.0,27362.25,27398.625,72.75,2.618,27244.5405,27437.0,27401.0,18,09:47,27345.75,12,19,4,09:48,27346.25,13,25,5,09:54,27378.75,hold_exit_above_dvwap,above_dvwap,vwap,5m_hi_confirm_1m_close,6,-32.5,-33.0,0.5,7,47.75,35.75,0,0,0,F3_EXPAND_HOLD_VWAP_T2618,27435.0,27350.0,85.0,1.1684,3.0,0.0
M26,2026-04-30,SHORT,1m_expand_break,expand_break,F3,0,27584.3545,,,,-8.0,-0.401337,27491.5,27341.25,27416.375,150.25,2.618,27098.1455,27493.5,27373.0,6,09:35,27332.5,0,7,2,09:36,27333.5,1,16,4,09:45,27359.75,hold_exit_above_dvwap,above_dvwap,vwap,5m_hi_confirm_1m_close,9,-26.25,-26.75,0.5,10,62.5,39.5,0,0,0,F3_EXPAND_HOLD_VWAP_T2618,27491.5,27341.25,150.25,1.0,0.0,0.0
M26,2026-05-18,SHORT,1m_expand_break,expand_break,F3,0,29405.69,,,,-5.0,-0.532795,29356.25,29276.25,29316.25,80.0,2.618,29146.81,29358.25,29301.75,7,09:36,29258.25,1,8,2,09:37,29257.75,2,16,4,09:45,29146.81,target_2.618,,vwap,5m_hi_confirm_1m_close,8,110.94,110.44,0.5,9,117.75,29.25,1,0,0,F3_EXPAND_HOLD_VWAP_T2618,29356.25,29271.25,85.0,1.0625,1.0,0.0
M26,2026-05-26,SHORT,1m_expand_break,expand_break,F3,0,29992.474,,,,-7.0,-0.72972,29935.0,29842.0,29888.5,93.0,2.618,29691.526,29937.0,29937.0,6,09:35,29840.5,0,7,2,09:36,29840.75,1,12,3,09:41,29903.5,hold_exit_above_dvwap,above_dvwap,vwap,5m_hi_confirm_1m_close,5,-62.75,-63.25,0.5,6,6.25,69.25,0,0,0,F3_EXPAND_HOLD_VWAP_T2618,29935.0,29842.0,93.0,1.0,0.0,0.0
M26,2026-05-27,SHORT,1m_expand_break,expand_break,F3,0,30232.9425,,,,-6.0,-0.012362,30192.0,30125.75,30158.875,66.25,2.618,30018.5575,30194.0,30194.0,6,09:35,30116.0,0,7,2,09:36,30116.5,1,14,3,09:43,30018.5575,target_2.618,,vwap,5m_hi_confirm_1m_close,7,97.9425,97.4425,0.5,8,132.0,14.75,1,0,0,F3_EXPAND_HOLD_VWAP_T2618,30192.0,30125.75,66.25,1.0,0.0,0.0
M26,2026-05-29,SHORT,1m_expand_break,expand_break,F3,0,30463.8525,,,,-5.0,-0.897001,30426.0,30364.75,30395.375,61.25,2.618,30265.6475,30428.0,30428.0,57,10:26,30350.25,51,58,12,10:27,30349.0,52,65,13,10:34,30437.0,init_stop,,vwap,5m_hi_confirm_1m_close,7,-88.0,-88.5,0.5,8,1.0,88.5,0,0,0,F3_EXPAND_HOLD_VWAP_T2618,30443.0,30364.75,78.25,1.2776,4.0,41.0
M26,2026-06-02,SHORT,1m_expand_break,expand_break,F3,0,30630.0135,,,,-8.0,-0.277285,30567.75,30467.0,30517.375,100.75,2.618,30303.9865,30569.75,30569.75,6,09:35,30456.0,0,7,2,09:36,30457.25,1,14,3,09:43,30485.0,hold_exit_above_dvwap,above_dvwap,vwap,5m_hi_confirm_1m_close,7,-27.75,-28.25,0.5,8,33.5,30.0,0,0,0,F3_EXPAND_HOLD_VWAP_T2618,30567.75,30467.0,100.75,1.0,0.0,0.0
M26,2026-06-03,SHORT,1m_expand_break,expand_break,F3,0,30865.6875,,,,-6.0,-0.980843,30807.75,30714.0,30760.875,93.75,2.618,30562.3125,30809.75,30737.5,6,09:35,30680.0,0,7,2,09:36,30680.5,1,18,4,09:47,30562.3125,target_2.618,,vwap,5m_hi_confirm_1m_close,11,118.1875,117.6875,0.5,12,137.0,57.0,1,0,0,F3_EXPAND_HOLD_VWAP_T2618,30807.75,30714.0,93.75,1.0,0.0,0.0
M26,2026-06-08,SHORT,1m_expand_break,expand_break,F3,0,29690.296,,,,-7.0,-0.860368,29584.0,29412.0,29498.0,172.0,2.618,29133.704,29586.0,29432.0,28,09:57,29379.25,22,29,6,09:58,29378.5,23,42,9,10:11,29459.75,ratchet_stop,,vwap,5m_hi_confirm_1m_close,13,-81.25,-81.75,0.5,14,47.0,89.0,0,0,0,F3_EXPAND_HOLD_VWAP_T2618,29584.0,29397.5,186.5,1.0843,1.0,0.0
M26,2026-06-09,SHORT,1m_expand_break,expand_break,F3,0,29818.9155,,,,-7.0,-0.227781,29748.0,29633.25,29690.625,114.75,2.618,29447.5845,29750.0,29702.5,41,10:10,29566.0,35,42,9,10:11,29565.0,36,47,10,10:16,29447.5845,target_2.618,,vwap,5m_hi_confirm_1m_close,5,117.4155,116.9155,0.5,6,121.0,13.5,1,0,0,F3_EXPAND_HOLD_VWAP_T2618,29783.75,29624.0,159.75,1.3922,3.0,11.0
M26,2026-06-10,SHORT,1m_expand_break,expand_break,F3,0,29061.5545,,,,-7.0,-0.943786,28953.25,28778.0,28865.625,175.25,2.618,28494.4455,28955.25,28840.75,103,11:12,28751.75,97,104,21,11:13,28753.0,98,114,23,11:23,28842.0,ratchet_stop,,vwap,5m_hi_confirm_1m_close,10,-89.0,-89.5,0.5,11,89.5,94.25,0,0,0,F3_EXPAND_HOLD_VWAP_T2618,29047.5,28761.75,285.75,1.6305,4.0,76.0
M26,2026-06-11,SHORT,1m_expand_break,expand_break,F3,0,28857.4745,,,,-7.0,-0.358151,28786.25,28671.0,28728.625,115.25,2.618,28484.5255,28788.25,28699.25,89,10:58,28630.0,83,90,18,10:59,28625.0,84,101,21,11:10,28743.5,ratchet_stop,,vwap,5m_hi_confirm_1m_close,11,-118.5,-119.0,0.5,12,47.5,135.5,0,0,0,F3_EXPAND_HOLD_VWAP_T2618,28940.0,28650.75,289.25,2.5098,6.0,35.0
U26,2026-06-18,SHORT,1m_expand_break,expand_break,F3,0,30697.8485,,,,-8.0,-0.802222,30615.5,30482.25,30548.875,133.25,2.618,30266.6515,30617.5,30503.5,6,09:35,30469.0,0,7,2,09:36,30468.75,1,20,4,09:49,30497.0,hold_exit_above_dvwap,above_dvwap,vwap,5m_hi_confirm_1m_close,13,-28.25,-28.75,0.5,14,77.75,33.5,0,0,0,F3_EXPAND_HOLD_VWAP_T2618,30615.5,30482.25,133.25,1.0,0.0,0.0
U26,2026-06-25,SHORT,1m_expand_break,expand_break,F3,0,30287.554,,,,-7.0,-0.333068,30193.0,30040.0,30116.5,153.0,2.618,29792.446,30195.0,30195.0,8,09:37,30029.75,2,9,2,09:38,30029.5,3,14,3,09:43,29792.446,target_2.618,,vwap,5m_hi_confirm_1m_close,5,237.054,236.554,0.5,6,271.25,6.25,1,0,0,F3_EXPAND_HOLD_VWAP_T2618,30193.0,30040.0,153.0,1.0,0.0,0.0
U26,2026-07-01,SHORT,1m_expand_break,expand_break,F3,0,30355.9445,,,,-8.0,-0.690181,30260.0,30104.75,30182.375,155.25,2.618,29853.5555,30262.0,30262.0,6,09:35,30102.5,0,7,2,09:36,30102.5,1,12,3,09:41,30161.5,hold_exit_above_dvwap,above_dvwap,vwap,5m_hi_confirm_1m_close,5,-59.0,-59.5,0.5,6,8.0,81.75,0,0,0,F3_EXPAND_HOLD_VWAP_T2618,30260.0,30104.75,155.25,1.0,0.0,0.0
U26,2026-07-07,SHORT,1m_expand_break,expand_break,F3,0,29791.119,,,,-7.0,-0.793934,29685.75,29515.25,29600.5,170.5,2.618,29239.381,29687.75,29687.75,9,09:38,29502.75,3,10,2,09:39,29501.5,4,11,3,09:40,29586.5,hold_exit_above_dvwap,above_dvwap,vwap,5m_hi_confirm_1m_close,1,-85.0,-85.5,0.5,2,6.75,85.75,0,0,0,F3_EXPAND_HOLD_VWAP_T2618,29685.75,29503.75,182.0,1.0674,1.0,0.0
U26,2026-07-13,SHORT,1m_expand_break,expand_break,F3,0,29802.449,,,,-7.0,-0.493283,29737.25,29631.75,29684.5,105.5,2.618,29461.051,29739.25,29600.75,8,09:37,29619.75,2,9,2,09:38,29620.25,3,29,6,09:58,29607.25,ratchet_stop,,vwap,5m_hi_confirm_1m_close,20,13.0,12.5,0.5,21,102.25,46.5,0,0,0,F3_EXPAND_HOLD_VWAP_T2618,29737.25,29626.25,111.0,1.0521,1.0,0.0
U26,2026-07-14,SHORT,1m_expand_break,expand_break,F3,0,29893.618,,,,-8.0,-0.274942,29815.75,29689.75,29752.75,126.0,2.618,29485.882,29817.75,29690.5,36,10:05,29670.0,30,37,8,10:06,29669.75,31,53,11,10:22,29708.5,ratchet_stop,,vwap,5m_hi_confirm_1m_close,16,-38.75,-39.25,0.5,17,102.25,45.25,0,0,0,F3_EXPAND_HOLD_VWAP_T2618,29815.75,29685.0,130.75,1.0377,1.0,0.0
U26,2026-07-16,SHORT,1m_expand_break,expand_break,F3,0,29595.1905,,,,-6.0,-0.94826,29532.0,29429.75,29480.875,102.25,2.618,29264.3095,29534.0,29471.0,6,09:35,29417.25,0,7,2,09:36,29418.75,1,20,4,09:49,29264.3095,target_2.618,,vwap,5m_hi_confirm_1m_close,13,154.4405,153.9405,0.5,14,154.5,52.25,1,0,0,F3_EXPAND_HOLD_VWAP_T2618,29532.0,29429.75,102.25,1.0,0.0,0.0
U26,2026-07-17,SHORT,1m_expand_break,expand_break,F3,0,28776.3825,,,,-6.0,-0.82075,28686.0,28539.75,28612.875,146.25,2.618,28303.1175,28688.0,28512.0,7,09:36,28523.25,1,8,2,09:37,28523.75,2,21,5,09:50,28520.75,ratchet_stop,,vwap,5m_hi_confirm_1m_close,13,3.0,2.5,0.5,14,115.5,14.25,0,0,0,F3_EXPAND_HOLD_VWAP_T2618,28686.0,28530.75,155.25,1.0615,1.0,0.0
U26,2026-07-21,SHORT,1m_expand_break,expand_break,F3,0,29316.2385,,,,-7.0,-0.461546,29246.25,29133.0,29189.625,113.25,2.618,28949.7615,29248.25,29153.5,17,09:46,29114.75,11,18,4,09:47,29114.5,12,31,7,10:00,29170.0,ratchet_stop,,vwap,5m_hi_confirm_1m_close,13,-55.5,-56.0,0.5,14,22.0,74.0,0,0,0,F3_EXPAND_HOLD_VWAP_T2618,29246.25,29126.0,120.25,1.0618,2.0,0.0
U26,2026-07-28,SHORT,1m_expand_break,expand_break,F3,0,28066.6235,,,,-5.0,-0.525227,27992.0,27871.25,27931.625,120.75,2.618,27675.8765,27994.0,27926.25,7,09:36,27860.5,1,8,2,09:37,27861.0,2,17,4,09:46,27675.8765,target_2.618,,vwap,5m_hi_confirm_1m_close,9,185.1235,184.6235,0.5,10,188.0,17.5,1,0,0,F3_EXPAND_HOLD_VWAP_T2618,27992.0,27871.25,120.75,1.0,0.0,0.0
U26,2026-08-11,SHORT,1m_expand_break,expand_break,F3,0,29914.188,,,,-8.0,-0.335205,29842.5,29726.5,29784.5,116.0,2.618,29538.812,29844.5,29844.5,6,09:35,29698.25,0,7,2,09:36,29697.25,1,12,3,09:41,29744.25,hold_exit_above_dvwap,above_dvwap,vwap,5m_hi_confirm_1m_close,5,-47.0,-47.5,0.5,6,18.25,58.5,0,0,0,F3_EXPAND_HOLD_VWAP_T2618,29842.5,29726.5,116.0,1.0,0.0,0.0
U26,2026-08-12,SHORT,1m_expand_break,expand_break,F3,0,30078.382,,,,-8.0,-0.443299,30001.75,29877.75,29939.75,124.0,2.618,29677.118,30003.75,29842.5,124,11:33,29826.0,118,125,25,11:34,29825.5,119,143,29,11:52,29847.75,ratchet_stop,,vwap,5m_hi_confirm_1m_close,18,-22.25,-22.75,0.5,19,7.0,32.75,0,0,0,F3_EXPAND_HOLD_VWAP_T2618,30001.75,29828.25,173.5,1.3992,5.0,0.0
U26,2026-08-14,SHORT,1m_expand_break,expand_break,F3,0,30308.8975,,,,-5.0,-0.843128,30269.5,30205.75,30237.625,63.75,2.618,30102.6025,30271.5,30271.5,6,09:35,30199.75,0,7,2,09:36,30200.5,1,13,3,09:42,30238.0,hold_exit_above_dvwap,above_dvwap,vwap,5m_hi_confirm_1m_close,6,-37.5,-38.0,0.5,7,30.75,39.75,0,0,0,F3_EXPAND_HOLD_VWAP_T2618,30269.5,30205.75,63.75,1.0,0.0,0.0
U26,2026-08-17,SHORT,1m_expand_break,expand_break,F3,0,30312.35,,,,-5.0,-0.817748,30266.0,30191.0,30228.5,75.0,2.618,30069.65,30268.0,30113.5,223,13:12,30149.0,217,224,45,13:13,30149.25,218,252,51,13:41,30114.0,ratchet_stop,,vwap,5m_hi_confirm_1m_close,28,35.25,34.75,0.5,29,62.75,1.25,0,0,0,F3_EXPAND_HOLD_VWAP_T2618,30278.0,30152.25,125.75,1.6767,10.0,6.0
U26,2026-08-19,SHORT,1m_expand_break,expand_break,F3,0,29800.9965,,,,-5.0,-0.435983,29742.75,29648.5,29695.625,94.25,2.618,29496.0035,29744.75,29688.25,7,09:36,29626.5,1,8,2,09:37,29627.25,2,20,4,09:49,29496.0035,target_2.618,,vwap,5m_hi_confirm_1m_close,12,131.2465,130.7465,0.5,13,169.0,23.0,1,0,0,F3_EXPAND_HOLD_VWAP_T2618,29742.75,29648.5,94.25,1.0,0.0,0.0
U26,2026-08-21,SHORT,1m_expand_break,expand_break,F3,0,29549.0785,,,,-8.0,-0.72187,29476.0,29357.75,29416.875,118.25,2.618,29166.4215,29478.0,29320.25,14,09:43,29314.5,8,15,3,09:44,29314.5,9,36,8,10:05,29320.75,ratchet_stop,,vwap,5m_hi_confirm_1m_close,21,-6.25,-6.75,0.5,22,58.75,44.75,0,0,0,F3_EXPAND_HOLD_VWAP_T2618,29476.0,29319.0,157.0,1.3277,3.0,0.0
H26,2025-12-17,SHORT,1m_expand_break,expand_break,F3,0,25481.431,,,,-8.0,-0.564224,25447.75,25393.25,25420.5,54.5,3.33,25266.265,25449.75,25406.75,6,09:35,25379.25,0,7,2,09:36,25379.0,1,17,4,09:46,25266.265,target_3.33,,vwap,5m_hi_confirm_1m_close,10,112.735,112.235,0.5,11,133.5,1.75,1,1,0,F3_EXPAND_HOLD_VWAP_T333,25447.75,25393.25,54.5,1.0,0.0,0.0
H26,2025-12-18,SHORT,1m_expand_break,expand_break,F3,0,25374.7685,,,,-6.0,-0.772303,25329.5,25256.25,25292.875,73.25,3.33,25085.5775,25331.5,25227.5,6,09:35,25242.25,0,7,2,09:36,25241.75,1,23,5,09:52,25237.0,ratchet_stop,,vwap,5m_hi_confirm_1m_close,16,4.75,4.25,0.5,17,80.5,25.5,0,0,0,F3_EXPAND_HOLD_VWAP_T333,25329.5,25256.25,73.25,1.0,0.0,0.0
H26,2025-12-22,SHORT,1m_expand_break,expand_break,F3,0,25856.859,,,,-7.0,-0.506942,25794.75,25694.25,25744.5,100.5,3.33,25460.085,25796.75,25674.5,66,10:35,25660.25,60,67,14,10:36,25660.5,61,76,16,10:45,25676.25,ratchet_stop,,vwap,5m_hi_confirm_1m_close,9,-15.75,-16.25,0.5,10,32.5,20.5,0,0,0,F3_EXPAND_HOLD_VWAP_T333,25794.75,25668.0,126.75,1.2612,3.0,0.0
H26,2026-01-05,SHORT,1m_expand_break,expand_break,F3,0,25728.5835,,,,-7.0,-0.844601,25672.5,25581.75,25627.125,90.75,3.33,25370.3025,25674.5,25674.5,6,09:35,25573.25,0,7,2,09:36,25573.0,1,15,3,09:44,25602.0,hold_exit_above_dvwap,above_dvwap,vwap,5m_hi_confirm_1m_close,8,-29.0,-29.5,0.5,9,34.5,40.25,0,0,0,F3_EXPAND_HOLD_VWAP_T333,25672.5,25581.75,90.75,1.0,0.0,0.0
H26,2026-01-08,SHORT,1m_expand_break,expand_break,F3,0,25871.289,,,,-8.0,-0.241331,25803.0,25692.5,25747.75,110.5,3.33,25435.035,25805.0,25658.5,9,09:38,25688.5,3,10,2,09:39,25688.25,4,39,8,10:08,25671.25,ratchet_stop,,vwap,5m_hi_confirm_1m_close,29,17.0,16.5,0.5,30,119.25,19.75,0,0,0,F3_EXPAND_HOLD_VWAP_T333,25803.0,25692.5,110.5,1.0,0.0,0.0
H26,2026-01-15,SHORT,1m_expand_break,expand_break,F3,0,25986.42,,,,-5.0,-0.511924,25946.25,25881.25,25913.75,65.0,3.33,25729.8,25948.25,25948.25,6,09:35,25881.0,0,7,2,09:36,25881.0,1,14,3,09:43,25902.25,hold_exit_above_dvwap,above_dvwap,vwap,5m_hi_confirm_1m_close,7,-21.25,-21.75,0.5,8,27.5,29.75,0,0,0,F3_EXPAND_HOLD_VWAP_T333,25946.25,25881.25,65.0,1.0,0.0,0.0
H26,2026-01-21,SHORT,1m_expand_break,expand_break,F3,0,25268.364,,,,-6.0,-0.259412,25223.25,25150.25,25186.75,73.0,3.33,24980.16,25225.25,25225.25,11,09:40,25135.0,5,12,3,09:41,25134.75,6,14,3,09:43,25193.75,hold_exit_above_dvwap,above_dvwap,vwap,5m_hi_confirm_1m_close,2,-59.0,-59.5,0.5,3,7.25,69.25,0,0,0,F3_EXPAND_HOLD_VWAP_T333,25223.25,25141.75,81.5,1.1164,2.0,0.0
H26,2026-01-22,SHORT,1m_expand_break,expand_break,F3,0,25773.156,,,,-9.0,-0.333606,25731.75,25664.75,25698.25,67.0,3.33,25508.64,25733.75,25733.75,6,09:35,25651.75,0,7,2,09:36,25652.75,1,8,2,09:37,25676.5,hold_exit_above_dvwap,above_dvwap,vwap,5m_hi_confirm_1m_close,1,-23.75,-24.25,0.5,2,17.0,24.75,0,0,0,F3_EXPAND_HOLD_VWAP_T333,25731.75,25664.75,67.0,1.0,0.0,0.0
H26,2026-01-23,SHORT,1m_expand_break,expand_break,F3,0,25694.0605,,,,-5.0,-0.802518,25652.5,25585.25,25618.875,67.25,3.33,25428.5575,25654.5,25654.5,8,09:37,25570.0,2,9,2,09:38,25571.5,3,12,3,09:41,25616.25,hold_exit_above_dvwap,above_dvwap,vwap,5m_hi_confirm_1m_close,3,-44.75,-45.25,0.5,4,7.5,48.0,0,0,0,F3_EXPAND_HOLD_VWAP_T333,25652.5,25579.75,72.75,1.0818,1.0,0.0
H26,2026-01-27,SHORT,1m_expand_break,expand_break,F3,0,26048.035,,,,-6.0,-0.793903,26012.5,25955.0,25983.75,57.5,3.33,25821.025,26014.5,26014.5,6,09:35,25951.0,0,7,2,09:36,25951.75,1,12,3,09:41,25966.75,hold_exit_above_dvwap,above_dvwap,vwap,5m_hi_confirm_1m_close,5,-15.0,-15.5,0.5,6,34.5,16.25,0,0,0,F3_EXPAND_HOLD_VWAP_T333,26012.5,25955.0,57.5,1.0,0.0,0.0
H26,2026-01-29,SHORT,1m_expand_break,expand_break,F3,0,26231.547,,,,-6.0,-0.65788,26175.0,26083.5,26129.25,91.5,3.33,25870.305,26177.0,26008.25,6,09:35,26062.5,0,7,2,09:36,26064.0,1,30,6,09:59,25870.305,target_3.33,,vwap,5m_hi_confirm_1m_close,23,193.695,193.195,0.5,24,206.0,4.5,1,1,0,F3_EXPAND_HOLD_VWAP_T333,26175.0,26083.5,91.5,1.0,0.0,0.0
H26,2026-02-03,SHORT,1m_expand_break,expand_break,F3,0,26022.393,,,,-5.0,-0.029144,25952.25,25838.75,25895.5,113.5,3.33,25574.295,25954.25,25799.5,12,09:41,25806.0,6,13,3,09:42,25807.0,7,33,7,10:02,25574.295,target_3.33,,vwap,5m_hi_confirm_1m_close,20,232.705,232.205,0.5,21,235.75,8.5,1,1,0,F3_EXPAND_HOLD_VWAP_T333,25952.25,25810.0,142.25,1.2533,3.0,0.0
H26,2026-02-11,SHORT,1m_expand_break,expand_break,F3,0,25526.5865,,,,-6.0,-0.813482,25465.25,25366.0,25415.625,99.25,3.33,25134.7475,25467.25,25416.5,7,09:36,25360.75,1,8,2,09:37,25362.0,2,16,4,09:45,25425.75,ratchet_stop,,vwap,5m_hi_confirm_1m_close,8,-63.75,-64.25,0.5,9,22.75,64.25,0,0,0,F3_EXPAND_HOLD_VWAP_T333,25465.25,25361.75,103.5,1.0428,1.0,0.0
H26,2026-02-26,SHORT,1m_expand_break,expand_break,F3,0,25395.148,,,,-7.0,-0.21623,25342.0,25256.0,25299.0,86.0,3.33,25055.62,25344.0,25178.0,7,09:36,25234.0,1,8,2,09:37,25234.0,2,46,10,10:15,25055.62,target_3.33,,vwap,5m_hi_confirm_1m_close,38,178.38,177.88,0.5,39,208.5,61.75,1,1,0,F3_EXPAND_HOLD_VWAP_T333,25342.0,25256.0,86.0,1.0,0.0,0.0
M26,2026-03-27,SHORT,1m_expand_break,expand_break,F3,0,23730.2805,,,,-7.0,-0.385654,23664.0,23556.75,23610.375,107.25,3.33,23306.8575,23666.0,23666.0,6,09:35,23554.25,0,7,2,09:36,23554.0,1,9,2,09:38,23597.75,hold_exit_above_dvwap,above_dvwap,vwap,5m_hi_confirm_1m_close,2,-43.75,-44.25,0.5,3,22.0,52.25,0,0,0,F3_EXPAND_HOLD_VWAP_T333,23664.0,23556.75,107.25,1.0,0.0,0.0
M26,2026-03-30,SHORT,1m_expand_break,expand_break,F3,0,23588.1535,,,,-6.0,-0.714987,23538.25,23457.5,23497.875,80.75,3.33,23269.3525,23540.25,23340.75,6,09:35,23443.75,0,7,2,09:36,23444.25,1,42,9,10:11,23355.25,ratchet_stop,,vwap,5m_hi_confirm_1m_close,35,89.0,88.5,0.5,36,151.5,5.0,1,0,0,F3_EXPAND_HOLD_VWAP_T333,23538.25,23457.5,80.75,1.0,0.0,0.0
M26,2026-04-07,SHORT,1m_expand_break,expand_break,F3,0,24375.98,,,,-7.0,-0.380328,24308.0,24198.0,24253.0,110.0,3.33,23941.7,24310.0,24044.0,18,09:47,24159.75,12,19,4,09:48,24160.75,13,51,11,10:20,24067.25,ratchet_stop,,vwap,5m_hi_confirm_1m_close,32,93.5,93.0,0.5,33,166.75,47.0,1,0,0,F3_EXPAND_HOLD_VWAP_T333,24308.0,24177.0,131.0,1.1909,3.0,0.0
M26,2026-04-09,SHORT,1m_expand_break,expand_break,F3,0,25155.721,,,,-7.0,-0.667477,25103.5,25019.0,25061.25,84.5,3.33,24822.115,25105.5,24989.25,46,10:15,24996.0,40,47,10,10:16,24995.75,41,74,15,10:43,24990.5,ratchet_stop,,vwap,5m_hi_confirm_1m_close,27,5.25,4.75,0.5,28,35.25,12.25,0,0,0,F3_EXPAND_HOLD_VWAP_T333,25111.5,25001.0,110.5,1.3077,7.0,0.0
M26,2026-04-27,SHORT,1m_expand_break,expand_break,F3,0,27479.9595,,,,-7.0,-0.497537,27435.0,27362.25,27398.625,72.75,3.33,27192.7425,27437.0,27401.0,18,09:47,27345.75,12,19,4,09:48,27346.25,13,25,5,09:54,27378.75,hold_exit_above_dvwap,above_dvwap,vwap,5m_hi_confirm_1m_close,6,-32.5,-33.0,0.5,7,47.75,35.75,0,0,0,F3_EXPAND_HOLD_VWAP_T333,27435.0,27350.0,85.0,1.1684,3.0,0.0
M26,2026-04-30,SHORT,1m_expand_break,expand_break,F3,0,27584.3545,,,,-8.0,-0.401337,27491.5,27341.25,27416.375,150.25,3.33,26991.1675,27493.5,27373.0,6,09:35,27332.5,0,7,2,09:36,27333.5,1,16,4,09:45,27359.75,hold_exit_above_dvwap,above_dvwap,vwap,5m_hi_confirm_1m_close,9,-26.25,-26.75,0.5,10,62.5,39.5,0,0,0,F3_EXPAND_HOLD_VWAP_T333,27491.5,27341.25,150.25,1.0,0.0,0.0
M26,2026-05-18,SHORT,1m_expand_break,expand_break,F3,0,29405.69,,,,-5.0,-0.532795,29356.25,29276.25,29316.25,80.0,3.33,29089.85,29358.25,29282.75,7,09:36,29258.25,1,8,2,09:37,29257.75,2,25,5,09:54,29272.5,hold_exit_above_dvwap,above_dvwap,vwap,5m_hi_confirm_1m_close,17,-14.75,-15.25,0.5,18,122.75,29.25,1,0,0,F3_EXPAND_HOLD_VWAP_T333,29356.25,29271.25,85.0,1.0625,1.0,0.0
M26,2026-05-26,SHORT,1m_expand_break,expand_break,F3,0,29992.474,,,,-7.0,-0.72972,29935.0,29842.0,29888.5,93.0,3.33,29625.31,29937.0,29937.0,6,09:35,29840.5,0,7,2,09:36,29840.75,1,12,3,09:41,29903.5,hold_exit_above_dvwap,above_dvwap,vwap,5m_hi_confirm_1m_close,5,-62.75,-63.25,0.5,6,6.25,69.25,0,0,0,F3_EXPAND_HOLD_VWAP_T333,29935.0,29842.0,93.0,1.0,0.0,0.0
M26,2026-05-27,SHORT,1m_expand_break,expand_break,F3,0,30232.9425,,,,-6.0,-0.012362,30192.0,30125.75,30158.875,66.25,3.33,29971.3875,30194.0,30194.0,6,09:35,30116.0,0,7,2,09:36,30116.5,1,15,3,09:44,29971.3875,target_3.33,,vwap,5m_hi_confirm_1m_close,8,145.1125,144.6125,0.5,9,151.5,14.75,1,1,0,F3_EXPAND_HOLD_VWAP_T333,30192.0,30125.75,66.25,1.0,0.0,0.0
M26,2026-05-29,SHORT,1m_expand_break,expand_break,F3,0,30463.8525,,,,-5.0,-0.897001,30426.0,30364.75,30395.375,61.25,3.33,30222.0375,30428.0,30428.0,57,10:26,30350.25,51,58,12,10:27,30349.0,52,65,13,10:34,30437.0,init_stop,,vwap,5m_hi_confirm_1m_close,7,-88.0,-88.5,0.5,8,1.0,88.5,0,0,0,F3_EXPAND_HOLD_VWAP_T333,30443.0,30364.75,78.25,1.2776,4.0,41.0
M26,2026-06-02,SHORT,1m_expand_break,expand_break,F3,0,30630.0135,,,,-8.0,-0.277285,30567.75,30467.0,30517.375,100.75,3.33,30232.2525,30569.75,30569.75,6,09:35,30456.0,0,7,2,09:36,30457.25,1,14,3,09:43,30485.0,hold_exit_above_dvwap,above_dvwap,vwap,5m_hi_confirm_1m_close,7,-27.75,-28.25,0.5,8,33.5,30.0,0,0,0,F3_EXPAND_HOLD_VWAP_T333,30567.75,30467.0,100.75,1.0,0.0,0.0
M26,2026-06-03,SHORT,1m_expand_break,expand_break,F3,0,30865.6875,,,,-6.0,-0.980843,30807.75,30714.0,30760.875,93.75,3.33,30495.5625,30809.75,30625.0,6,09:35,30680.0,0,7,2,09:36,30680.5,1,33,7,10:02,30631.25,ratchet_stop,,vwap,5m_hi_confirm_1m_close,26,49.25,48.75,0.5,27,184.5,57.0,1,0,0,F3_EXPAND_HOLD_VWAP_T333,30807.75,30714.0,93.75,1.0,0.0,0.0
M26,2026-06-08,SHORT,1m_expand_break,expand_break,F3,0,29690.296,,,,-7.0,-0.860368,29584.0,29412.0,29498.0,172.0,3.33,29011.24,29586.0,29432.0,28,09:57,29379.25,22,29,6,09:58,29378.5,23,42,9,10:11,29459.75,ratchet_stop,,vwap,5m_hi_confirm_1m_close,13,-81.25,-81.75,0.5,14,47.0,89.0,0,0,0,F3_EXPAND_HOLD_VWAP_T333,29584.0,29397.5,186.5,1.0843,1.0,0.0
M26,2026-06-09,SHORT,1m_expand_break,expand_break,F3,0,29818.9155,,,,-7.0,-0.227781,29748.0,29633.25,29690.625,114.75,3.33,29365.8825,29750.0,29632.5,41,10:10,29566.0,35,42,9,10:11,29565.0,36,51,11,10:20,29365.8825,target_3.33,,vwap,5m_hi_confirm_1m_close,9,199.1175,198.6175,0.5,10,200.0,13.5,1,1,0,F3_EXPAND_HOLD_VWAP_T333,29783.75,29624.0,159.75,1.3922,3.0,11.0
M26,2026-06-10,SHORT,1m_expand_break,expand_break,F3,0,29061.5545,,,,-7.0,-0.943786,28953.25,28778.0,28865.625,175.25,3.33,28369.6675,28955.25,28840.75,103,11:12,28751.75,97,104,21,11:13,28753.0,98,114,23,11:23,28842.0,ratchet_stop,,vwap,5m_hi_confirm_1m_close,10,-89.0,-89.5,0.5,11,89.5,94.25,0,0,0,F3_EXPAND_HOLD_VWAP_T333,29047.5,28761.75,285.75,1.6305,4.0,76.0
M26,2026-06-11,SHORT,1m_expand_break,expand_break,F3,0,28857.4745,,,,-7.0,-0.358151,28786.25,28671.0,28728.625,115.25,3.33,28402.4675,28788.25,28699.25,89,10:58,28630.0,83,90,18,10:59,28625.0,84,101,21,11:10,28743.5,ratchet_stop,,vwap,5m_hi_confirm_1m_close,11,-118.5,-119.0,0.5,12,47.5,135.5,0,0,0,F3_EXPAND_HOLD_VWAP_T333,28940.0,28650.75,289.25,2.5098,6.0,35.0
U26,2026-06-18,SHORT,1m_expand_break,expand_break,F3,0,30697.8485,,,,-8.0,-0.802222,30615.5,30482.25,30548.875,133.25,3.33,30171.7775,30617.5,30503.5,6,09:35,30469.0,0,7,2,09:36,30468.75,1,20,4,09:49,30497.0,hold_exit_above_dvwap,above_dvwap,vwap,5m_hi_confirm_1m_close,13,-28.25,-28.75,0.5,14,77.75,33.5,0,0,0,F3_EXPAND_HOLD_VWAP_T333,30615.5,30482.25,133.25,1.0,0.0,0.0
U26,2026-06-25,SHORT,1m_expand_break,expand_break,F3,0,30287.554,,,,-7.0,-0.333068,30193.0,30040.0,30116.5,153.0,3.33,29683.51,30195.0,30090.5,8,09:37,30029.75,2,9,2,09:38,30029.5,3,17,4,09:46,29683.51,target_3.33,,vwap,5m_hi_confirm_1m_close,8,345.99,345.49,0.5,9,442.0,6.25,1,1,0,F3_EXPAND_HOLD_VWAP_T333,30193.0,30040.0,153.0,1.0,0.0,0.0
U26,2026-07-01,SHORT,1m_expand_break,expand_break,F3,0,30355.9445,,,,-8.0,-0.690181,30260.0,30104.75,30182.375,155.25,3.33,29743.0175,30262.0,30262.0,6,09:35,30102.5,0,7,2,09:36,30102.5,1,12,3,09:41,30161.5,hold_exit_above_dvwap,above_dvwap,vwap,5m_hi_confirm_1m_close,5,-59.0,-59.5,0.5,6,8.0,81.75,0,0,0,F3_EXPAND_HOLD_VWAP_T333,30260.0,30104.75,155.25,1.0,0.0,0.0
U26,2026-07-07,SHORT,1m_expand_break,expand_break,F3,0,29791.119,,,,-7.0,-0.793934,29685.75,29515.25,29600.5,170.5,3.33,29117.985,29687.75,29687.75,9,09:38,29502.75,3,10,2,09:39,29501.5,4,11,3,09:40,29586.5,hold_exit_above_dvwap,above_dvwap,vwap,5m_hi_confirm_1m_close,1,-85.0,-85.5,0.5,2,6.75,85.75,0,0,0,F3_EXPAND_HOLD_VWAP_T333,29685.75,29503.75,182.0,1.0674,1.0,0.0
U26,2026-07-13,SHORT,1m_expand_break,expand_break,F3,0,29802.449,,,,-7.0,-0.493283,29737.25,29631.75,29684.5,105.5,3.33,29385.935,29739.25,29600.75,8,09:37,29619.75,2,9,2,09:38,29620.25,3,29,6,09:58,29607.25,ratchet_stop,,vwap,5m_hi_confirm_1m_close,20,13.0,12.5,0.5,21,102.25,46.5,0,0,0,F3_EXPAND_HOLD_VWAP_T333,29737.25,29626.25,111.0,1.0521,1.0,0.0
U26,2026-07-14,SHORT,1m_expand_break,expand_break,F3,0,29893.618,,,,-8.0,-0.274942,29815.75,29689.75,29752.75,126.0,3.33,29396.17,29817.75,29690.5,36,10:05,29670.0,30,37,8,10:06,29669.75,31,53,11,10:22,29708.5,ratchet_stop,,vwap,5m_hi_confirm_1m_close,16,-38.75,-39.25,0.5,17,102.25,45.25,0,0,0,F3_EXPAND_HOLD_VWAP_T333,29815.75,29685.0,130.75,1.0377,1.0,0.0
U26,2026-07-16,SHORT,1m_expand_break,expand_break,F3,0,29595.1905,,,,-6.0,-0.94826,29532.0,29429.75,29480.875,102.25,3.33,29191.5075,29534.0,29342.75,6,09:35,29417.25,0,7,2,09:36,29418.75,1,30,6,09:59,29347.5,ratchet_stop,,vwap,5m_hi_confirm_1m_close,23,71.25,70.75,0.5,24,163.25,52.25,1,0,0,F3_EXPAND_HOLD_VWAP_T333,29532.0,29429.75,102.25,1.0,0.0,0.0
U26,2026-07-17,SHORT,1m_expand_break,expand_break,F3,0,28776.3825,,,,-6.0,-0.82075,28686.0,28539.75,28612.875,146.25,3.33,28198.9875,28688.0,28512.0,7,09:36,28523.25,1,8,2,09:37,28523.75,2,21,5,09:50,28520.75,ratchet_stop,,vwap,5m_hi_confirm_1m_close,13,3.0,2.5,0.5,14,115.5,14.25,0,0,0,F3_EXPAND_HOLD_VWAP_T333,28686.0,28530.75,155.25,1.0615,1.0,0.0
U26,2026-07-21,SHORT,1m_expand_break,expand_break,F3,0,29316.2385,,,,-7.0,-0.461546,29246.25,29133.0,29189.625,113.25,3.33,28869.1275,29248.25,29153.5,17,09:46,29114.75,11,18,4,09:47,29114.5,12,31,7,10:00,29170.0,ratchet_stop,,vwap,5m_hi_confirm_1m_close,13,-55.5,-56.0,0.5,14,22.0,74.0,0,0,0,F3_EXPAND_HOLD_VWAP_T333,29246.25,29126.0,120.25,1.0618,2.0,0.0
U26,2026-07-28,SHORT,1m_expand_break,expand_break,F3,0,28066.6235,,,,-5.0,-0.525227,27992.0,27871.25,27931.625,120.75,3.33,27589.9025,27994.0,27720.5,7,09:36,27860.5,1,8,2,09:37,27861.0,2,36,8,10:05,27766.25,ratchet_stop,,vwap,5m_hi_confirm_1m_close,28,94.75,94.25,0.5,29,219.25,17.5,1,0,0,F3_EXPAND_HOLD_VWAP_T333,27992.0,27871.25,120.75,1.0,0.0,0.0
U26,2026-08-11,SHORT,1m_expand_break,expand_break,F3,0,29914.188,,,,-8.0,-0.335205,29842.5,29726.5,29784.5,116.0,3.33,29456.22,29844.5,29844.5,6,09:35,29698.25,0,7,2,09:36,29697.25,1,12,3,09:41,29744.25,hold_exit_above_dvwap,above_dvwap,vwap,5m_hi_confirm_1m_close,5,-47.0,-47.5,0.5,6,18.25,58.5,0,0,0,F3_EXPAND_HOLD_VWAP_T333,29842.5,29726.5,116.0,1.0,0.0,0.0
U26,2026-08-12,SHORT,1m_expand_break,expand_break,F3,0,30078.382,,,,-8.0,-0.443299,30001.75,29877.75,29939.75,124.0,3.33,29588.83,30003.75,29842.5,124,11:33,29826.0,118,125,25,11:34,29825.5,119,143,29,11:52,29847.75,ratchet_stop,,vwap,5m_hi_confirm_1m_close,18,-22.25,-22.75,0.5,19,7.0,32.75,0,0,0,F3_EXPAND_HOLD_VWAP_T333,30001.75,29828.25,173.5,1.3992,5.0,0.0
U26,2026-08-14,SHORT,1m_expand_break,expand_break,F3,0,30308.8975,,,,-5.0,-0.843128,30269.5,30205.75,30237.625,63.75,3.33,30057.2125,30271.5,30271.5,6,09:35,30199.75,0,7,2,09:36,30200.5,1,13,3,09:42,30238.0,hold_exit_above_dvwap,above_dvwap,vwap,5m_hi_confirm_1m_close,6,-37.5,-38.0,0.5,7,30.75,39.75,0,0,0,F3_EXPAND_HOLD_VWAP_T333,30269.5,30205.75,63.75,1.0,0.0,0.0
U26,2026-08-17,SHORT,1m_expand_break,expand_break,F3,0,30312.35,,,,-5.0,-0.817748,30266.0,30191.0,30228.5,75.0,3.33,30016.25,30268.0,30113.5,223,13:12,30149.0,217,224,45,13:13,30149.25,218,252,51,13:41,30114.0,ratchet_stop,,vwap,5m_hi_confirm_1m_close,28,35.25,34.75,0.5,29,62.75,1.25,0,0,0,F3_EXPAND_HOLD_VWAP_T333,30278.0,30152.25,125.75,1.6767,10.0,6.0
U26,2026-08-19,SHORT,1m_expand_break,expand_break,F3,0,29800.9965,,,,-5.0,-0.435983,29742.75,29648.5,29695.625,94.25,3.33,29428.8975,29744.75,29628.75,7,09:36,29626.5,1,8,2,09:37,29627.25,2,22,5,09:51,29428.8975,target_3.33,,vwap,5m_hi_confirm_1m_close,14,198.3525,197.8525,0.5,15,220.75,23.0,1,1,0,F3_EXPAND_HOLD_VWAP_T333,29742.75,29648.5,94.25,1.0,0.0,0.0
U26,2026-08-21,SHORT,1m_expand_break,expand_break,F3,0,29549.0785,,,,-8.0,-0.72187,29476.0,29357.75,29416.875,118.25,3.33,29082.2275,29478.0,29320.25,14,09:43,29314.5,8,15,3,09:44,29314.5,9,36,8,10:05,29320.75,ratchet_stop,,vwap,5m_hi_confirm_1m_close,21,-6.25,-6.75,0.5,22,58.75,44.75,0,0,0,F3_EXPAND_HOLD_VWAP_T333,29476.0,29319.0,157.0,1.3277,3.0,0.0
H26,2025-12-17,SHORT,1m_expand_break,expand_break,F3,0,25481.431,,,,-8.0,-0.564224,25447.75,25393.25,25420.5,54.5,4.23,25217.215,25449.75,25337.5,6,09:35,25379.25,0,7,2,09:36,25379.0,1,28,6,09:57,25335.5,hold_exit_above_dvwap,above_dvwap,vwap,5m_hi_confirm_1m_close,21,43.5,43.0,0.5,22,133.5,1.75,1,1,0,F3_EXPAND_HOLD_VWAP_T423,25447.75,25393.25,54.5,1.0,0.0,0.0
H26,2025-12-18,SHORT,1m_expand_break,expand_break,F3,0,25374.7685,,,,-6.0,-0.772303,25329.5,25256.25,25292.875,73.25,4.23,25019.6525,25331.5,25227.5,6,09:35,25242.25,0,7,2,09:36,25241.75,1,23,5,09:52,25237.0,ratchet_stop,,vwap,5m_hi_confirm_1m_close,16,4.75,4.25,0.5,17,80.5,25.5,0,0,0,F3_EXPAND_HOLD_VWAP_T423,25329.5,25256.25,73.25,1.0,0.0,0.0
H26,2025-12-22,SHORT,1m_expand_break,expand_break,F3,0,25856.859,,,,-7.0,-0.506942,25794.75,25694.25,25744.5,100.5,4.23,25369.635,25796.75,25674.5,66,10:35,25660.25,60,67,14,10:36,25660.5,61,76,16,10:45,25676.25,ratchet_stop,,vwap,5m_hi_confirm_1m_close,9,-15.75,-16.25,0.5,10,32.5,20.5,0,0,0,F3_EXPAND_HOLD_VWAP_T423,25794.75,25668.0,126.75,1.2612,3.0,0.0
H26,2026-01-05,SHORT,1m_expand_break,expand_break,F3,0,25728.5835,,,,-7.0,-0.844601,25672.5,25581.75,25627.125,90.75,4.23,25288.6275,25674.5,25674.5,6,09:35,25573.25,0,7,2,09:36,25573.0,1,15,3,09:44,25602.0,hold_exit_above_dvwap,above_dvwap,vwap,5m_hi_confirm_1m_close,8,-29.0,-29.5,0.5,9,34.5,40.25,0,0,0,F3_EXPAND_HOLD_VWAP_T423,25672.5,25581.75,90.75,1.0,0.0,0.0
H26,2026-01-08,SHORT,1m_expand_break,expand_break,F3,0,25871.289,,,,-8.0,-0.241331,25803.0,25692.5,25747.75,110.5,4.23,25335.585,25805.0,25658.5,9,09:38,25688.5,3,10,2,09:39,25688.25,4,39,8,10:08,25671.25,ratchet_stop,,vwap,5m_hi_confirm_1m_close,29,17.0,16.5,0.5,30,119.25,19.75,0,0,0,F3_EXPAND_HOLD_VWAP_T423,25803.0,25692.5,110.5,1.0,0.0,0.0
H26,2026-01-15,SHORT,1m_expand_break,expand_break,F3,0,25986.42,,,,-5.0,-0.511924,25946.25,25881.25,25913.75,65.0,4.23,25671.3,25948.25,25948.25,6,09:35,25881.0,0,7,2,09:36,25881.0,1,14,3,09:43,25902.25,hold_exit_above_dvwap,above_dvwap,vwap,5m_hi_confirm_1m_close,7,-21.25,-21.75,0.5,8,27.5,29.75,0,0,0,F3_EXPAND_HOLD_VWAP_T423,25946.25,25881.25,65.0,1.0,0.0,0.0
H26,2026-01-21,SHORT,1m_expand_break,expand_break,F3,0,25268.364,,,,-6.0,-0.259412,25223.25,25150.25,25186.75,73.0,4.23,24914.46,25225.25,25225.25,11,09:40,25135.0,5,12,3,09:41,25134.75,6,14,3,09:43,25193.75,hold_exit_above_dvwap,above_dvwap,vwap,5m_hi_confirm_1m_close,2,-59.0,-59.5,0.5,3,7.25,69.25,0,0,0,F3_EXPAND_HOLD_VWAP_T423,25223.25,25141.75,81.5,1.1164,2.0,0.0
H26,2026-01-22,SHORT,1m_expand_break,expand_break,F3,0,25773.156,,,,-9.0,-0.333606,25731.75,25664.75,25698.25,67.0,4.23,25448.34,25733.75,25733.75,6,09:35,25651.75,0,7,2,09:36,25652.75,1,8,2,09:37,25676.5,hold_exit_above_dvwap,above_dvwap,vwap,5m_hi_confirm_1m_close,1,-23.75,-24.25,0.5,2,17.0,24.75,0,0,0,F3_EXPAND_HOLD_VWAP_T423,25731.75,25664.75,67.0,1.0,0.0,0.0
H26,2026-01-23,SHORT,1m_expand_break,expand_break,F3,0,25694.0605,,,,-5.0,-0.802518,25652.5,25585.25,25618.875,67.25,4.23,25368.0325,25654.5,25654.5,8,09:37,25570.0,2,9,2,09:38,25571.5,3,12,3,09:41,25616.25,hold_exit_above_dvwap,above_dvwap,vwap,5m_hi_confirm_1m_close,3,-44.75,-45.25,0.5,4,7.5,48.0,0,0,0,F3_EXPAND_HOLD_VWAP_T423,25652.5,25579.75,72.75,1.0818,1.0,0.0
H26,2026-01-27,SHORT,1m_expand_break,expand_break,F3,0,26048.035,,,,-6.0,-0.793903,26012.5,25955.0,25983.75,57.5,4.23,25769.275,26014.5,26014.5,6,09:35,25951.0,0,7,2,09:36,25951.75,1,12,3,09:41,25966.75,hold_exit_above_dvwap,above_dvwap,vwap,5m_hi_confirm_1m_close,5,-15.0,-15.5,0.5,6,34.5,16.25,0,0,0,F3_EXPAND_HOLD_VWAP_T423,26012.5,25955.0,57.5,1.0,0.0,0.0
H26,2026-01-29,SHORT,1m_expand_break,expand_break,F3,0,26231.547,,,,-6.0,-0.65788,26175.0,26083.5,26129.25,91.5,4.23,25787.955,26177.0,25988.25,6,09:35,26062.5,0,7,2,09:36,26064.0,1,32,7,10:01,25787.955,target_4.23,,vwap,5m_hi_confirm_1m_close,25,276.045,275.545,0.5,26,279.5,4.5,1,1,1,F3_EXPAND_HOLD_VWAP_T423,26175.0,26083.5,91.5,1.0,0.0,0.0
H26,2026-02-03,SHORT,1m_expand_break,expand_break,F3,0,26022.393,,,,-5.0,-0.029144,25952.25,25838.75,25895.5,113.5,4.23,25472.145,25954.25,25594.0,12,09:41,25806.0,6,13,3,09:42,25807.0,7,56,12,10:25,25472.145,target_4.23,,vwap,5m_hi_confirm_1m_close,43,334.855,334.355,0.5,44,336.75,8.5,1,1,1,F3_EXPAND_HOLD_VWAP_T423,25952.25,25810.0,142.25,1.2533,3.0,0.0
H26,2026-02-11,SHORT,1m_expand_break,expand_break,F3,0,25526.5865,,,,-6.0,-0.813482,25465.25,25366.0,25415.625,99.25,4.23,25045.4225,25467.25,25416.5,7,09:36,25360.75,1,8,2,09:37,25362.0,2,16,4,09:45,25425.75,ratchet_stop,,vwap,5m_hi_confirm_1m_close,8,-63.75,-64.25,0.5,9,22.75,64.25,0,0,0,F3_EXPAND_HOLD_VWAP_T423,25465.25,25361.75,103.5,1.0428,1.0,0.0
H26,2026-02-26,SHORT,1m_expand_break,expand_break,F3,0,25395.148,,,,-7.0,-0.21623,25342.0,25256.0,25299.0,86.0,4.23,24978.22,25344.0,25178.0,7,09:36,25234.0,1,8,2,09:37,25234.0,2,49,10,10:18,24978.22,target_4.23,,vwap,5m_hi_confirm_1m_close,41,255.78,255.28,0.5,42,269.0,61.75,1,1,1,F3_EXPAND_HOLD_VWAP_T423,25342.0,25256.0,86.0,1.0,0.0,0.0
M26,2026-03-27,SHORT,1m_expand_break,expand_break,F3,0,23730.2805,,,,-7.0,-0.385654,23664.0,23556.75,23610.375,107.25,4.23,23210.3325,23666.0,23666.0,6,09:35,23554.25,0,7,2,09:36,23554.0,1,9,2,09:38,23597.75,hold_exit_above_dvwap,above_dvwap,vwap,5m_hi_confirm_1m_close,2,-43.75,-44.25,0.5,3,22.0,52.25,0,0,0,F3_EXPAND_HOLD_VWAP_T423,23664.0,23556.75,107.25,1.0,0.0,0.0
M26,2026-03-30,SHORT,1m_expand_break,expand_break,F3,0,23588.1535,,,,-6.0,-0.714987,23538.25,23457.5,23497.875,80.75,4.23,23196.6775,23540.25,23340.75,6,09:35,23443.75,0,7,2,09:36,23444.25,1,42,9,10:11,23355.25,ratchet_stop,,vwap,5m_hi_confirm_1m_close,35,89.0,88.5,0.5,36,151.5,5.0,1,0,0,F3_EXPAND_HOLD_VWAP_T423,23538.25,23457.5,80.75,1.0,0.0,0.0
M26,2026-04-07,SHORT,1m_expand_break,expand_break,F3,0,24375.98,,,,-7.0,-0.380328,24308.0,24198.0,24253.0,110.0,4.23,23842.7,24310.0,24044.0,18,09:47,24159.75,12,19,4,09:48,24160.75,13,51,11,10:20,24067.25,ratchet_stop,,vwap,5m_hi_confirm_1m_close,32,93.5,93.0,0.5,33,166.75,47.0,1,0,0,F3_EXPAND_HOLD_VWAP_T423,24308.0,24177.0,131.0,1.1909,3.0,0.0
M26,2026-04-09,SHORT,1m_expand_break,expand_break,F3,0,25155.721,,,,-7.0,-0.667477,25103.5,25019.0,25061.25,84.5,4.23,24746.065,25105.5,24989.25,46,10:15,24996.0,40,47,10,10:16,24995.75,41,74,15,10:43,24990.5,ratchet_stop,,vwap,5m_hi_confirm_1m_close,27,5.25,4.75,0.5,28,35.25,12.25,0,0,0,F3_EXPAND_HOLD_VWAP_T423,25111.5,25001.0,110.5,1.3077,7.0,0.0
M26,2026-04-27,SHORT,1m_expand_break,expand_break,F3,0,27479.9595,,,,-7.0,-0.497537,27435.0,27362.25,27398.625,72.75,4.23,27127.2675,27437.0,27401.0,18,09:47,27345.75,12,19,4,09:48,27346.25,13,25,5,09:54,27378.75,hold_exit_above_dvwap,above_dvwap,vwap,5m_hi_confirm_1m_close,6,-32.5,-33.0,0.5,7,47.75,35.75,0,0,0,F3_EXPAND_HOLD_VWAP_T423,27435.0,27350.0,85.0,1.1684,3.0,0.0
M26,2026-04-30,SHORT,1m_expand_break,expand_break,F3,0,27584.3545,,,,-8.0,-0.401337,27491.5,27341.25,27416.375,150.25,4.23,26855.9425,27493.5,27373.0,6,09:35,27332.5,0,7,2,09:36,27333.5,1,16,4,09:45,27359.75,hold_exit_above_dvwap,above_dvwap,vwap,5m_hi_confirm_1m_close,9,-26.25,-26.75,0.5,10,62.5,39.5,0,0,0,F3_EXPAND_HOLD_VWAP_T423,27491.5,27341.25,150.25,1.0,0.0,0.0
M26,2026-05-18,SHORT,1m_expand_break,expand_break,F3,0,29405.69,,,,-5.0,-0.532795,29356.25,29276.25,29316.25,80.0,4.23,29017.85,29358.25,29282.75,7,09:36,29258.25,1,8,2,09:37,29257.75,2,25,5,09:54,29272.5,hold_exit_above_dvwap,above_dvwap,vwap,5m_hi_confirm_1m_close,17,-14.75,-15.25,0.5,18,122.75,29.25,1,0,0,F3_EXPAND_HOLD_VWAP_T423,29356.25,29271.25,85.0,1.0625,1.0,0.0
M26,2026-05-26,SHORT,1m_expand_break,expand_break,F3,0,29992.474,,,,-7.0,-0.72972,29935.0,29842.0,29888.5,93.0,4.23,29541.61,29937.0,29937.0,6,09:35,29840.5,0,7,2,09:36,29840.75,1,12,3,09:41,29903.5,hold_exit_above_dvwap,above_dvwap,vwap,5m_hi_confirm_1m_close,5,-62.75,-63.25,0.5,6,6.25,69.25,0,0,0,F3_EXPAND_HOLD_VWAP_T423,29935.0,29842.0,93.0,1.0,0.0,0.0
M26,2026-05-27,SHORT,1m_expand_break,expand_break,F3,0,30232.9425,,,,-6.0,-0.012362,30192.0,30125.75,30158.875,66.25,4.23,29911.7625,30194.0,30068.75,6,09:35,30116.0,0,7,2,09:36,30116.5,1,23,5,09:52,30066.5,hold_exit_above_dvwap,above_dvwap,vwap,5m_hi_confirm_1m_close,16,50.0,49.5,0.5,17,179.5,14.75,1,1,0,F3_EXPAND_HOLD_VWAP_T423,30192.0,30125.75,66.25,1.0,0.0,0.0
M26,2026-05-29,SHORT,1m_expand_break,expand_break,F3,0,30463.8525,,,,-5.0,-0.897001,30426.0,30364.75,30395.375,61.25,4.23,30166.9125,30428.0,30428.0,57,10:26,30350.25,51,58,12,10:27,30349.0,52,65,13,10:34,30437.0,init_stop,,vwap,5m_hi_confirm_1m_close,7,-88.0,-88.5,0.5,8,1.0,88.5,0,0,0,F3_EXPAND_HOLD_VWAP_T423,30443.0,30364.75,78.25,1.2776,4.0,41.0
M26,2026-06-02,SHORT,1m_expand_break,expand_break,F3,0,30630.0135,,,,-8.0,-0.277285,30567.75,30467.0,30517.375,100.75,4.23,30141.5775,30569.75,30569.75,6,09:35,30456.0,0,7,2,09:36,30457.25,1,14,3,09:43,30485.0,hold_exit_above_dvwap,above_dvwap,vwap,5m_hi_confirm_1m_close,7,-27.75,-28.25,0.5,8,33.5,30.0,0,0,0,F3_EXPAND_HOLD_VWAP_T423,30567.75,30467.0,100.75,1.0,0.0,0.0
M26,2026-06-03,SHORT,1m_expand_break,expand_break,F3,0,30865.6875,,,,-6.0,-0.980843,30807.75,30714.0,30760.875,93.75,4.23,30411.1875,30809.75,30625.0,6,09:35,30680.0,0,7,2,09:36,30680.5,1,33,7,10:02,30631.25,ratchet_stop,,vwap,5m_hi_confirm_1m_close,26,49.25,48.75,0.5,27,184.5,57.0,1,0,0,F3_EXPAND_HOLD_VWAP_T423,30807.75,30714.0,93.75,1.0,0.0,0.0
M26,2026-06-08,SHORT,1m_expand_break,expand_break,F3,0,29690.296,,,,-7.0,-0.860368,29584.0,29412.0,29498.0,172.0,4.23,28856.44,29586.0,29432.0,28,09:57,29379.25,22,29,6,09:58,29378.5,23,42,9,10:11,29459.75,ratchet_stop,,vwap,5m_hi_confirm_1m_close,13,-81.25,-81.75,0.5,14,47.0,89.0,0,0,0,F3_EXPAND_HOLD_VWAP_T423,29584.0,29397.5,186.5,1.0843,1.0,0.0
M26,2026-06-09,SHORT,1m_expand_break,expand_break,F3,0,29818.9155,,,,-7.0,-0.227781,29748.0,29633.25,29690.625,114.75,4.23,29262.6075,29750.0,29464.0,41,10:10,29566.0,35,42,9,10:11,29565.0,36,71,15,10:40,29465.25,ratchet_stop,,vwap,5m_hi_confirm_1m_close,29,99.75,99.25,0.5,30,200.0,13.5,1,1,0,F3_EXPAND_HOLD_VWAP_T423,29783.75,29624.0,159.75,1.3922,3.0,11.0
M26,2026-06-10,SHORT,1m_expand_break,expand_break,F3,0,29061.5545,,,,-7.0,-0.943786,28953.25,28778.0,28865.625,175.25,4.23,28211.9425,28955.25,28840.75,103,11:12,28751.75,97,104,21,11:13,28753.0,98,114,23,11:23,28842.0,ratchet_stop,,vwap,5m_hi_confirm_1m_close,10,-89.0,-89.5,0.5,11,89.5,94.25,0,0,0,F3_EXPAND_HOLD_VWAP_T423,29047.5,28761.75,285.75,1.6305,4.0,76.0
M26,2026-06-11,SHORT,1m_expand_break,expand_break,F3,0,28857.4745,,,,-7.0,-0.358151,28786.25,28671.0,28728.625,115.25,4.23,28298.7425,28788.25,28699.25,89,10:58,28630.0,83,90,18,10:59,28625.0,84,101,21,11:10,28743.5,ratchet_stop,,vwap,5m_hi_confirm_1m_close,11,-118.5,-119.0,0.5,12,47.5,135.5,0,0,0,F3_EXPAND_HOLD_VWAP_T423,28940.0,28650.75,289.25,2.5098,6.0,35.0
U26,2026-06-18,SHORT,1m_expand_break,expand_break,F3,0,30697.8485,,,,-8.0,-0.802222,30615.5,30482.25,30548.875,133.25,4.23,30051.8525,30617.5,30503.5,6,09:35,30469.0,0,7,2,09:36,30468.75,1,20,4,09:49,30497.0,hold_exit_above_dvwap,above_dvwap,vwap,5m_hi_confirm_1m_close,13,-28.25,-28.75,0.5,14,77.75,33.5,0,0,0,F3_EXPAND_HOLD_VWAP_T423,30615.5,30482.25,133.25,1.0,0.0,0.0
U26,2026-06-25,SHORT,1m_expand_break,expand_break,F3,0,30287.554,,,,-7.0,-0.333068,30193.0,30040.0,30116.5,153.0,4.23,29545.81,30195.0,30090.5,8,09:37,30029.75,2,9,2,09:38,30029.5,3,19,4,09:48,29545.81,target_4.23,,vwap,5m_hi_confirm_1m_close,10,483.69,483.19,0.5,11,499.25,6.25,1,1,1,F3_EXPAND_HOLD_VWAP_T423,30193.0,30040.0,153.0,1.0,0.0,0.0
U26,2026-07-01,SHORT,1m_expand_break,expand_break,F3,0,30355.9445,,,,-8.0,-0.690181,30260.0,30104.75,30182.375,155.25,4.23,29603.2925,30262.0,30262.0,6,09:35,30102.5,0,7,2,09:36,30102.5,1,12,3,09:41,30161.5,hold_exit_above_dvwap,above_dvwap,vwap,5m_hi_confirm_1m_close,5,-59.0,-59.5,0.5,6,8.0,81.75,0,0,0,F3_EXPAND_HOLD_VWAP_T423,30260.0,30104.75,155.25,1.0,0.0,0.0
U26,2026-07-07,SHORT,1m_expand_break,expand_break,F3,0,29791.119,,,,-7.0,-0.793934,29685.75,29515.25,29600.5,170.5,4.23,28964.535,29687.75,29687.75,9,09:38,29502.75,3,10,2,09:39,29501.5,4,11,3,09:40,29586.5,hold_exit_above_dvwap,above_dvwap,vwap,5m_hi_confirm_1m_close,1,-85.0,-85.5,0.5,2,6.75,85.75,0,0,0,F3_EXPAND_HOLD_VWAP_T423,29685.75,29503.75,182.0,1.0674,1.0,0.0
U26,2026-07-13,SHORT,1m_expand_break,expand_break,F3,0,29802.449,,,,-7.0,-0.493283,29737.25,29631.75,29684.5,105.5,4.23,29290.985,29739.25,29600.75,8,09:37,29619.75,2,9,2,09:38,29620.25,3,29,6,09:58,29607.25,ratchet_stop,,vwap,5m_hi_confirm_1m_close,20,13.0,12.5,0.5,21,102.25,46.5,0,0,0,F3_EXPAND_HOLD_VWAP_T423,29737.25,29626.25,111.0,1.0521,1.0,0.0
U26,2026-07-14,SHORT,1m_expand_break,expand_break,F3,0,29893.618,,,,-8.0,-0.274942,29815.75,29689.75,29752.75,126.0,4.23,29282.77,29817.75,29690.5,36,10:05,29670.0,30,37,8,10:06,29669.75,31,53,11,10:22,29708.5,ratchet_stop,,vwap,5m_hi_confirm_1m_close,16,-38.75,-39.25,0.5,17,102.25,45.25,0,0,0,F3_EXPAND_HOLD_VWAP_T423,29815.75,29685.0,130.75,1.0377,1.0,0.0
U26,2026-07-16,SHORT,1m_expand_break,expand_break,F3,0,29595.1905,,,,-6.0,-0.94826,29532.0,29429.75,29480.875,102.25,4.23,29099.4825,29534.0,29342.75,6,09:35,29417.25,0,7,2,09:36,29418.75,1,30,6,09:59,29347.5,ratchet_stop,,vwap,5m_hi_confirm_1m_close,23,71.25,70.75,0.5,24,163.25,52.25,1,0,0,F3_EXPAND_HOLD_VWAP_T423,29532.0,29429.75,102.25,1.0,0.0,0.0
U26,2026-07-17,SHORT,1m_expand_break,expand_break,F3,0,28776.3825,,,,-6.0,-0.82075,28686.0,28539.75,28612.875,146.25,4.23,28067.3625,28688.0,28512.0,7,09:36,28523.25,1,8,2,09:37,28523.75,2,21,5,09:50,28520.75,ratchet_stop,,vwap,5m_hi_confirm_1m_close,13,3.0,2.5,0.5,14,115.5,14.25,0,0,0,F3_EXPAND_HOLD_VWAP_T423,28686.0,28530.75,155.25,1.0615,1.0,0.0
U26,2026-07-21,SHORT,1m_expand_break,expand_break,F3,0,29316.2385,,,,-7.0,-0.461546,29246.25,29133.0,29189.625,113.25,4.23,28767.2025,29248.25,29153.5,17,09:46,29114.75,11,18,4,09:47,29114.5,12,31,7,10:00,29170.0,ratchet_stop,,vwap,5m_hi_confirm_1m_close,13,-55.5,-56.0,0.5,14,22.0,74.0,0,0,0,F3_EXPAND_HOLD_VWAP_T423,29246.25,29126.0,120.25,1.0618,2.0,0.0
U26,2026-07-28,SHORT,1m_expand_break,expand_break,F3,0,28066.6235,,,,-5.0,-0.525227,27992.0,27871.25,27931.625,120.75,4.23,27481.2275,27994.0,27720.5,7,09:36,27860.5,1,8,2,09:37,27861.0,2,36,8,10:05,27766.25,ratchet_stop,,vwap,5m_hi_confirm_1m_close,28,94.75,94.25,0.5,29,219.25,17.5,1,0,0,F3_EXPAND_HOLD_VWAP_T423,27992.0,27871.25,120.75,1.0,0.0,0.0
U26,2026-08-11,SHORT,1m_expand_break,expand_break,F3,0,29914.188,,,,-8.0,-0.335205,29842.5,29726.5,29784.5,116.0,4.23,29351.82,29844.5,29844.5,6,09:35,29698.25,0,7,2,09:36,29697.25,1,12,3,09:41,29744.25,hold_exit_above_dvwap,above_dvwap,vwap,5m_hi_confirm_1m_close,5,-47.0,-47.5,0.5,6,18.25,58.5,0,0,0,F3_EXPAND_HOLD_VWAP_T423,29842.5,29726.5,116.0,1.0,0.0,0.0
U26,2026-08-12,SHORT,1m_expand_break,expand_break,F3,0,30078.382,,,,-8.0,-0.443299,30001.75,29877.75,29939.75,124.0,4.23,29477.23,30003.75,29842.5,124,11:33,29826.0,118,125,25,11:34,29825.5,119,143,29,11:52,29847.75,ratchet_stop,,vwap,5m_hi_confirm_1m_close,18,-22.25,-22.75,0.5,19,7.0,32.75,0,0,0,F3_EXPAND_HOLD_VWAP_T423,30001.75,29828.25,173.5,1.3992,5.0,0.0
U26,2026-08-14,SHORT,1m_expand_break,expand_break,F3,0,30308.8975,,,,-5.0,-0.843128,30269.5,30205.75,30237.625,63.75,4.23,29999.8375,30271.5,30271.5,6,09:35,30199.75,0,7,2,09:36,30200.5,1,13,3,09:42,30238.0,hold_exit_above_dvwap,above_dvwap,vwap,5m_hi_confirm_1m_close,6,-37.5,-38.0,0.5,7,30.75,39.75,0,0,0,F3_EXPAND_HOLD_VWAP_T423,30269.5,30205.75,63.75,1.0,0.0,0.0
U26,2026-08-17,SHORT,1m_expand_break,expand_break,F3,0,30312.35,,,,-5.0,-0.817748,30266.0,30191.0,30228.5,75.0,4.23,29948.75,30268.0,30113.5,223,13:12,30149.0,217,224,45,13:13,30149.25,218,252,51,13:41,30114.0,ratchet_stop,,vwap,5m_hi_confirm_1m_close,28,35.25,34.75,0.5,29,62.75,1.25,0,0,0,F3_EXPAND_HOLD_VWAP_T423,30278.0,30152.25,125.75,1.6767,10.0,6.0
U26,2026-08-19,SHORT,1m_expand_break,expand_break,F3,0,29800.9965,,,,-5.0,-0.435983,29742.75,29648.5,29695.625,94.25,4.23,29344.0725,29744.75,29462.0,7,09:36,29626.5,1,8,2,09:37,29627.25,2,60,12,10:29,29482.5,ratchet_stop,,vwap,5m_hi_confirm_1m_close,52,144.75,144.25,0.5,53,251.5,23.0,1,1,0,F3_EXPAND_HOLD_VWAP_T423,29742.75,29648.5,94.25,1.0,0.0,0.0
U26,2026-08-21,SHORT,1m_expand_break,expand_break,F3,0,29549.0785,,,,-8.0,-0.72187,29476.0,29357.75,29416.875,118.25,4.23,28975.8025,29478.0,29320.25,14,09:43,29314.5,8,15,3,09:44,29314.5,9,36,8,10:05,29320.75,ratchet_stop,,vwap,5m_hi_confirm_1m_close,21,-6.25,-6.75,0.5,22,58.75,44.75,0,0,0,F3_EXPAND_HOLD_VWAP_T423,29476.0,29319.0,157.0,1.3277,3.0,0.0
H26,2025-12-17,SHORT,1m_expand_break,expand_break,F3,0,25481.431,,,,-8.0,-0.564224,25447.75,25393.25,25420.5,54.5,2.618,25305.069,25449.75,25449.75,6,09:35,25379.25,0,7,2,09:36,25379.0,1,12,3,09:41,25305.069,target_2.618,,none,5m_hi_confirm_1m_close,0,73.931,73.431,0.5,6,74.0,1.75,1,0,0,F3_EXPAND_RATCHET_HI_T2618,25447.75,25393.25,54.5,1.0,0.0,0.0
H26,2025-12-18,SHORT,1m_expand_break,expand_break,F3,0,25374.7685,,,,-6.0,-0.772303,25329.5,25256.25,25292.875,73.25,2.618,25137.7315,25331.5,25227.5,6,09:35,25242.25,0,7,2,09:36,25241.75,1,23,5,09:52,25237.0,ratchet_stop,,none,5m_hi_confirm_1m_close,0,4.75,4.25,0.5,17,80.5,25.5,0,0,0,F3_EXPAND_RATCHET_HI_T2618,25329.5,25256.25,73.25,1.0,0.0,0.0
H26,2025-12-22,SHORT,1m_expand_break,expand_break,F3,0,25856.859,,,,-7.0,-0.506942,25794.75,25694.25,25744.5,100.5,2.618,25531.641,25796.75,25674.5,66,10:35,25660.25,60,67,14,10:36,25660.5,61,76,16,10:45,25676.25,ratchet_stop,,none,5m_hi_confirm_1m_close,0,-15.75,-16.25,0.5,10,32.5,20.5,0,0,0,F3_EXPAND_RATCHET_HI_T2618,25794.75,25668.0,126.75,1.2612,3.0,0.0
H26,2026-01-05,SHORT,1m_expand_break,expand_break,F3,0,25728.5835,,,,-7.0,-0.844601,25672.5,25581.75,25627.125,90.75,2.618,25434.9165,25674.5,25607.5,6,09:35,25573.25,0,7,2,09:36,25573.0,1,16,4,09:45,25624.25,ratchet_stop,,none,5m_hi_confirm_1m_close,0,-51.25,-51.75,0.5,10,34.5,57.75,0,0,0,F3_EXPAND_RATCHET_HI_T2618,25672.5,25581.75,90.75,1.0,0.0,0.0
H26,2026-01-08,SHORT,1m_expand_break,expand_break,F3,0,25871.289,,,,-8.0,-0.241331,25803.0,25692.5,25747.75,110.5,2.618,25513.711,25805.0,25658.5,9,09:38,25688.5,3,10,2,09:39,25688.25,4,39,8,10:08,25671.25,ratchet_stop,,none,5m_hi_confirm_1m_close,0,17.0,16.5,0.5,30,119.25,19.75,0,0,0,F3_EXPAND_RATCHET_HI_T2618,25803.0,25692.5,110.5,1.0,0.0,0.0
H26,2026-01-15,SHORT,1m_expand_break,expand_break,F3,0,25986.42,,,,-5.0,-0.511924,25946.25,25881.25,25913.75,65.0,2.618,25776.08,25948.25,25895.75,6,09:35,25881.0,0,7,2,09:36,25881.0,1,16,4,09:45,25906.5,ratchet_stop,,none,5m_hi_confirm_1m_close,0,-25.5,-26.0,0.5,10,27.5,71.75,0,0,0,F3_EXPAND_RATCHET_HI_T2618,25946.25,25881.25,65.0,1.0,0.0,0.0
H26,2026-01-21,SHORT,1m_expand_break,expand_break,F3,0,25268.364,,,,-6.0,-0.259412,25223.25,25150.25,25186.75,73.0,2.618,25032.136,25225.25,25219.75,11,09:40,25135.0,5,12,3,09:41,25134.75,6,18,4,09:47,25234.75,ratchet_stop,,none,5m_hi_confirm_1m_close,0,-100.0,-100.5,0.5,7,7.25,103.25,0,0,0,F3_EXPAND_RATCHET_HI_T2618,25223.25,25141.75,81.5,1.1164,2.0,0.0
H26,2026-01-22,SHORT,1m_expand_break,expand_break,F3,0,25773.156,,,,-9.0,-0.333606,25731.75,25664.75,25698.25,67.0,2.618,25556.344,25733.75,25695.0,6,09:35,25651.75,0,7,2,09:36,25652.75,1,20,4,09:49,25556.344,target_2.618,,none,5m_hi_confirm_1m_close,0,96.406,95.906,0.5,14,96.75,42.25,1,0,0,F3_EXPAND_RATCHET_HI_T2618,25731.75,25664.75,67.0,1.0,0.0,0.0
H26,2026-01-23,SHORT,1m_expand_break,expand_break,F3,0,25694.0605,,,,-5.0,-0.802518,25652.5,25585.25,25618.875,67.25,2.618,25476.4395,25654.5,25623.5,8,09:37,25570.0,2,9,2,09:38,25571.5,3,16,4,09:45,25626.75,ratchet_stop,,none,5m_hi_confirm_1m_close,0,-55.25,-55.75,0.5,8,7.5,68.5,0,0,0,F3_EXPAND_RATCHET_HI_T2618,25652.5,25579.75,72.75,1.0818,1.0,0.0
H26,2026-01-27,SHORT,1m_expand_break,expand_break,F3,0,26048.035,,,,-6.0,-0.793903,26012.5,25955.0,25983.75,57.5,2.618,25861.965,26014.5,25972.25,6,09:35,25951.0,0,7,2,09:36,25951.75,1,16,4,09:45,25974.0,ratchet_stop,,none,5m_hi_confirm_1m_close,0,-22.25,-22.75,0.5,10,34.5,32.0,0,0,0,F3_EXPAND_RATCHET_HI_T2618,26012.5,25955.0,57.5,1.0,0.0,0.0
H26,2026-01-29,SHORT,1m_expand_break,expand_break,F3,0,26231.547,,,,-6.0,-0.65788,26175.0,26083.5,26129.25,91.5,2.618,25935.453,26177.0,26100.75,6,09:35,26062.5,0,7,2,09:36,26064.0,1,16,4,09:45,25935.453,target_2.618,,none,5m_hi_confirm_1m_close,0,128.547,128.047,0.5,10,138.5,4.5,1,0,0,F3_EXPAND_RATCHET_HI_T2618,26175.0,26083.5,91.5,1.0,0.0,0.0
H26,2026-02-03,SHORT,1m_expand_break,expand_break,F3,0,26022.393,,,,-5.0,-0.029144,25952.25,25838.75,25895.5,113.5,2.618,25655.107,25954.25,25811.75,12,09:41,25806.0,6,13,3,09:42,25807.0,7,28,6,09:57,25655.107,target_2.618,,none,5m_hi_confirm_1m_close,0,151.893,151.393,0.5,16,154.25,8.5,1,0,0,F3_EXPAND_RATCHET_HI_T2618,25952.25,25810.0,142.25,1.2533,3.0,0.0
H26,2026-02-11,SHORT,1m_expand_break,expand_break,F3,0,25526.5865,,,,-6.0,-0.813482,25465.25,25366.0,25415.625,99.25,2.618,25205.4135,25467.25,25416.5,7,09:36,25360.75,1,8,2,09:37,25362.0,2,16,4,09:45,25425.75,ratchet_stop,,none,5m_hi_confirm_1m_close,0,-63.75,-64.25,0.5,9,22.75,64.25,0,0,0,F3_EXPAND_RATCHET_HI_T2618,25465.25,25361.75,103.5,1.0428,1.0,0.0
H26,2026-02-26,SHORT,1m_expand_break,expand_break,F3,0,25395.148,,,,-7.0,-0.21623,25342.0,25256.0,25299.0,86.0,2.618,25116.852,25344.0,25210.75,7,09:36,25234.0,1,8,2,09:37,25234.0,2,43,9,10:12,25116.852,target_2.618,,none,5m_hi_confirm_1m_close,0,117.148,116.648,0.5,36,146.75,61.75,1,0,0,F3_EXPAND_RATCHET_HI_T2618,25342.0,25256.0,86.0,1.0,0.0,0.0
M26,2026-03-27,SHORT,1m_expand_break,expand_break,F3,0,23730.2805,,,,-7.0,-0.385654,23664.0,23556.75,23610.375,107.25,2.618,23383.2195,23666.0,23613.0,6,09:35,23554.25,0,7,2,09:36,23554.0,1,16,4,09:45,23619.5,ratchet_stop,,none,5m_hi_confirm_1m_close,0,-65.5,-66.0,0.5,10,22.0,76.0,0,0,0,F3_EXPAND_RATCHET_HI_T2618,23664.0,23556.75,107.25,1.0,0.0,0.0
M26,2026-03-30,SHORT,1m_expand_break,expand_break,F3,0,23588.1535,,,,-6.0,-0.714987,23538.25,23457.5,23497.875,80.75,2.618,23326.8465,23540.25,23405.0,6,09:35,23443.75,0,7,2,09:36,23444.25,1,26,6,09:55,23326.8465,target_2.618,,none,5m_hi_confirm_1m_close,0,117.4035,116.9035,0.5,20,121.25,5.0,1,0,0,F3_EXPAND_RATCHET_HI_T2618,23538.25,23457.5,80.75,1.0,0.0,0.0
M26,2026-04-07,SHORT,1m_expand_break,expand_break,F3,0,24375.98,,,,-7.0,-0.380328,24308.0,24198.0,24253.0,110.0,2.618,24020.02,24310.0,24203.75,18,09:47,24159.75,12,19,4,09:48,24160.75,13,37,8,10:06,24020.02,target_2.618,,none,5m_hi_confirm_1m_close,0,140.73,140.23,0.5,19,148.75,47.0,1,0,0,F3_EXPAND_RATCHET_HI_T2618,24308.0,24177.0,131.0,1.1909,3.0,0.0
M26,2026-04-09,SHORT,1m_expand_break,expand_break,F3,0,25155.721,,,,-7.0,-0.667477,25103.5,25019.0,25061.25,84.5,2.618,24882.279,25105.5,24989.25,46,10:15,24996.0,40,47,10,10:16,24995.75,41,74,15,10:43,24990.5,ratchet_stop,,none,5m_hi_confirm_1m_close,0,5.25,4.75,0.5,28,35.25,12.25,0,0,0,F3_EXPAND_RATCHET_HI_T2618,25111.5,25001.0,110.5,1.3077,7.0,0.0
M26,2026-04-27,SHORT,1m_expand_break,expand_break,F3,0,27479.9595,,,,-7.0,-0.497537,27435.0,27362.25,27398.625,72.75,2.618,27244.5405,27437.0,27388.25,18,09:47,27345.75,12,19,4,09:48,27346.25,13,28,6,09:57,27394.25,ratchet_stop,,none,5m_hi_confirm_1m_close,0,-48.0,-48.5,0.5,10,47.75,52.5,0,0,0,F3_EXPAND_RATCHET_HI_T2618,27435.0,27350.0,85.0,1.1684,3.0,0.0
M26,2026-04-30,SHORT,1m_expand_break,expand_break,F3,0,27584.3545,,,,-8.0,-0.401337,27491.5,27341.25,27416.375,150.25,2.618,27098.1455,27493.5,27265.25,6,09:35,27332.5,0,7,2,09:36,27333.5,1,36,8,10:05,27277.0,ratchet_stop,,none,5m_hi_confirm_1m_close,0,56.5,56.0,0.5,30,130.5,39.5,0,0,0,F3_EXPAND_RATCHET_HI_T2618,27491.5,27341.25,150.25,1.0,0.0,0.0
M26,2026-05-18,SHORT,1m_expand_break,expand_break,F3,0,29405.69,,,,-5.0,-0.532795,29356.25,29276.25,29316.25,80.0,2.618,29146.81,29358.25,29301.75,7,09:36,29258.25,1,8,2,09:37,29257.75,2,16,4,09:45,29146.81,target_2.618,,none,5m_hi_confirm_1m_close,0,110.94,110.44,0.5,9,117.75,29.25,1,0,0,F3_EXPAND_RATCHET_HI_T2618,29356.25,29271.25,85.0,1.0625,1.0,0.0
M26,2026-05-26,SHORT,1m_expand_break,expand_break,F3,0,29992.474,,,,-7.0,-0.72972,29935.0,29842.0,29888.5,93.0,2.618,29691.526,29937.0,29864.75,6,09:35,29840.5,0,7,2,09:36,29840.75,1,16,4,09:45,29962.25,ratchet_stop,,none,5m_hi_confirm_1m_close,0,-121.5,-122.0,0.5,10,6.25,122.5,0,0,0,F3_EXPAND_RATCHET_HI_T2618,29935.0,29842.0,93.0,1.0,0.0,0.0
M26,2026-05-27,SHORT,1m_expand_break,expand_break,F3,0,30232.9425,,,,-6.0,-0.012362,30192.0,30125.75,30158.875,66.25,2.618,30018.5575,30194.0,30194.0,6,09:35,30116.0,0,7,2,09:36,30116.5,1,14,3,09:43,30018.5575,target_2.618,,none,5m_hi_confirm_1m_close,0,97.9425,97.4425,0.5,8,132.0,14.75,1,0,0,F3_EXPAND_RATCHET_HI_T2618,30192.0,30125.75,66.25,1.0,0.0,0.0
M26,2026-05-29,SHORT,1m_expand_break,expand_break,F3,0,30463.8525,,,,-5.0,-0.897001,30426.0,30364.75,30395.375,61.25,2.618,30265.6475,30428.0,30428.0,57,10:26,30350.25,51,58,12,10:27,30349.0,52,65,13,10:34,30437.0,init_stop,,none,5m_hi_confirm_1m_close,0,-88.0,-88.5,0.5,8,1.0,88.5,0,0,0,F3_EXPAND_RATCHET_HI_T2618,30443.0,30364.75,78.25,1.2776,4.0,41.0
M26,2026-06-02,SHORT,1m_expand_break,expand_break,F3,0,30630.0135,,,,-8.0,-0.277285,30567.75,30467.0,30517.375,100.75,2.618,30303.9865,30569.75,30489.25,6,09:35,30456.0,0,7,2,09:36,30457.25,1,16,4,09:45,30507.75,ratchet_stop,,none,5m_hi_confirm_1m_close,0,-50.5,-51.0,0.5,10,33.5,64.75,0,0,0,F3_EXPAND_RATCHET_HI_T2618,30567.75,30467.0,100.75,1.0,0.0,0.0
M26,2026-06-03,SHORT,1m_expand_break,expand_break,F3,0,30865.6875,,,,-6.0,-0.980843,30807.75,30714.0,30760.875,93.75,2.618,30562.3125,30809.75,30737.5,6,09:35,30680.0,0,7,2,09:36,30680.5,1,18,4,09:47,30562.3125,target_2.618,,none,5m_hi_confirm_1m_close,0,118.1875,117.6875,0.5,12,137.0,57.0,1,0,0,F3_EXPAND_RATCHET_HI_T2618,30807.75,30714.0,93.75,1.0,0.0,0.0
M26,2026-06-08,SHORT,1m_expand_break,expand_break,F3,0,29690.296,,,,-7.0,-0.860368,29584.0,29412.0,29498.0,172.0,2.618,29133.704,29586.0,29432.0,28,09:57,29379.25,22,29,6,09:58,29378.5,23,42,9,10:11,29459.75,ratchet_stop,,none,5m_hi_confirm_1m_close,0,-81.25,-81.75,0.5,14,47.0,89.0,0,0,0,F3_EXPAND_RATCHET_HI_T2618,29584.0,29397.5,186.5,1.0843,1.0,0.0
M26,2026-06-09,SHORT,1m_expand_break,expand_break,F3,0,29818.9155,,,,-7.0,-0.227781,29748.0,29633.25,29690.625,114.75,2.618,29447.5845,29750.0,29702.5,41,10:10,29566.0,35,42,9,10:11,29565.0,36,47,10,10:16,29447.5845,target_2.618,,none,5m_hi_confirm_1m_close,0,117.4155,116.9155,0.5,6,121.0,13.5,1,0,0,F3_EXPAND_RATCHET_HI_T2618,29783.75,29624.0,159.75,1.3922,3.0,11.0
M26,2026-06-10,SHORT,1m_expand_break,expand_break,F3,0,29061.5545,,,,-7.0,-0.943786,28953.25,28778.0,28865.625,175.25,2.618,28494.4455,28955.25,28840.75,103,11:12,28751.75,97,104,21,11:13,28753.0,98,114,23,11:23,28842.0,ratchet_stop,,none,5m_hi_confirm_1m_close,0,-89.0,-89.5,0.5,11,89.5,94.25,0,0,0,F3_EXPAND_RATCHET_HI_T2618,29047.5,28761.75,285.75,1.6305,4.0,76.0
M26,2026-06-11,SHORT,1m_expand_break,expand_break,F3,0,28857.4745,,,,-7.0,-0.358151,28786.25,28671.0,28728.625,115.25,2.618,28484.5255,28788.25,28699.25,89,10:58,28630.0,83,90,18,10:59,28625.0,84,101,21,11:10,28743.5,ratchet_stop,,none,5m_hi_confirm_1m_close,0,-118.5,-119.0,0.5,12,47.5,135.5,0,0,0,F3_EXPAND_RATCHET_HI_T2618,28940.0,28650.75,289.25,2.5098,6.0,35.0
U26,2026-06-18,SHORT,1m_expand_break,expand_break,F3,0,30697.8485,,,,-8.0,-0.802222,30615.5,30482.25,30548.875,133.25,2.618,30266.6515,30617.5,30483.5,6,09:35,30469.0,0,7,2,09:36,30468.75,1,21,5,09:50,30492.0,ratchet_stop,,none,5m_hi_confirm_1m_close,0,-23.25,-23.75,0.5,15,77.75,41.25,0,0,0,F3_EXPAND_RATCHET_HI_T2618,30615.5,30482.25,133.25,1.0,0.0,0.0
U26,2026-06-25,SHORT,1m_expand_break,expand_break,F3,0,30287.554,,,,-7.0,-0.333068,30193.0,30040.0,30116.5,153.0,2.618,29792.446,30195.0,30195.0,8,09:37,30029.75,2,9,2,09:38,30029.5,3,14,3,09:43,29792.446,target_2.618,,none,5m_hi_confirm_1m_close,0,237.054,236.554,0.5,6,271.25,6.25,1,0,0,F3_EXPAND_RATCHET_HI_T2618,30193.0,30040.0,153.0,1.0,0.0,0.0
U26,2026-07-01,SHORT,1m_expand_break,expand_break,F3,0,30355.9445,,,,-8.0,-0.690181,30260.0,30104.75,30182.375,155.25,2.618,29853.5555,30262.0,30162.5,6,09:35,30102.5,0,7,2,09:36,30102.5,1,17,4,09:46,30197.5,ratchet_stop,,none,5m_hi_confirm_1m_close,0,-95.0,-95.5,0.5,11,8.0,104.75,0,0,0,F3_EXPAND_RATCHET_HI_T2618,30260.0,30104.75,155.25,1.0,0.0,0.0
U26,2026-07-07,SHORT,1m_expand_break,expand_break,F3,0,29791.119,,,,-7.0,-0.793934,29685.75,29515.25,29600.5,170.5,2.618,29239.381,29687.75,29313.0,9,09:38,29502.75,3,10,2,09:39,29501.5,4,72,15,10:41,29239.381,target_2.618,,none,5m_hi_confirm_1m_close,0,262.119,261.619,0.5,63,275.25,105.5,1,0,0,F3_EXPAND_RATCHET_HI_T2618,29685.75,29503.75,182.0,1.0674,1.0,0.0
U26,2026-07-13,SHORT,1m_expand_break,expand_break,F3,0,29802.449,,,,-7.0,-0.493283,29737.25,29631.75,29684.5,105.5,2.618,29461.051,29739.25,29600.75,8,09:37,29619.75,2,9,2,09:38,29620.25,3,29,6,09:58,29607.25,ratchet_stop,,none,5m_hi_confirm_1m_close,0,13.0,12.5,0.5,21,102.25,46.5,0,0,0,F3_EXPAND_RATCHET_HI_T2618,29737.25,29626.25,111.0,1.0521,1.0,0.0
U26,2026-07-14,SHORT,1m_expand_break,expand_break,F3,0,29893.618,,,,-8.0,-0.274942,29815.75,29689.75,29752.75,126.0,2.618,29485.882,29817.75,29690.5,36,10:05,29670.0,30,37,8,10:06,29669.75,31,53,11,10:22,29708.5,ratchet_stop,,none,5m_hi_confirm_1m_close,0,-38.75,-39.25,0.5,17,102.25,45.25,0,0,0,F3_EXPAND_RATCHET_HI_T2618,29815.75,29685.0,130.75,1.0377,1.0,0.0
U26,2026-07-16,SHORT,1m_expand_break,expand_break,F3,0,29595.1905,,,,-6.0,-0.94826,29532.0,29429.75,29480.875,102.25,2.618,29264.3095,29534.0,29471.0,6,09:35,29417.25,0,7,2,09:36,29418.75,1,20,4,09:49,29264.3095,target_2.618,,none,5m_hi_confirm_1m_close,0,154.4405,153.9405,0.5,14,154.5,52.25,1,0,0,F3_EXPAND_RATCHET_HI_T2618,29532.0,29429.75,102.25,1.0,0.0,0.0
U26,2026-07-17,SHORT,1m_expand_break,expand_break,F3,0,28776.3825,,,,-6.0,-0.82075,28686.0,28539.75,28612.875,146.25,2.618,28303.1175,28688.0,28512.0,7,09:36,28523.25,1,8,2,09:37,28523.75,2,21,5,09:50,28520.75,ratchet_stop,,none,5m_hi_confirm_1m_close,0,3.0,2.5,0.5,14,115.5,14.25,0,0,0,F3_EXPAND_RATCHET_HI_T2618,28686.0,28530.75,155.25,1.0615,1.0,0.0
U26,2026-07-21,SHORT,1m_expand_break,expand_break,F3,0,29316.2385,,,,-7.0,-0.461546,29246.25,29133.0,29189.625,113.25,2.618,28949.7615,29248.25,29153.5,17,09:46,29114.75,11,18,4,09:47,29114.5,12,31,7,10:00,29170.0,ratchet_stop,,none,5m_hi_confirm_1m_close,0,-55.5,-56.0,0.5,14,22.0,74.0,0,0,0,F3_EXPAND_RATCHET_HI_T2618,29246.25,29126.0,120.25,1.0618,2.0,0.0
U26,2026-07-28,SHORT,1m_expand_break,expand_break,F3,0,28066.6235,,,,-5.0,-0.525227,27992.0,27871.25,27931.625,120.75,2.618,27675.8765,27994.0,27926.25,7,09:36,27860.5,1,8,2,09:37,27861.0,2,17,4,09:46,27675.8765,target_2.618,,none,5m_hi_confirm_1m_close,0,185.1235,184.6235,0.5,10,188.0,17.5,1,0,0,F3_EXPAND_RATCHET_HI_T2618,27992.0,27871.25,120.75,1.0,0.0,0.0
U26,2026-08-11,SHORT,1m_expand_break,expand_break,F3,0,29914.188,,,,-8.0,-0.335205,29842.5,29726.5,29784.5,116.0,2.618,29538.812,29844.5,29725.0,6,09:35,29698.25,0,7,2,09:36,29697.25,1,30,6,09:59,29732.75,ratchet_stop,,none,5m_hi_confirm_1m_close,0,-35.5,-36.0,0.5,24,65.5,59.0,0,0,0,F3_EXPAND_RATCHET_HI_T2618,29842.5,29726.5,116.0,1.0,0.0,0.0
U26,2026-08-12,SHORT,1m_expand_break,expand_break,F3,0,30078.382,,,,-8.0,-0.443299,30001.75,29877.75,29939.75,124.0,2.618,29677.118,30003.75,29842.5,124,11:33,29826.0,118,125,25,11:34,29825.5,119,143,29,11:52,29847.75,ratchet_stop,,none,5m_hi_confirm_1m_close,0,-22.25,-22.75,0.5,19,7.0,32.75,0,0,0,F3_EXPAND_RATCHET_HI_T2618,30001.75,29828.25,173.5,1.3992,5.0,0.0
U26,2026-08-14,SHORT,1m_expand_break,expand_break,F3,0,30308.8975,,,,-5.0,-0.843128,30269.5,30205.75,30237.625,63.75,2.618,30102.6025,30271.5,30222.0,6,09:35,30199.75,0,7,2,09:36,30200.5,1,16,4,09:45,30265.75,ratchet_stop,,none,5m_hi_confirm_1m_close,0,-65.25,-65.75,0.5,10,30.75,74.75,0,0,0,F3_EXPAND_RATCHET_HI_T2618,30269.5,30205.75,63.75,1.0,0.0,0.0
U26,2026-08-17,SHORT,1m_expand_break,expand_break,F3,0,30312.35,,,,-5.0,-0.817748,30266.0,30191.0,30228.5,75.0,2.618,30069.65,30268.0,30113.5,223,13:12,30149.0,217,224,45,13:13,30149.25,218,252,51,13:41,30114.0,ratchet_stop,,none,5m_hi_confirm_1m_close,0,35.25,34.75,0.5,29,62.75,1.25,0,0,0,F3_EXPAND_RATCHET_HI_T2618,30278.0,30152.25,125.75,1.6767,10.0,6.0
U26,2026-08-19,SHORT,1m_expand_break,expand_break,F3,0,29800.9965,,,,-5.0,-0.435983,29742.75,29648.5,29695.625,94.25,2.618,29496.0035,29744.75,29688.25,7,09:36,29626.5,1,8,2,09:37,29627.25,2,20,4,09:49,29496.0035,target_2.618,,none,5m_hi_confirm_1m_close,0,131.2465,130.7465,0.5,13,169.0,23.0,1,0,0,F3_EXPAND_RATCHET_HI_T2618,29742.75,29648.5,94.25,1.0,0.0,0.0
U26,2026-08-21,SHORT,1m_expand_break,expand_break,F3,0,29549.0785,,,,-8.0,-0.72187,29476.0,29357.75,29416.875,118.25,2.618,29166.4215,29478.0,29320.25,14,09:43,29314.5,8,15,3,09:44,29314.5,9,36,8,10:05,29320.75,ratchet_stop,,none,5m_hi_confirm_1m_close,0,-6.25,-6.75,0.5,22,58.75,44.75,0,0,0,F3_EXPAND_RATCHET_HI_T2618,29476.0,29319.0,157.0,1.3277,3.0,0.0
H26,2025-12-17,SHORT,1m_expand_break,expand_break,F3,0,25481.431,,,,-8.0,-0.564224,25447.75,25393.25,25420.5,54.5,3.33,25266.265,25449.75,25406.75,6,09:35,25379.25,0,7,2,09:36,25379.0,1,17,4,09:46,25266.265,target_3.33,,none,5m_hi_confirm_1m_close,0,112.735,112.235,0.5,11,133.5,1.75,1,1,0,F3_EXPAND_RATCHET_HI_T333,25447.75,25393.25,54.5,1.0,0.0,0.0
H26,2025-12-18,SHORT,1m_expand_break,expand_break,F3,0,25374.7685,,,,-6.0,-0.772303,25329.5,25256.25,25292.875,73.25,3.33,25085.5775,25331.5,25227.5,6,09:35,25242.25,0,7,2,09:36,25241.75,1,23,5,09:52,25237.0,ratchet_stop,,none,5m_hi_confirm_1m_close,0,4.75,4.25,0.5,17,80.5,25.5,0,0,0,F3_EXPAND_RATCHET_HI_T333,25329.5,25256.25,73.25,1.0,0.0,0.0
H26,2025-12-22,SHORT,1m_expand_break,expand_break,F3,0,25856.859,,,,-7.0,-0.506942,25794.75,25694.25,25744.5,100.5,3.33,25460.085,25796.75,25674.5,66,10:35,25660.25,60,67,14,10:36,25660.5,61,76,16,10:45,25676.25,ratchet_stop,,none,5m_hi_confirm_1m_close,0,-15.75,-16.25,0.5,10,32.5,20.5,0,0,0,F3_EXPAND_RATCHET_HI_T333,25794.75,25668.0,126.75,1.2612,3.0,0.0
H26,2026-01-05,SHORT,1m_expand_break,expand_break,F3,0,25728.5835,,,,-7.0,-0.844601,25672.5,25581.75,25627.125,90.75,3.33,25370.3025,25674.5,25607.5,6,09:35,25573.25,0,7,2,09:36,25573.0,1,16,4,09:45,25624.25,ratchet_stop,,none,5m_hi_confirm_1m_close,0,-51.25,-51.75,0.5,10,34.5,57.75,0,0,0,F3_EXPAND_RATCHET_HI_T333,25672.5,25581.75,90.75,1.0,0.0,0.0
H26,2026-01-08,SHORT,1m_expand_break,expand_break,F3,0,25871.289,,,,-8.0,-0.241331,25803.0,25692.5,25747.75,110.5,3.33,25435.035,25805.0,25658.5,9,09:38,25688.5,3,10,2,09:39,25688.25,4,39,8,10:08,25671.25,ratchet_stop,,none,5m_hi_confirm_1m_close,0,17.0,16.5,0.5,30,119.25,19.75,0,0,0,F3_EXPAND_RATCHET_HI_T333,25803.0,25692.5,110.5,1.0,0.0,0.0
H26,2026-01-15,SHORT,1m_expand_break,expand_break,F3,0,25986.42,,,,-5.0,-0.511924,25946.25,25881.25,25913.75,65.0,3.33,25729.8,25948.25,25895.75,6,09:35,25881.0,0,7,2,09:36,25881.0,1,16,4,09:45,25906.5,ratchet_stop,,none,5m_hi_confirm_1m_close,0,-25.5,-26.0,0.5,10,27.5,71.75,0,0,0,F3_EXPAND_RATCHET_HI_T333,25946.25,25881.25,65.0,1.0,0.0,0.0
H26,2026-01-21,SHORT,1m_expand_break,expand_break,F3,0,25268.364,,,,-6.0,-0.259412,25223.25,25150.25,25186.75,73.0,3.33,24980.16,25225.25,25219.75,11,09:40,25135.0,5,12,3,09:41,25134.75,6,18,4,09:47,25234.75,ratchet_stop,,none,5m_hi_confirm_1m_close,0,-100.0,-100.5,0.5,7,7.25,103.25,0,0,0,F3_EXPAND_RATCHET_HI_T333,25223.25,25141.75,81.5,1.1164,2.0,0.0
H26,2026-01-22,SHORT,1m_expand_break,expand_break,F3,0,25773.156,,,,-9.0,-0.333606,25731.75,25664.75,25698.25,67.0,3.33,25508.64,25733.75,25569.25,6,09:35,25651.75,0,7,2,09:36,25652.75,1,46,10,10:15,25577.0,ratchet_stop,,none,5m_hi_confirm_1m_close,0,75.75,75.25,0.5,40,116.0,42.25,1,0,0,F3_EXPAND_RATCHET_HI_T333,25731.75,25664.75,67.0,1.0,0.0,0.0
H26,2026-01-23,SHORT,1m_expand_break,expand_break,F3,0,25694.0605,,,,-5.0,-0.802518,25652.5,25585.25,25618.875,67.25,3.33,25428.5575,25654.5,25623.5,8,09:37,25570.0,2,9,2,09:38,25571.5,3,16,4,09:45,25626.75,ratchet_stop,,none,5m_hi_confirm_1m_close,0,-55.25,-55.75,0.5,8,7.5,68.5,0,0,0,F3_EXPAND_RATCHET_HI_T333,25652.5,25579.75,72.75,1.0818,1.0,0.0
H26,2026-01-27,SHORT,1m_expand_break,expand_break,F3,0,26048.035,,,,-6.0,-0.793903,26012.5,25955.0,25983.75,57.5,3.33,25821.025,26014.5,25972.25,6,09:35,25951.0,0,7,2,09:36,25951.75,1,16,4,09:45,25974.0,ratchet_stop,,none,5m_hi_confirm_1m_close,0,-22.25,-22.75,0.5,10,34.5,32.0,0,0,0,F3_EXPAND_RATCHET_HI_T333,26012.5,25955.0,57.5,1.0,0.0,0.0
H26,2026-01-29,SHORT,1m_expand_break,expand_break,F3,0,26231.547,,,,-6.0,-0.65788,26175.0,26083.5,26129.25,91.5,3.33,25870.305,26177.0,26008.25,6,09:35,26062.5,0,7,2,09:36,26064.0,1,30,6,09:59,25870.305,target_3.33,,none,5m_hi_confirm_1m_close,0,193.695,193.195,0.5,24,206.0,4.5,1,1,0,F3_EXPAND_RATCHET_HI_T333,26175.0,26083.5,91.5,1.0,0.0,0.0
H26,2026-02-03,SHORT,1m_expand_break,expand_break,F3,0,26022.393,,,,-5.0,-0.029144,25952.25,25838.75,25895.5,113.5,3.33,25574.295,25954.25,25799.5,12,09:41,25806.0,6,13,3,09:42,25807.0,7,33,7,10:02,25574.295,target_3.33,,none,5m_hi_confirm_1m_close,0,232.705,232.205,0.5,21,235.75,8.5,1,1,0,F3_EXPAND_RATCHET_HI_T333,25952.25,25810.0,142.25,1.2533,3.0,0.0
H26,2026-02-11,SHORT,1m_expand_break,expand_break,F3,0,25526.5865,,,,-6.0,-0.813482,25465.25,25366.0,25415.625,99.25,3.33,25134.7475,25467.25,25416.5,7,09:36,25360.75,1,8,2,09:37,25362.0,2,16,4,09:45,25425.75,ratchet_stop,,none,5m_hi_confirm_1m_close,0,-63.75,-64.25,0.5,9,22.75,64.25,0,0,0,F3_EXPAND_RATCHET_HI_T333,25465.25,25361.75,103.5,1.0428,1.0,0.0
H26,2026-02-26,SHORT,1m_expand_break,expand_break,F3,0,25395.148,,,,-7.0,-0.21623,25342.0,25256.0,25299.0,86.0,3.33,25055.62,25344.0,25178.0,7,09:36,25234.0,1,8,2,09:37,25234.0,2,46,10,10:15,25055.62,target_3.33,,none,5m_hi_confirm_1m_close,0,178.38,177.88,0.5,39,208.5,61.75,1,1,0,F3_EXPAND_RATCHET_HI_T333,25342.0,25256.0,86.0,1.0,0.0,0.0
M26,2026-03-27,SHORT,1m_expand_break,expand_break,F3,0,23730.2805,,,,-7.0,-0.385654,23664.0,23556.75,23610.375,107.25,3.33,23306.8575,23666.0,23613.0,6,09:35,23554.25,0,7,2,09:36,23554.0,1,16,4,09:45,23619.5,ratchet_stop,,none,5m_hi_confirm_1m_close,0,-65.5,-66.0,0.5,10,22.0,76.0,0,0,0,F3_EXPAND_RATCHET_HI_T333,23664.0,23556.75,107.25,1.0,0.0,0.0
M26,2026-03-30,SHORT,1m_expand_break,expand_break,F3,0,23588.1535,,,,-6.0,-0.714987,23538.25,23457.5,23497.875,80.75,3.33,23269.3525,23540.25,23340.75,6,09:35,23443.75,0,7,2,09:36,23444.25,1,42,9,10:11,23355.25,ratchet_stop,,none,5m_hi_confirm_1m_close,0,89.0,88.5,0.5,36,151.5,5.0,1,0,0,F3_EXPAND_RATCHET_HI_T333,23538.25,23457.5,80.75,1.0,0.0,0.0
M26,2026-04-07,SHORT,1m_expand_break,expand_break,F3,0,24375.98,,,,-7.0,-0.380328,24308.0,24198.0,24253.0,110.0,3.33,23941.7,24310.0,24044.0,18,09:47,24159.75,12,19,4,09:48,24160.75,13,51,11,10:20,24067.25,ratchet_stop,,none,5m_hi_confirm_1m_close,0,93.5,93.0,0.5,33,166.75,47.0,1,0,0,F3_EXPAND_RATCHET_HI_T333,24308.0,24177.0,131.0,1.1909,3.0,0.0
M26,2026-04-09,SHORT,1m_expand_break,expand_break,F3,0,25155.721,,,,-7.0,-0.667477,25103.5,25019.0,25061.25,84.5,3.33,24822.115,25105.5,24989.25,46,10:15,24996.0,40,47,10,10:16,24995.75,41,74,15,10:43,24990.5,ratchet_stop,,none,5m_hi_confirm_1m_close,0,5.25,4.75,0.5,28,35.25,12.25,0,0,0,F3_EXPAND_RATCHET_HI_T333,25111.5,25001.0,110.5,1.3077,7.0,0.0
M26,2026-04-27,SHORT,1m_expand_break,expand_break,F3,0,27479.9595,,,,-7.0,-0.497537,27435.0,27362.25,27398.625,72.75,3.33,27192.7425,27437.0,27388.25,18,09:47,27345.75,12,19,4,09:48,27346.25,13,28,6,09:57,27394.25,ratchet_stop,,none,5m_hi_confirm_1m_close,0,-48.0,-48.5,0.5,10,47.75,52.5,0,0,0,F3_EXPAND_RATCHET_HI_T333,27435.0,27350.0,85.0,1.1684,3.0,0.0
M26,2026-04-30,SHORT,1m_expand_break,expand_break,F3,0,27584.3545,,,,-8.0,-0.401337,27491.5,27341.25,27416.375,150.25,3.33,26991.1675,27493.5,27265.25,6,09:35,27332.5,0,7,2,09:36,27333.5,1,36,8,10:05,27277.0,ratchet_stop,,none,5m_hi_confirm_1m_close,0,56.5,56.0,0.5,30,130.5,39.5,0,0,0,F3_EXPAND_RATCHET_HI_T333,27491.5,27341.25,150.25,1.0,0.0,0.0
M26,2026-05-18,SHORT,1m_expand_break,expand_break,F3,0,29405.69,,,,-5.0,-0.532795,29356.25,29276.25,29316.25,80.0,3.33,29089.85,29358.25,29206.0,7,09:36,29258.25,1,8,2,09:37,29257.75,2,26,6,09:55,29278.25,ratchet_stop,,none,5m_hi_confirm_1m_close,0,-20.5,-21.0,0.5,19,122.75,31.75,1,0,0,F3_EXPAND_RATCHET_HI_T333,29356.25,29271.25,85.0,1.0625,1.0,0.0
M26,2026-05-26,SHORT,1m_expand_break,expand_break,F3,0,29992.474,,,,-7.0,-0.72972,29935.0,29842.0,29888.5,93.0,3.33,29625.31,29937.0,29864.75,6,09:35,29840.5,0,7,2,09:36,29840.75,1,16,4,09:45,29962.25,ratchet_stop,,none,5m_hi_confirm_1m_close,0,-121.5,-122.0,0.5,10,6.25,122.5,0,0,0,F3_EXPAND_RATCHET_HI_T333,29935.0,29842.0,93.0,1.0,0.0,0.0
M26,2026-05-27,SHORT,1m_expand_break,expand_break,F3,0,30232.9425,,,,-6.0,-0.012362,30192.0,30125.75,30158.875,66.25,3.33,29971.3875,30194.0,30194.0,6,09:35,30116.0,0,7,2,09:36,30116.5,1,15,3,09:44,29971.3875,target_3.33,,none,5m_hi_confirm_1m_close,0,145.1125,144.6125,0.5,9,151.5,14.75,1,1,0,F3_EXPAND_RATCHET_HI_T333,30192.0,30125.75,66.25,1.0,0.0,0.0
M26,2026-05-29,SHORT,1m_expand_break,expand_break,F3,0,30463.8525,,,,-5.0,-0.897001,30426.0,30364.75,30395.375,61.25,3.33,30222.0375,30428.0,30428.0,57,10:26,30350.25,51,58,12,10:27,30349.0,52,65,13,10:34,30437.0,init_stop,,none,5m_hi_confirm_1m_close,0,-88.0,-88.5,0.5,8,1.0,88.5,0,0,0,F3_EXPAND_RATCHET_HI_T333,30443.0,30364.75,78.25,1.2776,4.0,41.0
M26,2026-06-02,SHORT,1m_expand_break,expand_break,F3,0,30630.0135,,,,-8.0,-0.277285,30567.75,30467.0,30517.375,100.75,3.33,30232.2525,30569.75,30489.25,6,09:35,30456.0,0,7,2,09:36,30457.25,1,16,4,09:45,30507.75,ratchet_stop,,none,5m_hi_confirm_1m_close,0,-50.5,-51.0,0.5,10,33.5,64.75,0,0,0,F3_EXPAND_RATCHET_HI_T333,30567.75,30467.0,100.75,1.0,0.0,0.0
M26,2026-06-03,SHORT,1m_expand_break,expand_break,F3,0,30865.6875,,,,-6.0,-0.980843,30807.75,30714.0,30760.875,93.75,3.33,30495.5625,30809.75,30625.0,6,09:35,30680.0,0,7,2,09:36,30680.5,1,33,7,10:02,30631.25,ratchet_stop,,none,5m_hi_confirm_1m_close,0,49.25,48.75,0.5,27,184.5,57.0,1,0,0,F3_EXPAND_RATCHET_HI_T333,30807.75,30714.0,93.75,1.0,0.0,0.0
M26,2026-06-08,SHORT,1m_expand_break,expand_break,F3,0,29690.296,,,,-7.0,-0.860368,29584.0,29412.0,29498.0,172.0,3.33,29011.24,29586.0,29432.0,28,09:57,29379.25,22,29,6,09:58,29378.5,23,42,9,10:11,29459.75,ratchet_stop,,none,5m_hi_confirm_1m_close,0,-81.25,-81.75,0.5,14,47.0,89.0,0,0,0,F3_EXPAND_RATCHET_HI_T333,29584.0,29397.5,186.5,1.0843,1.0,0.0
M26,2026-06-09,SHORT,1m_expand_break,expand_break,F3,0,29818.9155,,,,-7.0,-0.227781,29748.0,29633.25,29690.625,114.75,3.33,29365.8825,29750.0,29632.5,41,10:10,29566.0,35,42,9,10:11,29565.0,36,51,11,10:20,29365.8825,target_3.33,,none,5m_hi_confirm_1m_close,0,199.1175,198.6175,0.5,10,200.0,13.5,1,1,0,F3_EXPAND_RATCHET_HI_T333,29783.75,29624.0,159.75,1.3922,3.0,11.0
M26,2026-06-10,SHORT,1m_expand_break,expand_break,F3,0,29061.5545,,,,-7.0,-0.943786,28953.25,28778.0,28865.625,175.25,3.33,28369.6675,28955.25,28840.75,103,11:12,28751.75,97,104,21,11:13,28753.0,98,114,23,11:23,28842.0,ratchet_stop,,none,5m_hi_confirm_1m_close,0,-89.0,-89.5,0.5,11,89.5,94.25,0,0,0,F3_EXPAND_RATCHET_HI_T333,29047.5,28761.75,285.75,1.6305,4.0,76.0
M26,2026-06-11,SHORT,1m_expand_break,expand_break,F3,0,28857.4745,,,,-7.0,-0.358151,28786.25,28671.0,28728.625,115.25,3.33,28402.4675,28788.25,28699.25,89,10:58,28630.0,83,90,18,10:59,28625.0,84,101,21,11:10,28743.5,ratchet_stop,,none,5m_hi_confirm_1m_close,0,-118.5,-119.0,0.5,12,47.5,135.5,0,0,0,F3_EXPAND_RATCHET_HI_T333,28940.0,28650.75,289.25,2.5098,6.0,35.0
U26,2026-06-18,SHORT,1m_expand_break,expand_break,F3,0,30697.8485,,,,-8.0,-0.802222,30615.5,30482.25,30548.875,133.25,3.33,30171.7775,30617.5,30483.5,6,09:35,30469.0,0,7,2,09:36,30468.75,1,21,5,09:50,30492.0,ratchet_stop,,none,5m_hi_confirm_1m_close,0,-23.25,-23.75,0.5,15,77.75,41.25,0,0,0,F3_EXPAND_RATCHET_HI_T333,30615.5,30482.25,133.25,1.0,0.0,0.0
U26,2026-06-25,SHORT,1m_expand_break,expand_break,F3,0,30287.554,,,,-7.0,-0.333068,30193.0,30040.0,30116.5,153.0,3.33,29683.51,30195.0,30090.5,8,09:37,30029.75,2,9,2,09:38,30029.5,3,17,4,09:46,29683.51,target_3.33,,none,5m_hi_confirm_1m_close,0,345.99,345.49,0.5,9,442.0,6.25,1,1,0,F3_EXPAND_RATCHET_HI_T333,30193.0,30040.0,153.0,1.0,0.0,0.0
U26,2026-07-01,SHORT,1m_expand_break,expand_break,F3,0,30355.9445,,,,-8.0,-0.690181,30260.0,30104.75,30182.375,155.25,3.33,29743.0175,30262.0,30162.5,6,09:35,30102.5,0,7,2,09:36,30102.5,1,17,4,09:46,30197.5,ratchet_stop,,none,5m_hi_confirm_1m_close,0,-95.0,-95.5,0.5,11,8.0,104.75,0,0,0,F3_EXPAND_RATCHET_HI_T333,30260.0,30104.75,155.25,1.0,0.0,0.0
U26,2026-07-07,SHORT,1m_expand_break,expand_break,F3,0,29791.119,,,,-7.0,-0.793934,29685.75,29515.25,29600.5,170.5,3.33,29117.985,29687.75,29274.75,9,09:38,29502.75,3,10,2,09:39,29501.5,4,81,17,10:50,29275.0,ratchet_stop,,none,5m_hi_confirm_1m_close,0,226.5,226.0,0.5,72,291.5,105.5,1,0,0,F3_EXPAND_RATCHET_HI_T333,29685.75,29503.75,182.0,1.0674,1.0,0.0
U26,2026-07-13,SHORT,1m_expand_break,expand_break,F3,0,29802.449,,,,-7.0,-0.493283,29737.25,29631.75,29684.5,105.5,3.33,29385.935,29739.25,29600.75,8,09:37,29619.75,2,9,2,09:38,29620.25,3,29,6,09:58,29607.25,ratchet_stop,,none,5m_hi_confirm_1m_close,0,13.0,12.5,0.5,21,102.25,46.5,0,0,0,F3_EXPAND_RATCHET_HI_T333,29737.25,29626.25,111.0,1.0521,1.0,0.0
U26,2026-07-14,SHORT,1m_expand_break,expand_break,F3,0,29893.618,,,,-8.0,-0.274942,29815.75,29689.75,29752.75,126.0,3.33,29396.17,29817.75,29690.5,36,10:05,29670.0,30,37,8,10:06,29669.75,31,53,11,10:22,29708.5,ratchet_stop,,none,5m_hi_confirm_1m_close,0,-38.75,-39.25,0.5,17,102.25,45.25,0,0,0,F3_EXPAND_RATCHET_HI_T333,29815.75,29685.0,130.75,1.0377,1.0,0.0
U26,2026-07-16,SHORT,1m_expand_break,expand_break,F3,0,29595.1905,,,,-6.0,-0.94826,29532.0,29429.75,29480.875,102.25,3.33,29191.5075,29534.0,29342.75,6,09:35,29417.25,0,7,2,09:36,29418.75,1,30,6,09:59,29347.5,ratchet_stop,,none,5m_hi_confirm_1m_close,0,71.25,70.75,0.5,24,163.25,52.25,1,0,0,F3_EXPAND_RATCHET_HI_T333,29532.0,29429.75,102.25,1.0,0.0,0.0
U26,2026-07-17,SHORT,1m_expand_break,expand_break,F3,0,28776.3825,,,,-6.0,-0.82075,28686.0,28539.75,28612.875,146.25,3.33,28198.9875,28688.0,28512.0,7,09:36,28523.25,1,8,2,09:37,28523.75,2,21,5,09:50,28520.75,ratchet_stop,,none,5m_hi_confirm_1m_close,0,3.0,2.5,0.5,14,115.5,14.25,0,0,0,F3_EXPAND_RATCHET_HI_T333,28686.0,28530.75,155.25,1.0615,1.0,0.0
U26,2026-07-21,SHORT,1m_expand_break,expand_break,F3,0,29316.2385,,,,-7.0,-0.461546,29246.25,29133.0,29189.625,113.25,3.33,28869.1275,29248.25,29153.5,17,09:46,29114.75,11,18,4,09:47,29114.5,12,31,7,10:00,29170.0,ratchet_stop,,none,5m_hi_confirm_1m_close,0,-55.5,-56.0,0.5,14,22.0,74.0,0,0,0,F3_EXPAND_RATCHET_HI_T333,29246.25,29126.0,120.25,1.0618,2.0,0.0
U26,2026-07-28,SHORT,1m_expand_break,expand_break,F3,0,28066.6235,,,,-5.0,-0.525227,27992.0,27871.25,27931.625,120.75,3.33,27589.9025,27994.0,27720.5,7,09:36,27860.5,1,8,2,09:37,27861.0,2,36,8,10:05,27766.25,ratchet_stop,,none,5m_hi_confirm_1m_close,0,94.75,94.25,0.5,29,219.25,17.5,1,0,0,F3_EXPAND_RATCHET_HI_T333,27992.0,27871.25,120.75,1.0,0.0,0.0
U26,2026-08-11,SHORT,1m_expand_break,expand_break,F3,0,29914.188,,,,-8.0,-0.335205,29842.5,29726.5,29784.5,116.0,3.33,29456.22,29844.5,29725.0,6,09:35,29698.25,0,7,2,09:36,29697.25,1,30,6,09:59,29732.75,ratchet_stop,,none,5m_hi_confirm_1m_close,0,-35.5,-36.0,0.5,24,65.5,59.0,0,0,0,F3_EXPAND_RATCHET_HI_T333,29842.5,29726.5,116.0,1.0,0.0,0.0
U26,2026-08-12,SHORT,1m_expand_break,expand_break,F3,0,30078.382,,,,-8.0,-0.443299,30001.75,29877.75,29939.75,124.0,3.33,29588.83,30003.75,29842.5,124,11:33,29826.0,118,125,25,11:34,29825.5,119,143,29,11:52,29847.75,ratchet_stop,,none,5m_hi_confirm_1m_close,0,-22.25,-22.75,0.5,19,7.0,32.75,0,0,0,F3_EXPAND_RATCHET_HI_T333,30001.75,29828.25,173.5,1.3992,5.0,0.0
U26,2026-08-14,SHORT,1m_expand_break,expand_break,F3,0,30308.8975,,,,-5.0,-0.843128,30269.5,30205.75,30237.625,63.75,3.33,30057.2125,30271.5,30222.0,6,09:35,30199.75,0,7,2,09:36,30200.5,1,16,4,09:45,30265.75,ratchet_stop,,none,5m_hi_confirm_1m_close,0,-65.25,-65.75,0.5,10,30.75,74.75,0,0,0,F3_EXPAND_RATCHET_HI_T333,30269.5,30205.75,63.75,1.0,0.0,0.0
U26,2026-08-17,SHORT,1m_expand_break,expand_break,F3,0,30312.35,,,,-5.0,-0.817748,30266.0,30191.0,30228.5,75.0,3.33,30016.25,30268.0,30113.5,223,13:12,30149.0,217,224,45,13:13,30149.25,218,252,51,13:41,30114.0,ratchet_stop,,none,5m_hi_confirm_1m_close,0,35.25,34.75,0.5,29,62.75,1.25,0,0,0,F3_EXPAND_RATCHET_HI_T333,30278.0,30152.25,125.75,1.6767,10.0,6.0
U26,2026-08-19,SHORT,1m_expand_break,expand_break,F3,0,29800.9965,,,,-5.0,-0.435983,29742.75,29648.5,29695.625,94.25,3.33,29428.8975,29744.75,29628.75,7,09:36,29626.5,1,8,2,09:37,29627.25,2,22,5,09:51,29428.8975,target_3.33,,none,5m_hi_confirm_1m_close,0,198.3525,197.8525,0.5,15,220.75,23.0,1,1,0,F3_EXPAND_RATCHET_HI_T333,29742.75,29648.5,94.25,1.0,0.0,0.0
U26,2026-08-21,SHORT,1m_expand_break,expand_break,F3,0,29549.0785,,,,-8.0,-0.72187,29476.0,29357.75,29416.875,118.25,3.33,29082.2275,29478.0,29320.25,14,09:43,29314.5,8,15,3,09:44,29314.5,9,36,8,10:05,29320.75,ratchet_stop,,none,5m_hi_confirm_1m_close,0,-6.25,-6.75,0.5,22,58.75,44.75,0,0,0,F3_EXPAND_RATCHET_HI_T333,29476.0,29319.0,157.0,1.3277,3.0,0.0
H26,2025-12-17,SHORT,1m_expand_break,expand_break,F3,0,25481.431,,,,-8.0,-0.564224,25447.75,25393.25,25420.5,54.5,4.23,25217.215,25449.75,25337.5,6,09:35,25379.25,0,7,2,09:36,25379.0,1,29,6,09:58,25338.5,ratchet_stop,,none,5m_hi_confirm_1m_close,0,40.5,40.0,0.5,23,133.5,1.75,1,1,0,F3_EXPAND_RATCHET_HI_T423,25447.75,25393.25,54.5,1.0,0.0,0.0
H26,2025-12-18,SHORT,1m_expand_break,expand_break,F3,0,25374.7685,,,,-6.0,-0.772303,25329.5,25256.25,25292.875,73.25,4.23,25019.6525,25331.5,25227.5,6,09:35,25242.25,0,7,2,09:36,25241.75,1,23,5,09:52,25237.0,ratchet_stop,,none,5m_hi_confirm_1m_close,0,4.75,4.25,0.5,17,80.5,25.5,0,0,0,F3_EXPAND_RATCHET_HI_T423,25329.5,25256.25,73.25,1.0,0.0,0.0
H26,2025-12-22,SHORT,1m_expand_break,expand_break,F3,0,25856.859,,,,-7.0,-0.506942,25794.75,25694.25,25744.5,100.5,4.23,25369.635,25796.75,25674.5,66,10:35,25660.25,60,67,14,10:36,25660.5,61,76,16,10:45,25676.25,ratchet_stop,,none,5m_hi_confirm_1m_close,0,-15.75,-16.25,0.5,10,32.5,20.5,0,0,0,F3_EXPAND_RATCHET_HI_T423,25794.75,25668.0,126.75,1.2612,3.0,0.0
H26,2026-01-05,SHORT,1m_expand_break,expand_break,F3,0,25728.5835,,,,-7.0,-0.844601,25672.5,25581.75,25627.125,90.75,4.23,25288.6275,25674.5,25607.5,6,09:35,25573.25,0,7,2,09:36,25573.0,1,16,4,09:45,25624.25,ratchet_stop,,none,5m_hi_confirm_1m_close,0,-51.25,-51.75,0.5,10,34.5,57.75,0,0,0,F3_EXPAND_RATCHET_HI_T423,25672.5,25581.75,90.75,1.0,0.0,0.0
H26,2026-01-08,SHORT,1m_expand_break,expand_break,F3,0,25871.289,,,,-8.0,-0.241331,25803.0,25692.5,25747.75,110.5,4.23,25335.585,25805.0,25658.5,9,09:38,25688.5,3,10,2,09:39,25688.25,4,39,8,10:08,25671.25,ratchet_stop,,none,5m_hi_confirm_1m_close,0,17.0,16.5,0.5,30,119.25,19.75,0,0,0,F3_EXPAND_RATCHET_HI_T423,25803.0,25692.5,110.5,1.0,0.0,0.0
H26,2026-01-15,SHORT,1m_expand_break,expand_break,F3,0,25986.42,,,,-5.0,-0.511924,25946.25,25881.25,25913.75,65.0,4.23,25671.3,25948.25,25895.75,6,09:35,25881.0,0,7,2,09:36,25881.0,1,16,4,09:45,25906.5,ratchet_stop,,none,5m_hi_confirm_1m_close,0,-25.5,-26.0,0.5,10,27.5,71.75,0,0,0,F3_EXPAND_RATCHET_HI_T423,25946.25,25881.25,65.0,1.0,0.0,0.0
H26,2026-01-21,SHORT,1m_expand_break,expand_break,F3,0,25268.364,,,,-6.0,-0.259412,25223.25,25150.25,25186.75,73.0,4.23,24914.46,25225.25,25219.75,11,09:40,25135.0,5,12,3,09:41,25134.75,6,18,4,09:47,25234.75,ratchet_stop,,none,5m_hi_confirm_1m_close,0,-100.0,-100.5,0.5,7,7.25,103.25,0,0,0,F3_EXPAND_RATCHET_HI_T423,25223.25,25141.75,81.5,1.1164,2.0,0.0
H26,2026-01-22,SHORT,1m_expand_break,expand_break,F3,0,25773.156,,,,-9.0,-0.333606,25731.75,25664.75,25698.25,67.0,4.23,25448.34,25733.75,25569.25,6,09:35,25651.75,0,7,2,09:36,25652.75,1,46,10,10:15,25577.0,ratchet_stop,,none,5m_hi_confirm_1m_close,0,75.75,75.25,0.5,40,116.0,42.25,1,0,0,F3_EXPAND_RATCHET_HI_T423,25731.75,25664.75,67.0,1.0,0.0,0.0
H26,2026-01-23,SHORT,1m_expand_break,expand_break,F3,0,25694.0605,,,,-5.0,-0.802518,25652.5,25585.25,25618.875,67.25,4.23,25368.0325,25654.5,25623.5,8,09:37,25570.0,2,9,2,09:38,25571.5,3,16,4,09:45,25626.75,ratchet_stop,,none,5m_hi_confirm_1m_close,0,-55.25,-55.75,0.5,8,7.5,68.5,0,0,0,F3_EXPAND_RATCHET_HI_T423,25652.5,25579.75,72.75,1.0818,1.0,0.0
H26,2026-01-27,SHORT,1m_expand_break,expand_break,F3,0,26048.035,,,,-6.0,-0.793903,26012.5,25955.0,25983.75,57.5,4.23,25769.275,26014.5,25972.25,6,09:35,25951.0,0,7,2,09:36,25951.75,1,16,4,09:45,25974.0,ratchet_stop,,none,5m_hi_confirm_1m_close,0,-22.25,-22.75,0.5,10,34.5,32.0,0,0,0,F3_EXPAND_RATCHET_HI_T423,26012.5,25955.0,57.5,1.0,0.0,0.0
H26,2026-01-29,SHORT,1m_expand_break,expand_break,F3,0,26231.547,,,,-6.0,-0.65788,26175.0,26083.5,26129.25,91.5,4.23,25787.955,26177.0,25988.25,6,09:35,26062.5,0,7,2,09:36,26064.0,1,32,7,10:01,25787.955,target_4.23,,none,5m_hi_confirm_1m_close,0,276.045,275.545,0.5,26,279.5,4.5,1,1,1,F3_EXPAND_RATCHET_HI_T423,26175.0,26083.5,91.5,1.0,0.0,0.0
H26,2026-02-03,SHORT,1m_expand_break,expand_break,F3,0,26022.393,,,,-5.0,-0.029144,25952.25,25838.75,25895.5,113.5,4.23,25472.145,25954.25,25594.0,12,09:41,25806.0,6,13,3,09:42,25807.0,7,56,12,10:25,25472.145,target_4.23,,none,5m_hi_confirm_1m_close,0,334.855,334.355,0.5,44,336.75,8.5,1,1,1,F3_EXPAND_RATCHET_HI_T423,25952.25,25810.0,142.25,1.2533,3.0,0.0
H26,2026-02-11,SHORT,1m_expand_break,expand_break,F3,0,25526.5865,,,,-6.0,-0.813482,25465.25,25366.0,25415.625,99.25,4.23,25045.4225,25467.25,25416.5,7,09:36,25360.75,1,8,2,09:37,25362.0,2,16,4,09:45,25425.75,ratchet_stop,,none,5m_hi_confirm_1m_close,0,-63.75,-64.25,0.5,9,22.75,64.25,0,0,0,F3_EXPAND_RATCHET_HI_T423,25465.25,25361.75,103.5,1.0428,1.0,0.0
H26,2026-02-26,SHORT,1m_expand_break,expand_break,F3,0,25395.148,,,,-7.0,-0.21623,25342.0,25256.0,25299.0,86.0,4.23,24978.22,25344.0,25178.0,7,09:36,25234.0,1,8,2,09:37,25234.0,2,49,10,10:18,24978.22,target_4.23,,none,5m_hi_confirm_1m_close,0,255.78,255.28,0.5,42,269.0,61.75,1,1,1,F3_EXPAND_RATCHET_HI_T423,25342.0,25256.0,86.0,1.0,0.0,0.0
M26,2026-03-27,SHORT,1m_expand_break,expand_break,F3,0,23730.2805,,,,-7.0,-0.385654,23664.0,23556.75,23610.375,107.25,4.23,23210.3325,23666.0,23613.0,6,09:35,23554.25,0,7,2,09:36,23554.0,1,16,4,09:45,23619.5,ratchet_stop,,none,5m_hi_confirm_1m_close,0,-65.5,-66.0,0.5,10,22.0,76.0,0,0,0,F3_EXPAND_RATCHET_HI_T423,23664.0,23556.75,107.25,1.0,0.0,0.0
M26,2026-03-30,SHORT,1m_expand_break,expand_break,F3,0,23588.1535,,,,-6.0,-0.714987,23538.25,23457.5,23497.875,80.75,4.23,23196.6775,23540.25,23340.75,6,09:35,23443.75,0,7,2,09:36,23444.25,1,42,9,10:11,23355.25,ratchet_stop,,none,5m_hi_confirm_1m_close,0,89.0,88.5,0.5,36,151.5,5.0,1,0,0,F3_EXPAND_RATCHET_HI_T423,23538.25,23457.5,80.75,1.0,0.0,0.0
M26,2026-04-07,SHORT,1m_expand_break,expand_break,F3,0,24375.98,,,,-7.0,-0.380328,24308.0,24198.0,24253.0,110.0,4.23,23842.7,24310.0,24044.0,18,09:47,24159.75,12,19,4,09:48,24160.75,13,51,11,10:20,24067.25,ratchet_stop,,none,5m_hi_confirm_1m_close,0,93.5,93.0,0.5,33,166.75,47.0,1,0,0,F3_EXPAND_RATCHET_HI_T423,24308.0,24177.0,131.0,1.1909,3.0,0.0
M26,2026-04-09,SHORT,1m_expand_break,expand_break,F3,0,25155.721,,,,-7.0,-0.667477,25103.5,25019.0,25061.25,84.5,4.23,24746.065,25105.5,24989.25,46,10:15,24996.0,40,47,10,10:16,24995.75,41,74,15,10:43,24990.5,ratchet_stop,,none,5m_hi_confirm_1m_close,0,5.25,4.75,0.5,28,35.25,12.25,0,0,0,F3_EXPAND_RATCHET_HI_T423,25111.5,25001.0,110.5,1.3077,7.0,0.0
M26,2026-04-27,SHORT,1m_expand_break,expand_break,F3,0,27479.9595,,,,-7.0,-0.497537,27435.0,27362.25,27398.625,72.75,4.23,27127.2675,27437.0,27388.25,18,09:47,27345.75,12,19,4,09:48,27346.25,13,28,6,09:57,27394.25,ratchet_stop,,none,5m_hi_confirm_1m_close,0,-48.0,-48.5,0.5,10,47.75,52.5,0,0,0,F3_EXPAND_RATCHET_HI_T423,27435.0,27350.0,85.0,1.1684,3.0,0.0
M26,2026-04-30,SHORT,1m_expand_break,expand_break,F3,0,27584.3545,,,,-8.0,-0.401337,27491.5,27341.25,27416.375,150.25,4.23,26855.9425,27493.5,27265.25,6,09:35,27332.5,0,7,2,09:36,27333.5,1,36,8,10:05,27277.0,ratchet_stop,,none,5m_hi_confirm_1m_close,0,56.5,56.0,0.5,30,130.5,39.5,0,0,0,F3_EXPAND_RATCHET_HI_T423,27491.5,27341.25,150.25,1.0,0.0,0.0
M26,2026-05-18,SHORT,1m_expand_break,expand_break,F3,0,29405.69,,,,-5.0,-0.532795,29356.25,29276.25,29316.25,80.0,4.23,29017.85,29358.25,29206.0,7,09:36,29258.25,1,8,2,09:37,29257.75,2,26,6,09:55,29278.25,ratchet_stop,,none,5m_hi_confirm_1m_close,0,-20.5,-21.0,0.5,19,122.75,31.75,1,0,0,F3_EXPAND_RATCHET_HI_T423,29356.25,29271.25,85.0,1.0625,1.0,0.0
M26,2026-05-26,SHORT,1m_expand_break,expand_break,F3,0,29992.474,,,,-7.0,-0.72972,29935.0,29842.0,29888.5,93.0,4.23,29541.61,29937.0,29864.75,6,09:35,29840.5,0,7,2,09:36,29840.75,1,16,4,09:45,29962.25,ratchet_stop,,none,5m_hi_confirm_1m_close,0,-121.5,-122.0,0.5,10,6.25,122.5,0,0,0,F3_EXPAND_RATCHET_HI_T423,29935.0,29842.0,93.0,1.0,0.0,0.0
M26,2026-05-27,SHORT,1m_expand_break,expand_break,F3,0,30232.9425,,,,-6.0,-0.012362,30192.0,30125.75,30158.875,66.25,4.23,29911.7625,30194.0,30032.25,6,09:35,30116.0,0,7,2,09:36,30116.5,1,28,6,09:57,30043.25,ratchet_stop,,none,5m_hi_confirm_1m_close,0,73.25,72.75,0.5,22,179.5,14.75,1,1,0,F3_EXPAND_RATCHET_HI_T423,30192.0,30125.75,66.25,1.0,0.0,0.0
M26,2026-05-29,SHORT,1m_expand_break,expand_break,F3,0,30463.8525,,,,-5.0,-0.897001,30426.0,30364.75,30395.375,61.25,4.23,30166.9125,30428.0,30428.0,57,10:26,30350.25,51,58,12,10:27,30349.0,52,65,13,10:34,30437.0,init_stop,,none,5m_hi_confirm_1m_close,0,-88.0,-88.5,0.5,8,1.0,88.5,0,0,0,F3_EXPAND_RATCHET_HI_T423,30443.0,30364.75,78.25,1.2776,4.0,41.0
M26,2026-06-02,SHORT,1m_expand_break,expand_break,F3,0,30630.0135,,,,-8.0,-0.277285,30567.75,30467.0,30517.375,100.75,4.23,30141.5775,30569.75,30489.25,6,09:35,30456.0,0,7,2,09:36,30457.25,1,16,4,09:45,30507.75,ratchet_stop,,none,5m_hi_confirm_1m_close,0,-50.5,-51.0,0.5,10,33.5,64.75,0,0,0,F3_EXPAND_RATCHET_HI_T423,30567.75,30467.0,100.75,1.0,0.0,0.0
M26,2026-06-03,SHORT,1m_expand_break,expand_break,F3,0,30865.6875,,,,-6.0,-0.980843,30807.75,30714.0,30760.875,93.75,4.23,30411.1875,30809.75,30625.0,6,09:35,30680.0,0,7,2,09:36,30680.5,1,33,7,10:02,30631.25,ratchet_stop,,none,5m_hi_confirm_1m_close,0,49.25,48.75,0.5,27,184.5,57.0,1,0,0,F3_EXPAND_RATCHET_HI_T423,30807.75,30714.0,93.75,1.0,0.0,0.0
M26,2026-06-08,SHORT,1m_expand_break,expand_break,F3,0,29690.296,,,,-7.0,-0.860368,29584.0,29412.0,29498.0,172.0,4.23,28856.44,29586.0,29432.0,28,09:57,29379.25,22,29,6,09:58,29378.5,23,42,9,10:11,29459.75,ratchet_stop,,none,5m_hi_confirm_1m_close,0,-81.25,-81.75,0.5,14,47.0,89.0,0,0,0,F3_EXPAND_RATCHET_HI_T423,29584.0,29397.5,186.5,1.0843,1.0,0.0
M26,2026-06-09,SHORT,1m_expand_break,expand_break,F3,0,29818.9155,,,,-7.0,-0.227781,29748.0,29633.25,29690.625,114.75,4.23,29262.6075,29750.0,29464.0,41,10:10,29566.0,35,42,9,10:11,29565.0,36,71,15,10:40,29465.25,ratchet_stop,,none,5m_hi_confirm_1m_close,0,99.75,99.25,0.5,30,200.0,13.5,1,1,0,F3_EXPAND_RATCHET_HI_T423,29783.75,29624.0,159.75,1.3922,3.0,11.0
M26,2026-06-10,SHORT,1m_expand_break,expand_break,F3,0,29061.5545,,,,-7.0,-0.943786,28953.25,28778.0,28865.625,175.25,4.23,28211.9425,28955.25,28840.75,103,11:12,28751.75,97,104,21,11:13,28753.0,98,114,23,11:23,28842.0,ratchet_stop,,none,5m_hi_confirm_1m_close,0,-89.0,-89.5,0.5,11,89.5,94.25,0,0,0,F3_EXPAND_RATCHET_HI_T423,29047.5,28761.75,285.75,1.6305,4.0,76.0
M26,2026-06-11,SHORT,1m_expand_break,expand_break,F3,0,28857.4745,,,,-7.0,-0.358151,28786.25,28671.0,28728.625,115.25,4.23,28298.7425,28788.25,28699.25,89,10:58,28630.0,83,90,18,10:59,28625.0,84,101,21,11:10,28743.5,ratchet_stop,,none,5m_hi_confirm_1m_close,0,-118.5,-119.0,0.5,12,47.5,135.5,0,0,0,F3_EXPAND_RATCHET_HI_T423,28940.0,28650.75,289.25,2.5098,6.0,35.0
U26,2026-06-18,SHORT,1m_expand_break,expand_break,F3,0,30697.8485,,,,-8.0,-0.802222,30615.5,30482.25,30548.875,133.25,4.23,30051.8525,30617.5,30483.5,6,09:35,30469.0,0,7,2,09:36,30468.75,1,21,5,09:50,30492.0,ratchet_stop,,none,5m_hi_confirm_1m_close,0,-23.25,-23.75,0.5,15,77.75,41.25,0,0,0,F3_EXPAND_RATCHET_HI_T423,30615.5,30482.25,133.25,1.0,0.0,0.0
U26,2026-06-25,SHORT,1m_expand_break,expand_break,F3,0,30287.554,,,,-7.0,-0.333068,30193.0,30040.0,30116.5,153.0,4.23,29545.81,30195.0,30090.5,8,09:37,30029.75,2,9,2,09:38,30029.5,3,19,4,09:48,29545.81,target_4.23,,none,5m_hi_confirm_1m_close,0,483.69,483.19,0.5,11,499.25,6.25,1,1,1,F3_EXPAND_RATCHET_HI_T423,30193.0,30040.0,153.0,1.0,0.0,0.0
U26,2026-07-01,SHORT,1m_expand_break,expand_break,F3,0,30355.9445,,,,-8.0,-0.690181,30260.0,30104.75,30182.375,155.25,4.23,29603.2925,30262.0,30162.5,6,09:35,30102.5,0,7,2,09:36,30102.5,1,17,4,09:46,30197.5,ratchet_stop,,none,5m_hi_confirm_1m_close,0,-95.0,-95.5,0.5,11,8.0,104.75,0,0,0,F3_EXPAND_RATCHET_HI_T423,30260.0,30104.75,155.25,1.0,0.0,0.0
U26,2026-07-07,SHORT,1m_expand_break,expand_break,F3,0,29791.119,,,,-7.0,-0.793934,29685.75,29515.25,29600.5,170.5,4.23,28964.535,29687.75,29274.75,9,09:38,29502.75,3,10,2,09:39,29501.5,4,81,17,10:50,29275.0,ratchet_stop,,none,5m_hi_confirm_1m_close,0,226.5,226.0,0.5,72,291.5,105.5,1,0,0,F3_EXPAND_RATCHET_HI_T423,29685.75,29503.75,182.0,1.0674,1.0,0.0
U26,2026-07-13,SHORT,1m_expand_break,expand_break,F3,0,29802.449,,,,-7.0,-0.493283,29737.25,29631.75,29684.5,105.5,4.23,29290.985,29739.25,29600.75,8,09:37,29619.75,2,9,2,09:38,29620.25,3,29,6,09:58,29607.25,ratchet_stop,,none,5m_hi_confirm_1m_close,0,13.0,12.5,0.5,21,102.25,46.5,0,0,0,F3_EXPAND_RATCHET_HI_T423,29737.25,29626.25,111.0,1.0521,1.0,0.0
U26,2026-07-14,SHORT,1m_expand_break,expand_break,F3,0,29893.618,,,,-8.0,-0.274942,29815.75,29689.75,29752.75,126.0,4.23,29282.77,29817.75,29690.5,36,10:05,29670.0,30,37,8,10:06,29669.75,31,53,11,10:22,29708.5,ratchet_stop,,none,5m_hi_confirm_1m_close,0,-38.75,-39.25,0.5,17,102.25,45.25,0,0,0,F3_EXPAND_RATCHET_HI_T423,29815.75,29685.0,130.75,1.0377,1.0,0.0
U26,2026-07-16,SHORT,1m_expand_break,expand_break,F3,0,29595.1905,,,,-6.0,-0.94826,29532.0,29429.75,29480.875,102.25,4.23,29099.4825,29534.0,29342.75,6,09:35,29417.25,0,7,2,09:36,29418.75,1,30,6,09:59,29347.5,ratchet_stop,,none,5m_hi_confirm_1m_close,0,71.25,70.75,0.5,24,163.25,52.25,1,0,0,F3_EXPAND_RATCHET_HI_T423,29532.0,29429.75,102.25,1.0,0.0,0.0
U26,2026-07-17,SHORT,1m_expand_break,expand_break,F3,0,28776.3825,,,,-6.0,-0.82075,28686.0,28539.75,28612.875,146.25,4.23,28067.3625,28688.0,28512.0,7,09:36,28523.25,1,8,2,09:37,28523.75,2,21,5,09:50,28520.75,ratchet_stop,,none,5m_hi_confirm_1m_close,0,3.0,2.5,0.5,14,115.5,14.25,0,0,0,F3_EXPAND_RATCHET_HI_T423,28686.0,28530.75,155.25,1.0615,1.0,0.0
U26,2026-07-21,SHORT,1m_expand_break,expand_break,F3,0,29316.2385,,,,-7.0,-0.461546,29246.25,29133.0,29189.625,113.25,4.23,28767.2025,29248.25,29153.5,17,09:46,29114.75,11,18,4,09:47,29114.5,12,31,7,10:00,29170.0,ratchet_stop,,none,5m_hi_confirm_1m_close,0,-55.5,-56.0,0.5,14,22.0,74.0,0,0,0,F3_EXPAND_RATCHET_HI_T423,29246.25,29126.0,120.25,1.0618,2.0,0.0
U26,2026-07-28,SHORT,1m_expand_break,expand_break,F3,0,28066.6235,,,,-5.0,-0.525227,27992.0,27871.25,27931.625,120.75,4.23,27481.2275,27994.0,27720.5,7,09:36,27860.5,1,8,2,09:37,27861.0,2,36,8,10:05,27766.25,ratchet_stop,,none,5m_hi_confirm_1m_close,0,94.75,94.25,0.5,29,219.25,17.5,1,0,0,F3_EXPAND_RATCHET_HI_T423,27992.0,27871.25,120.75,1.0,0.0,0.0
U26,2026-08-11,SHORT,1m_expand_break,expand_break,F3,0,29914.188,,,,-8.0,-0.335205,29842.5,29726.5,29784.5,116.0,4.23,29351.82,29844.5,29725.0,6,09:35,29698.25,0,7,2,09:36,29697.25,1,30,6,09:59,29732.75,ratchet_stop,,none,5m_hi_confirm_1m_close,0,-35.5,-36.0,0.5,24,65.5,59.0,0,0,0,F3_EXPAND_RATCHET_HI_T423,29842.5,29726.5,116.0,1.0,0.0,0.0
U26,2026-08-12,SHORT,1m_expand_break,expand_break,F3,0,30078.382,,,,-8.0,-0.443299,30001.75,29877.75,29939.75,124.0,4.23,29477.23,30003.75,29842.5,124,11:33,29826.0,118,125,25,11:34,29825.5,119,143,29,11:52,29847.75,ratchet_stop,,none,5m_hi_confirm_1m_close,0,-22.25,-22.75,0.5,19,7.0,32.75,0,0,0,F3_EXPAND_RATCHET_HI_T423,30001.75,29828.25,173.5,1.3992,5.0,0.0
U26,2026-08-14,SHORT,1m_expand_break,expand_break,F3,0,30308.8975,,,,-5.0,-0.843128,30269.5,30205.75,30237.625,63.75,4.23,29999.8375,30271.5,30222.0,6,09:35,30199.75,0,7,2,09:36,30200.5,1,16,4,09:45,30265.75,ratchet_stop,,none,5m_hi_confirm_1m_close,0,-65.25,-65.75,0.5,10,30.75,74.75,0,0,0,F3_EXPAND_RATCHET_HI_T423,30269.5,30205.75,63.75,1.0,0.0,0.0
U26,2026-08-17,SHORT,1m_expand_break,expand_break,F3,0,30312.35,,,,-5.0,-0.817748,30266.0,30191.0,30228.5,75.0,4.23,29948.75,30268.0,30113.5,223,13:12,30149.0,217,224,45,13:13,30149.25,218,252,51,13:41,30114.0,ratchet_stop,,none,5m_hi_confirm_1m_close,0,35.25,34.75,0.5,29,62.75,1.25,0,0,0,F3_EXPAND_RATCHET_HI_T423,30278.0,30152.25,125.75,1.6767,10.0,6.0
U26,2026-08-19,SHORT,1m_expand_break,expand_break,F3,0,29800.9965,,,,-5.0,-0.435983,29742.75,29648.5,29695.625,94.25,4.23,29344.0725,29744.75,29462.0,7,09:36,29626.5,1,8,2,09:37,29627.25,2,60,12,10:29,29482.5,ratchet_stop,,none,5m_hi_confirm_1m_close,0,144.75,144.25,0.5,53,251.5,23.0,1,1,0,F3_EXPAND_RATCHET_HI_T423,29742.75,29648.5,94.25,1.0,0.0,0.0
U26,2026-08-21,SHORT,1m_expand_break,expand_break,F3,0,29549.0785,,,,-8.0,-0.72187,29476.0,29357.75,29416.875,118.25,4.23,28975.8025,29478.0,29320.25,14,09:43,29314.5,8,15,3,09:44,29314.5,9,36,8,10:05,29320.75,ratchet_stop,,none,5m_hi_confirm_1m_close,0,-6.25,-6.75,0.5,22,58.75,44.75,0,0,0,F3_EXPAND_RATCHET_HI_T423,29476.0,29319.0,157.0,1.3277,3.0,0.0
H26,2025-12-17,SHORT,1m_expand_break,expand_break,F3,1,25481.431,,,,-8.0,-0.564224,25447.75,25393.25,25420.5,54.5,2.618,25305.069,25449.75,25449.75,6,09:35,25379.25,0,7,2,09:36,25379.0,1,12,3,09:41,25305.069,target_2.618,,vwap,5m_hi_confirm_1m_close,5,73.931,73.431,0.5,6,74.0,1.75,1,0,0,F3_EXPAND_INV1618_HOLD_VWAP_T2618,25447.75,25393.25,54.5,1.0,0.0,0.0
H26,2025-12-18,SHORT,1m_expand_break,expand_break,F3,1,25374.7685,,,,-6.0,-0.772303,25329.5,25256.25,25292.875,73.25,2.618,25137.7315,25331.5,25227.5,6,09:35,25242.25,0,7,2,09:36,25241.75,1,23,5,09:52,25237.0,ratchet_stop,,vwap,5m_hi_confirm_1m_close,16,4.75,4.25,0.5,17,80.5,25.5,0,0,0,F3_EXPAND_INV1618_HOLD_VWAP_T2618,25329.5,25256.25,73.25,1.0,0.0,0.0
H26,2025-12-22,SHORT,1m_expand_break,expand_break,F3,1,25856.859,,,,-7.0,-0.506942,25794.75,25694.25,25744.5,100.5,2.618,25531.641,25796.75,25674.5,66,10:35,25660.25,60,67,14,10:36,25660.5,61,76,16,10:45,25676.25,ratchet_stop,,vwap,5m_hi_confirm_1m_close,9,-15.75,-16.25,0.5,10,32.5,20.5,0,0,0,F3_EXPAND_INV1618_HOLD_VWAP_T2618,25794.75,25668.0,126.75,1.2612,3.0,0.0
H26,2026-01-05,SHORT,1m_expand_break,expand_break,F3,1,25728.5835,,,,-7.0,-0.844601,25672.5,25581.75,25627.125,90.75,2.618,25434.9165,25674.5,25674.5,6,09:35,25573.25,0,7,2,09:36,25573.0,1,15,3,09:44,25602.0,hold_exit_above_dvwap,above_dvwap,vwap,5m_hi_confirm_1m_close,8,-29.0,-29.5,0.5,9,34.5,40.25,0,0,0,F3_EXPAND_INV1618_HOLD_VWAP_T2618,25672.5,25581.75,90.75,1.0,0.0,0.0
H26,2026-01-08,SHORT,1m_expand_break,expand_break,F3,1,25871.289,,,,-8.0,-0.241331,25803.0,25692.5,25747.75,110.5,2.618,25513.711,25805.0,25658.5,9,09:38,25688.5,3,10,2,09:39,25688.25,4,39,8,10:08,25671.25,ratchet_stop,,vwap,5m_hi_confirm_1m_close,29,17.0,16.5,0.5,30,119.25,19.75,0,0,0,F3_EXPAND_INV1618_HOLD_VWAP_T2618,25803.0,25692.5,110.5,1.0,0.0,0.0
H26,2026-01-15,SHORT,1m_expand_break,expand_break,F3,1,25986.42,,,,-5.0,-0.511924,25946.25,25881.25,25913.75,65.0,2.618,25776.08,25948.25,25948.25,6,09:35,25881.0,0,7,2,09:36,25881.0,1,14,3,09:43,25902.25,hold_exit_above_dvwap,above_dvwap,vwap,5m_hi_confirm_1m_close,7,-21.25,-21.75,0.5,8,27.5,29.75,0,0,0,F3_EXPAND_INV1618_HOLD_VWAP_T2618,25946.25,25881.25,65.0,1.0,0.0,0.0
H26,2026-01-21,SHORT,1m_expand_break,expand_break,F3,1,25268.364,,,,-6.0,-0.259412,25223.25,25150.25,25186.75,73.0,2.618,25032.136,25225.25,25225.25,11,09:40,25135.0,5,12,3,09:41,25134.75,6,14,3,09:43,25193.75,hold_exit_above_dvwap,above_dvwap,vwap,5m_hi_confirm_1m_close,2,-59.0,-59.5,0.5,3,7.25,69.25,0,0,0,F3_EXPAND_INV1618_HOLD_VWAP_T2618,25223.25,25141.75,81.5,1.1164,2.0,0.0
H26,2026-01-22,SHORT,1m_expand_break,expand_break,F3,1,25773.156,,,,-9.0,-0.333606,25731.75,25664.75,25698.25,67.0,2.618,25556.344,25733.75,25733.75,6,09:35,25651.75,0,7,2,09:36,25652.75,1,8,2,09:37,25676.5,hold_exit_above_dvwap,above_dvwap,vwap,5m_hi_confirm_1m_close,1,-23.75,-24.25,0.5,2,17.0,24.75,0,0,0,F3_EXPAND_INV1618_HOLD_VWAP_T2618,25731.75,25664.75,67.0,1.0,0.0,0.0
H26,2026-01-23,SHORT,1m_expand_break,expand_break,F3,1,25694.0605,,,,-5.0,-0.802518,25652.5,25585.25,25618.875,67.25,2.618,25476.4395,25654.5,25654.5,8,09:37,25570.0,2,9,2,09:38,25571.5,3,12,3,09:41,25616.25,hold_exit_above_dvwap,above_dvwap,vwap,5m_hi_confirm_1m_close,3,-44.75,-45.25,0.5,4,7.5,48.0,0,0,0,F3_EXPAND_INV1618_HOLD_VWAP_T2618,25652.5,25579.75,72.75,1.0818,1.0,0.0
H26,2026-01-27,SHORT,1m_expand_break,expand_break,F3,1,26048.035,,,,-6.0,-0.793903,26012.5,25955.0,25983.75,57.5,2.618,25861.965,26014.5,26014.5,6,09:35,25951.0,0,7,2,09:36,25951.75,1,12,3,09:41,25966.75,hold_exit_above_dvwap,above_dvwap,vwap,5m_hi_confirm_1m_close,5,-15.0,-15.5,0.5,6,34.5,16.25,0,0,0,F3_EXPAND_INV1618_HOLD_VWAP_T2618,26012.5,25955.0,57.5,1.0,0.0,0.0
H26,2026-01-29,SHORT,1m_expand_break,expand_break,F3,1,26231.547,,,,-6.0,-0.65788,26175.0,26083.5,26129.25,91.5,2.618,25935.453,26177.0,26100.75,6,09:35,26062.5,0,7,2,09:36,26064.0,1,16,4,09:45,25935.453,target_2.618,,vwap,5m_hi_confirm_1m_close,9,128.547,128.047,0.5,10,138.5,4.5,1,0,0,F3_EXPAND_INV1618_HOLD_VWAP_T2618,26175.0,26083.5,91.5,1.0,0.0,0.0
H26,2026-02-03,SHORT,1m_expand_break,expand_break,F3,1,26022.393,,,,-5.0,-0.029144,25952.25,25838.75,25895.5,113.5,2.618,25655.107,25954.25,25811.75,12,09:41,25806.0,6,13,3,09:42,25807.0,7,28,6,09:57,25655.107,target_2.618,,vwap,5m_hi_confirm_1m_close,15,151.893,151.393,0.5,16,154.25,8.5,1,0,0,F3_EXPAND_INV1618_HOLD_VWAP_T2618,25952.25,25810.0,142.25,1.2533,3.0,0.0
H26,2026-02-11,SHORT,1m_expand_break,expand_break,F3,1,25526.5865,,,,-6.0,-0.813482,25465.25,25366.0,25415.625,99.25,2.618,25205.4135,25467.25,25416.5,7,09:36,25360.75,1,8,2,09:37,25362.0,2,16,4,09:45,25425.75,ratchet_stop,,vwap,5m_hi_confirm_1m_close,8,-63.75,-64.25,0.5,9,22.75,64.25,0,0,0,F3_EXPAND_INV1618_HOLD_VWAP_T2618,25465.25,25361.75,103.5,1.0428,1.0,0.0
H26,2026-02-26,SHORT,1m_expand_break,expand_break,F3,1,25395.148,,,,-7.0,-0.21623,25342.0,25256.0,25299.0,86.0,2.618,25116.852,25344.0,25210.75,7,09:36,25234.0,1,8,2,09:37,25234.0,2,43,9,10:12,25116.852,target_2.618,,vwap,5m_hi_confirm_1m_close,35,117.148,116.648,0.5,36,146.75,61.75,1,0,0,F3_EXPAND_INV1618_HOLD_VWAP_T2618,25342.0,25256.0,86.0,1.0,0.0,0.0
M26,2026-03-27,SHORT,1m_expand_break,expand_break,F3,1,23730.2805,,,,-7.0,-0.385654,23664.0,23556.75,23610.375,107.25,2.618,23383.2195,23666.0,23666.0,6,09:35,23554.25,0,7,2,09:36,23554.0,1,9,2,09:38,23597.75,hold_exit_above_dvwap,above_dvwap,vwap,5m_hi_confirm_1m_close,2,-43.75,-44.25,0.5,3,22.0,52.25,0,0,0,F3_EXPAND_INV1618_HOLD_VWAP_T2618,23664.0,23556.75,107.25,1.0,0.0,0.0
M26,2026-03-30,SHORT,1m_expand_break,expand_break,F3,1,23588.1535,,,,-6.0,-0.714987,23538.25,23457.5,23497.875,80.75,2.618,23326.8465,23540.25,23405.0,6,09:35,23443.75,0,7,2,09:36,23444.25,1,26,6,09:55,23326.8465,target_2.618,,vwap,5m_hi_confirm_1m_close,19,117.4035,116.9035,0.5,20,121.25,5.0,1,0,0,F3_EXPAND_INV1618_HOLD_VWAP_T2618,23538.25,23457.5,80.75,1.0,0.0,0.0
M26,2026-04-07,SHORT,1m_expand_break,expand_break,F3,1,24375.98,,,,-7.0,-0.380328,24308.0,24198.0,24253.0,110.0,2.618,24020.02,24310.0,24203.75,18,09:47,24159.75,12,19,4,09:48,24160.75,13,37,8,10:06,24020.02,target_2.618,,vwap,5m_hi_confirm_1m_close,18,140.73,140.23,0.5,19,148.75,47.0,1,0,0,F3_EXPAND_INV1618_HOLD_VWAP_T2618,24308.0,24177.0,131.0,1.1909,3.0,0.0
M26,2026-04-09,SHORT,1m_expand_break,expand_break,F3,1,25155.721,,,,-7.0,-0.667477,25103.5,25019.0,25061.25,84.5,2.618,24882.279,25105.5,24989.25,46,10:15,24996.0,40,47,10,10:16,24995.75,41,74,15,10:43,24990.5,ratchet_stop,,vwap,5m_hi_confirm_1m_close,27,5.25,4.75,0.5,28,35.25,12.25,0,0,0,F3_EXPAND_INV1618_HOLD_VWAP_T2618,25111.5,25001.0,110.5,1.3077,7.0,0.0
M26,2026-04-27,SHORT,1m_expand_break,expand_break,F3,1,27479.9595,,,,-7.0,-0.497537,27435.0,27362.25,27398.625,72.75,2.618,27244.5405,27437.0,27401.0,18,09:47,27345.75,12,19,4,09:48,27346.25,13,25,5,09:54,27378.75,hold_exit_above_dvwap,above_dvwap,vwap,5m_hi_confirm_1m_close,6,-32.5,-33.0,0.5,7,47.75,35.75,0,0,0,F3_EXPAND_INV1618_HOLD_VWAP_T2618,27435.0,27350.0,85.0,1.1684,3.0,0.0
M26,2026-04-30,SHORT,1m_expand_break,expand_break,F3,1,27584.3545,,,,-8.0,-0.401337,27491.5,27341.25,27416.375,150.25,2.618,27098.1455,27493.5,27373.0,6,09:35,27332.5,0,7,2,09:36,27333.5,1,16,4,09:45,27359.75,hold_exit_above_dvwap,above_dvwap,vwap,5m_hi_confirm_1m_close,9,-26.25,-26.75,0.5,10,62.5,39.5,0,0,0,F3_EXPAND_INV1618_HOLD_VWAP_T2618,27491.5,27341.25,150.25,1.0,0.0,0.0
M26,2026-05-18,SHORT,1m_expand_break,expand_break,F3,1,29405.69,,,,-5.0,-0.532795,29356.25,29276.25,29316.25,80.0,2.618,29146.81,29358.25,29301.75,7,09:36,29258.25,1,8,2,09:37,29257.75,2,16,4,09:45,29146.81,target_2.618,,vwap,5m_hi_confirm_1m_close,8,110.94,110.44,0.5,9,117.75,29.25,1,0,0,F3_EXPAND_INV1618_HOLD_VWAP_T2618,29356.25,29271.25,85.0,1.0625,1.0,0.0
M26,2026-05-26,SHORT,1m_expand_break,expand_break,F3,1,29992.474,,,,-7.0,-0.72972,29935.0,29842.0,29888.5,93.0,2.618,29691.526,29937.0,29937.0,6,09:35,29840.5,0,7,2,09:36,29840.75,1,12,3,09:41,29903.5,hold_exit_above_dvwap,above_dvwap,vwap,5m_hi_confirm_1m_close,5,-62.75,-63.25,0.5,6,6.25,69.25,0,0,0,F3_EXPAND_INV1618_HOLD_VWAP_T2618,29935.0,29842.0,93.0,1.0,0.0,0.0
M26,2026-05-27,SHORT,1m_expand_break,expand_break,F3,1,30232.9425,,,,-6.0,-0.012362,30192.0,30125.75,30158.875,66.25,2.618,30018.5575,30194.0,30194.0,6,09:35,30116.0,0,7,2,09:36,30116.5,1,14,3,09:43,30018.5575,target_2.618,,vwap,5m_hi_confirm_1m_close,7,97.9425,97.4425,0.5,8,132.0,14.75,1,0,0,F3_EXPAND_INV1618_HOLD_VWAP_T2618,30192.0,30125.75,66.25,1.0,0.0,0.0
M26,2026-06-02,SHORT,1m_expand_break,expand_break,F3,1,30630.0135,,,,-8.0,-0.277285,30567.75,30467.0,30517.375,100.75,2.618,30303.9865,30569.75,30569.75,6,09:35,30456.0,0,7,2,09:36,30457.25,1,14,3,09:43,30485.0,hold_exit_above_dvwap,above_dvwap,vwap,5m_hi_confirm_1m_close,7,-27.75,-28.25,0.5,8,33.5,30.0,0,0,0,F3_EXPAND_INV1618_HOLD_VWAP_T2618,30567.75,30467.0,100.75,1.0,0.0,0.0
M26,2026-06-03,SHORT,1m_expand_break,expand_break,F3,1,30865.6875,,,,-6.0,-0.980843,30807.75,30714.0,30760.875,93.75,2.618,30562.3125,30809.75,30737.5,6,09:35,30680.0,0,7,2,09:36,30680.5,1,18,4,09:47,30562.3125,target_2.618,,vwap,5m_hi_confirm_1m_close,11,118.1875,117.6875,0.5,12,137.0,57.0,1,0,0,F3_EXPAND_INV1618_HOLD_VWAP_T2618,30807.75,30714.0,93.75,1.0,0.0,0.0
M26,2026-06-08,SHORT,1m_expand_break,expand_break,F3,1,29690.296,,,,-7.0,-0.860368,29584.0,29412.0,29498.0,172.0,2.618,29133.704,29586.0,29432.0,28,09:57,29379.25,22,29,6,09:58,29378.5,23,42,9,10:11,29459.75,ratchet_stop,,vwap,5m_hi_confirm_1m_close,13,-81.25,-81.75,0.5,14,47.0,89.0,0,0,0,F3_EXPAND_INV1618_HOLD_VWAP_T2618,29584.0,29397.5,186.5,1.0843,1.0,0.0
U26,2026-06-18,SHORT,1m_expand_break,expand_break,F3,1,30697.8485,,,,-8.0,-0.802222,30615.5,30482.25,30548.875,133.25,2.618,30266.6515,30617.5,30503.5,6,09:35,30469.0,0,7,2,09:36,30468.75,1,20,4,09:49,30497.0,hold_exit_above_dvwap,above_dvwap,vwap,5m_hi_confirm_1m_close,13,-28.25,-28.75,0.5,14,77.75,33.5,0,0,0,F3_EXPAND_INV1618_HOLD_VWAP_T2618,30615.5,30482.25,133.25,1.0,0.0,0.0
U26,2026-06-25,SHORT,1m_expand_break,expand_break,F3,1,30287.554,,,,-7.0,-0.333068,30193.0,30040.0,30116.5,153.0,2.618,29792.446,30195.0,30195.0,8,09:37,30029.75,2,9,2,09:38,30029.5,3,14,3,09:43,29792.446,target_2.618,,vwap,5m_hi_confirm_1m_close,5,237.054,236.554,0.5,6,271.25,6.25,1,0,0,F3_EXPAND_INV1618_HOLD_VWAP_T2618,30193.0,30040.0,153.0,1.0,0.0,0.0
U26,2026-07-01,SHORT,1m_expand_break,expand_break,F3,1,30355.9445,,,,-8.0,-0.690181,30260.0,30104.75,30182.375,155.25,2.618,29853.5555,30262.0,30262.0,6,09:35,30102.5,0,7,2,09:36,30102.5,1,12,3,09:41,30161.5,hold_exit_above_dvwap,above_dvwap,vwap,5m_hi_confirm_1m_close,5,-59.0,-59.5,0.5,6,8.0,81.75,0,0,0,F3_EXPAND_INV1618_HOLD_VWAP_T2618,30260.0,30104.75,155.25,1.0,0.0,0.0
U26,2026-07-07,SHORT,1m_expand_break,expand_break,F3,1,29791.119,,,,-7.0,-0.793934,29685.75,29515.25,29600.5,170.5,2.618,29239.381,29687.75,29687.75,9,09:38,29502.75,3,10,2,09:39,29501.5,4,11,3,09:40,29586.5,hold_exit_above_dvwap,above_dvwap,vwap,5m_hi_confirm_1m_close,1,-85.0,-85.5,0.5,2,6.75,85.75,0,0,0,F3_EXPAND_INV1618_HOLD_VWAP_T2618,29685.75,29503.75,182.0,1.0674,1.0,0.0
U26,2026-07-13,SHORT,1m_expand_break,expand_break,F3,1,29802.449,,,,-7.0,-0.493283,29737.25,29631.75,29684.5,105.5,2.618,29461.051,29739.25,29600.75,8,09:37,29619.75,2,9,2,09:38,29620.25,3,29,6,09:58,29607.25,ratchet_stop,,vwap,5m_hi_confirm_1m_close,20,13.0,12.5,0.5,21,102.25,46.5,0,0,0,F3_EXPAND_INV1618_HOLD_VWAP_T2618,29737.25,29626.25,111.0,1.0521,1.0,0.0
U26,2026-07-14,SHORT,1m_expand_break,expand_break,F3,1,29893.618,,,,-8.0,-0.274942,29815.75,29689.75,29752.75,126.0,2.618,29485.882,29817.75,29690.5,36,10:05,29670.0,30,37,8,10:06,29669.75,31,53,11,10:22,29708.5,ratchet_stop,,vwap,5m_hi_confirm_1m_close,16,-38.75,-39.25,0.5,17,102.25,45.25,0,0,0,F3_EXPAND_INV1618_HOLD_VWAP_T2618,29815.75,29685.0,130.75,1.0377,1.0,0.0
U26,2026-07-16,SHORT,1m_expand_break,expand_break,F3,1,29595.1905,,,,-6.0,-0.94826,29532.0,29429.75,29480.875,102.25,2.618,29264.3095,29534.0,29471.0,6,09:35,29417.25,0,7,2,09:36,29418.75,1,20,4,09:49,29264.3095,target_2.618,,vwap,5m_hi_confirm_1m_close,13,154.4405,153.9405,0.5,14,154.5,52.25,1,0,0,F3_EXPAND_INV1618_HOLD_VWAP_T2618,29532.0,29429.75,102.25,1.0,0.0,0.0
U26,2026-07-17,SHORT,1m_expand_break,expand_break,F3,1,28776.3825,,,,-6.0,-0.82075,28686.0,28539.75,28612.875,146.25,2.618,28303.1175,28688.0,28512.0,7,09:36,28523.25,1,8,2,09:37,28523.75,2,21,5,09:50,28520.75,ratchet_stop,,vwap,5m_hi_confirm_1m_close,13,3.0,2.5,0.5,14,115.5,14.25,0,0,0,F3_EXPAND_INV1618_HOLD_VWAP_T2618,28686.0,28530.75,155.25,1.0615,1.0,0.0
U26,2026-07-21,SHORT,1m_expand_break,expand_break,F3,1,29316.2385,,,,-7.0,-0.461546,29246.25,29133.0,29189.625,113.25,2.618,28949.7615,29248.25,29153.5,17,09:46,29114.75,11,18,4,09:47,29114.5,12,31,7,10:00,29170.0,ratchet_stop,,vwap,5m_hi_confirm_1m_close,13,-55.5,-56.0,0.5,14,22.0,74.0,0,0,0,F3_EXPAND_INV1618_HOLD_VWAP_T2618,29246.25,29126.0,120.25,1.0618,2.0,0.0
U26,2026-07-28,SHORT,1m_expand_break,expand_break,F3,1,28066.6235,,,,-5.0,-0.525227,27992.0,27871.25,27931.625,120.75,2.618,27675.8765,27994.0,27926.25,7,09:36,27860.5,1,8,2,09:37,27861.0,2,17,4,09:46,27675.8765,target_2.618,,vwap,5m_hi_confirm_1m_close,9,185.1235,184.6235,0.5,10,188.0,17.5,1,0,0,F3_EXPAND_INV1618_HOLD_VWAP_T2618,27992.0,27871.25,120.75,1.0,0.0,0.0
U26,2026-08-11,SHORT,1m_expand_break,expand_break,F3,1,29914.188,,,,-8.0,-0.335205,29842.5,29726.5,29784.5,116.0,2.618,29538.812,29844.5,29844.5,6,09:35,29698.25,0,7,2,09:36,29697.25,1,12,3,09:41,29744.25,hold_exit_above_dvwap,above_dvwap,vwap,5m_hi_confirm_1m_close,5,-47.0,-47.5,0.5,6,18.25,58.5,0,0,0,F3_EXPAND_INV1618_HOLD_VWAP_T2618,29842.5,29726.5,116.0,1.0,0.0,0.0
U26,2026-08-12,SHORT,1m_expand_break,expand_break,F3,1,30078.382,,,,-8.0,-0.443299,30001.75,29877.75,29939.75,124.0,2.618,29677.118,30003.75,29842.5,124,11:33,29826.0,118,125,25,11:34,29825.5,119,143,29,11:52,29847.75,ratchet_stop,,vwap,5m_hi_confirm_1m_close,18,-22.25,-22.75,0.5,19,7.0,32.75,0,0,0,F3_EXPAND_INV1618_HOLD_VWAP_T2618,30001.75,29828.25,173.5,1.3992,5.0,0.0
U26,2026-08-14,SHORT,1m_expand_break,expand_break,F3,1,30308.8975,,,,-5.0,-0.843128,30269.5,30205.75,30237.625,63.75,2.618,30102.6025,30271.5,30271.5,6,09:35,30199.75,0,7,2,09:36,30200.5,1,13,3,09:42,30238.0,hold_exit_above_dvwap,above_dvwap,vwap,5m_hi_confirm_1m_close,6,-37.5,-38.0,0.5,7,30.75,39.75,0,0,0,F3_EXPAND_INV1618_HOLD_VWAP_T2618,30269.5,30205.75,63.75,1.0,0.0,0.0
U26,2026-08-17,SHORT,1m_expand_break,expand_break,F3,1,30312.35,,,,-5.0,-0.817748,30266.0,30191.0,30228.5,75.0,2.618,30069.65,30268.0,30113.5,223,13:12,30149.0,217,224,45,13:13,30149.25,218,252,51,13:41,30114.0,ratchet_stop,,vwap,5m_hi_confirm_1m_close,28,35.25,34.75,0.5,29,62.75,1.25,0,0,0,F3_EXPAND_INV1618_HOLD_VWAP_T2618,30278.0,30152.25,125.75,1.6767,10.0,6.0
U26,2026-08-19,SHORT,1m_expand_break,expand_break,F3,1,29800.9965,,,,-5.0,-0.435983,29742.75,29648.5,29695.625,94.25,2.618,29496.0035,29744.75,29688.25,7,09:36,29626.5,1,8,2,09:37,29627.25,2,20,4,09:49,29496.0035,target_2.618,,vwap,5m_hi_confirm_1m_close,12,131.2465,130.7465,0.5,13,169.0,23.0,1,0,0,F3_EXPAND_INV1618_HOLD_VWAP_T2618,29742.75,29648.5,94.25,1.0,0.0,0.0
U26,2026-08-21,SHORT,1m_expand_break,expand_break,F3,1,29549.0785,,,,-8.0,-0.72187,29476.0,29357.75,29416.875,118.25,2.618,29166.4215,29478.0,29320.25,14,09:43,29314.5,8,15,3,09:44,29314.5,9,36,8,10:05,29320.75,ratchet_stop,,vwap,5m_hi_confirm_1m_close,21,-6.25,-6.75,0.5,22,58.75,44.75,0,0,0,F3_EXPAND_INV1618_HOLD_VWAP_T2618,29476.0,29319.0,157.0,1.3277,3.0,0.0
H26,2025-12-17,SHORT,1m_expand_break,expand_break,F3,1,25481.431,,,,-8.0,-0.564224,25447.75,25393.25,25420.5,54.5,3.33,25266.265,25449.75,25406.75,6,09:35,25379.25,0,7,2,09:36,25379.0,1,17,4,09:46,25266.265,target_3.33,,vwap,5m_hi_confirm_1m_close,10,112.735,112.235,0.5,11,133.5,1.75,1,1,0,F3_EXPAND_INV1618_HOLD_VWAP_T333,25447.75,25393.25,54.5,1.0,0.0,0.0
H26,2025-12-18,SHORT,1m_expand_break,expand_break,F3,1,25374.7685,,,,-6.0,-0.772303,25329.5,25256.25,25292.875,73.25,3.33,25085.5775,25331.5,25227.5,6,09:35,25242.25,0,7,2,09:36,25241.75,1,23,5,09:52,25237.0,ratchet_stop,,vwap,5m_hi_confirm_1m_close,16,4.75,4.25,0.5,17,80.5,25.5,0,0,0,F3_EXPAND_INV1618_HOLD_VWAP_T333,25329.5,25256.25,73.25,1.0,0.0,0.0
H26,2025-12-22,SHORT,1m_expand_break,expand_break,F3,1,25856.859,,,,-7.0,-0.506942,25794.75,25694.25,25744.5,100.5,3.33,25460.085,25796.75,25674.5,66,10:35,25660.25,60,67,14,10:36,25660.5,61,76,16,10:45,25676.25,ratchet_stop,,vwap,5m_hi_confirm_1m_close,9,-15.75,-16.25,0.5,10,32.5,20.5,0,0,0,F3_EXPAND_INV1618_HOLD_VWAP_T333,25794.75,25668.0,126.75,1.2612,3.0,0.0
H26,2026-01-05,SHORT,1m_expand_break,expand_break,F3,1,25728.5835,,,,-7.0,-0.844601,25672.5,25581.75,25627.125,90.75,3.33,25370.3025,25674.5,25674.5,6,09:35,25573.25,0,7,2,09:36,25573.0,1,15,3,09:44,25602.0,hold_exit_above_dvwap,above_dvwap,vwap,5m_hi_confirm_1m_close,8,-29.0,-29.5,0.5,9,34.5,40.25,0,0,0,F3_EXPAND_INV1618_HOLD_VWAP_T333,25672.5,25581.75,90.75,1.0,0.0,0.0
H26,2026-01-08,SHORT,1m_expand_break,expand_break,F3,1,25871.289,,,,-8.0,-0.241331,25803.0,25692.5,25747.75,110.5,3.33,25435.035,25805.0,25658.5,9,09:38,25688.5,3,10,2,09:39,25688.25,4,39,8,10:08,25671.25,ratchet_stop,,vwap,5m_hi_confirm_1m_close,29,17.0,16.5,0.5,30,119.25,19.75,0,0,0,F3_EXPAND_INV1618_HOLD_VWAP_T333,25803.0,25692.5,110.5,1.0,0.0,0.0
H26,2026-01-15,SHORT,1m_expand_break,expand_break,F3,1,25986.42,,,,-5.0,-0.511924,25946.25,25881.25,25913.75,65.0,3.33,25729.8,25948.25,25948.25,6,09:35,25881.0,0,7,2,09:36,25881.0,1,14,3,09:43,25902.25,hold_exit_above_dvwap,above_dvwap,vwap,5m_hi_confirm_1m_close,7,-21.25,-21.75,0.5,8,27.5,29.75,0,0,0,F3_EXPAND_INV1618_HOLD_VWAP_T333,25946.25,25881.25,65.0,1.0,0.0,0.0
H26,2026-01-21,SHORT,1m_expand_break,expand_break,F3,1,25268.364,,,,-6.0,-0.259412,25223.25,25150.25,25186.75,73.0,3.33,24980.16,25225.25,25225.25,11,09:40,25135.0,5,12,3,09:41,25134.75,6,14,3,09:43,25193.75,hold_exit_above_dvwap,above_dvwap,vwap,5m_hi_confirm_1m_close,2,-59.0,-59.5,0.5,3,7.25,69.25,0,0,0,F3_EXPAND_INV1618_HOLD_VWAP_T333,25223.25,25141.75,81.5,1.1164,2.0,0.0
H26,2026-01-22,SHORT,1m_expand_break,expand_break,F3,1,25773.156,,,,-9.0,-0.333606,25731.75,25664.75,25698.25,67.0,3.33,25508.64,25733.75,25733.75,6,09:35,25651.75,0,7,2,09:36,25652.75,1,8,2,09:37,25676.5,hold_exit_above_dvwap,above_dvwap,vwap,5m_hi_confirm_1m_close,1,-23.75,-24.25,0.5,2,17.0,24.75,0,0,0,F3_EXPAND_INV1618_HOLD_VWAP_T333,25731.75,25664.75,67.0,1.0,0.0,0.0
H26,2026-01-23,SHORT,1m_expand_break,expand_break,F3,1,25694.0605,,,,-5.0,-0.802518,25652.5,25585.25,25618.875,67.25,3.33,25428.5575,25654.5,25654.5,8,09:37,25570.0,2,9,2,09:38,25571.5,3,12,3,09:41,25616.25,hold_exit_above_dvwap,above_dvwap,vwap,5m_hi_confirm_1m_close,3,-44.75,-45.25,0.5,4,7.5,48.0,0,0,0,F3_EXPAND_INV1618_HOLD_VWAP_T333,25652.5,25579.75,72.75,1.0818,1.0,0.0
H26,2026-01-27,SHORT,1m_expand_break,expand_break,F3,1,26048.035,,,,-6.0,-0.793903,26012.5,25955.0,25983.75,57.5,3.33,25821.025,26014.5,26014.5,6,09:35,25951.0,0,7,2,09:36,25951.75,1,12,3,09:41,25966.75,hold_exit_above_dvwap,above_dvwap,vwap,5m_hi_confirm_1m_close,5,-15.0,-15.5,0.5,6,34.5,16.25,0,0,0,F3_EXPAND_INV1618_HOLD_VWAP_T333,26012.5,25955.0,57.5,1.0,0.0,0.0
H26,2026-01-29,SHORT,1m_expand_break,expand_break,F3,1,26231.547,,,,-6.0,-0.65788,26175.0,26083.5,26129.25,91.5,3.33,25870.305,26177.0,26008.25,6,09:35,26062.5,0,7,2,09:36,26064.0,1,30,6,09:59,25870.305,target_3.33,,vwap,5m_hi_confirm_1m_close,23,193.695,193.195,0.5,24,206.0,4.5,1,1,0,F3_EXPAND_INV1618_HOLD_VWAP_T333,26175.0,26083.5,91.5,1.0,0.0,0.0
H26,2026-02-03,SHORT,1m_expand_break,expand_break,F3,1,26022.393,,,,-5.0,-0.029144,25952.25,25838.75,25895.5,113.5,3.33,25574.295,25954.25,25799.5,12,09:41,25806.0,6,13,3,09:42,25807.0,7,33,7,10:02,25574.295,target_3.33,,vwap,5m_hi_confirm_1m_close,20,232.705,232.205,0.5,21,235.75,8.5,1,1,0,F3_EXPAND_INV1618_HOLD_VWAP_T333,25952.25,25810.0,142.25,1.2533,3.0,0.0
H26,2026-02-11,SHORT,1m_expand_break,expand_break,F3,1,25526.5865,,,,-6.0,-0.813482,25465.25,25366.0,25415.625,99.25,3.33,25134.7475,25467.25,25416.5,7,09:36,25360.75,1,8,2,09:37,25362.0,2,16,4,09:45,25425.75,ratchet_stop,,vwap,5m_hi_confirm_1m_close,8,-63.75,-64.25,0.5,9,22.75,64.25,0,0,0,F3_EXPAND_INV1618_HOLD_VWAP_T333,25465.25,25361.75,103.5,1.0428,1.0,0.0
H26,2026-02-26,SHORT,1m_expand_break,expand_break,F3,1,25395.148,,,,-7.0,-0.21623,25342.0,25256.0,25299.0,86.0,3.33,25055.62,25344.0,25178.0,7,09:36,25234.0,1,8,2,09:37,25234.0,2,46,10,10:15,25055.62,target_3.33,,vwap,5m_hi_confirm_1m_close,38,178.38,177.88,0.5,39,208.5,61.75,1,1,0,F3_EXPAND_INV1618_HOLD_VWAP_T333,25342.0,25256.0,86.0,1.0,0.0,0.0
M26,2026-03-27,SHORT,1m_expand_break,expand_break,F3,1,23730.2805,,,,-7.0,-0.385654,23664.0,23556.75,23610.375,107.25,3.33,23306.8575,23666.0,23666.0,6,09:35,23554.25,0,7,2,09:36,23554.0,1,9,2,09:38,23597.75,hold_exit_above_dvwap,above_dvwap,vwap,5m_hi_confirm_1m_close,2,-43.75,-44.25,0.5,3,22.0,52.25,0,0,0,F3_EXPAND_INV1618_HOLD_VWAP_T333,23664.0,23556.75,107.25,1.0,0.0,0.0
M26,2026-03-30,SHORT,1m_expand_break,expand_break,F3,1,23588.1535,,,,-6.0,-0.714987,23538.25,23457.5,23497.875,80.75,3.33,23269.3525,23540.25,23340.75,6,09:35,23443.75,0,7,2,09:36,23444.25,1,42,9,10:11,23355.25,ratchet_stop,,vwap,5m_hi_confirm_1m_close,35,89.0,88.5,0.5,36,151.5,5.0,1,0,0,F3_EXPAND_INV1618_HOLD_VWAP_T333,23538.25,23457.5,80.75,1.0,0.0,0.0
M26,2026-04-07,SHORT,1m_expand_break,expand_break,F3,1,24375.98,,,,-7.0,-0.380328,24308.0,24198.0,24253.0,110.0,3.33,23941.7,24310.0,24044.0,18,09:47,24159.75,12,19,4,09:48,24160.75,13,51,11,10:20,24067.25,ratchet_stop,,vwap,5m_hi_confirm_1m_close,32,93.5,93.0,0.5,33,166.75,47.0,1,0,0,F3_EXPAND_INV1618_HOLD_VWAP_T333,24308.0,24177.0,131.0,1.1909,3.0,0.0
M26,2026-04-09,SHORT,1m_expand_break,expand_break,F3,1,25155.721,,,,-7.0,-0.667477,25103.5,25019.0,25061.25,84.5,3.33,24822.115,25105.5,24989.25,46,10:15,24996.0,40,47,10,10:16,24995.75,41,74,15,10:43,24990.5,ratchet_stop,,vwap,5m_hi_confirm_1m_close,27,5.25,4.75,0.5,28,35.25,12.25,0,0,0,F3_EXPAND_INV1618_HOLD_VWAP_T333,25111.5,25001.0,110.5,1.3077,7.0,0.0
M26,2026-04-27,SHORT,1m_expand_break,expand_break,F3,1,27479.9595,,,,-7.0,-0.497537,27435.0,27362.25,27398.625,72.75,3.33,27192.7425,27437.0,27401.0,18,09:47,27345.75,12,19,4,09:48,27346.25,13,25,5,09:54,27378.75,hold_exit_above_dvwap,above_dvwap,vwap,5m_hi_confirm_1m_close,6,-32.5,-33.0,0.5,7,47.75,35.75,0,0,0,F3_EXPAND_INV1618_HOLD_VWAP_T333,27435.0,27350.0,85.0,1.1684,3.0,0.0
M26,2026-04-30,SHORT,1m_expand_break,expand_break,F3,1,27584.3545,,,,-8.0,-0.401337,27491.5,27341.25,27416.375,150.25,3.33,26991.1675,27493.5,27373.0,6,09:35,27332.5,0,7,2,09:36,27333.5,1,16,4,09:45,27359.75,hold_exit_above_dvwap,above_dvwap,vwap,5m_hi_confirm_1m_close,9,-26.25,-26.75,0.5,10,62.5,39.5,0,0,0,F3_EXPAND_INV1618_HOLD_VWAP_T333,27491.5,27341.25,150.25,1.0,0.0,0.0
M26,2026-05-18,SHORT,1m_expand_break,expand_break,F3,1,29405.69,,,,-5.0,-0.532795,29356.25,29276.25,29316.25,80.0,3.33,29089.85,29358.25,29282.75,7,09:36,29258.25,1,8,2,09:37,29257.75,2,25,5,09:54,29272.5,hold_exit_above_dvwap,above_dvwap,vwap,5m_hi_confirm_1m_close,17,-14.75,-15.25,0.5,18,122.75,29.25,1,0,0,F3_EXPAND_INV1618_HOLD_VWAP_T333,29356.25,29271.25,85.0,1.0625,1.0,0.0
M26,2026-05-26,SHORT,1m_expand_break,expand_break,F3,1,29992.474,,,,-7.0,-0.72972,29935.0,29842.0,29888.5,93.0,3.33,29625.31,29937.0,29937.0,6,09:35,29840.5,0,7,2,09:36,29840.75,1,12,3,09:41,29903.5,hold_exit_above_dvwap,above_dvwap,vwap,5m_hi_confirm_1m_close,5,-62.75,-63.25,0.5,6,6.25,69.25,0,0,0,F3_EXPAND_INV1618_HOLD_VWAP_T333,29935.0,29842.0,93.0,1.0,0.0,0.0
M26,2026-05-27,SHORT,1m_expand_break,expand_break,F3,1,30232.9425,,,,-6.0,-0.012362,30192.0,30125.75,30158.875,66.25,3.33,29971.3875,30194.0,30194.0,6,09:35,30116.0,0,7,2,09:36,30116.5,1,15,3,09:44,29971.3875,target_3.33,,vwap,5m_hi_confirm_1m_close,8,145.1125,144.6125,0.5,9,151.5,14.75,1,1,0,F3_EXPAND_INV1618_HOLD_VWAP_T333,30192.0,30125.75,66.25,1.0,0.0,0.0
M26,2026-06-02,SHORT,1m_expand_break,expand_break,F3,1,30630.0135,,,,-8.0,-0.277285,30567.75,30467.0,30517.375,100.75,3.33,30232.2525,30569.75,30569.75,6,09:35,30456.0,0,7,2,09:36,30457.25,1,14,3,09:43,30485.0,hold_exit_above_dvwap,above_dvwap,vwap,5m_hi_confirm_1m_close,7,-27.75,-28.25,0.5,8,33.5,30.0,0,0,0,F3_EXPAND_INV1618_HOLD_VWAP_T333,30567.75,30467.0,100.75,1.0,0.0,0.0
M26,2026-06-03,SHORT,1m_expand_break,expand_break,F3,1,30865.6875,,,,-6.0,-0.980843,30807.75,30714.0,30760.875,93.75,3.33,30495.5625,30809.75,30625.0,6,09:35,30680.0,0,7,2,09:36,30680.5,1,33,7,10:02,30631.25,ratchet_stop,,vwap,5m_hi_confirm_1m_close,26,49.25,48.75,0.5,27,184.5,57.0,1,0,0,F3_EXPAND_INV1618_HOLD_VWAP_T333,30807.75,30714.0,93.75,1.0,0.0,0.0
M26,2026-06-08,SHORT,1m_expand_break,expand_break,F3,1,29690.296,,,,-7.0,-0.860368,29584.0,29412.0,29498.0,172.0,3.33,29011.24,29586.0,29432.0,28,09:57,29379.25,22,29,6,09:58,29378.5,23,42,9,10:11,29459.75,ratchet_stop,,vwap,5m_hi_confirm_1m_close,13,-81.25,-81.75,0.5,14,47.0,89.0,0,0,0,F3_EXPAND_INV1618_HOLD_VWAP_T333,29584.0,29397.5,186.5,1.0843,1.0,0.0
U26,2026-06-18,SHORT,1m_expand_break,expand_break,F3,1,30697.8485,,,,-8.0,-0.802222,30615.5,30482.25,30548.875,133.25,3.33,30171.7775,30617.5,30503.5,6,09:35,30469.0,0,7,2,09:36,30468.75,1,20,4,09:49,30497.0,hold_exit_above_dvwap,above_dvwap,vwap,5m_hi_confirm_1m_close,13,-28.25,-28.75,0.5,14,77.75,33.5,0,0,0,F3_EXPAND_INV1618_HOLD_VWAP_T333,30615.5,30482.25,133.25,1.0,0.0,0.0
U26,2026-06-25,SHORT,1m_expand_break,expand_break,F3,1,30287.554,,,,-7.0,-0.333068,30193.0,30040.0,30116.5,153.0,3.33,29683.51,30195.0,30090.5,8,09:37,30029.75,2,9,2,09:38,30029.5,3,17,4,09:46,29683.51,target_3.33,,vwap,5m_hi_confirm_1m_close,8,345.99,345.49,0.5,9,442.0,6.25,1,1,0,F3_EXPAND_INV1618_HOLD_VWAP_T333,30193.0,30040.0,153.0,1.0,0.0,0.0
U26,2026-07-01,SHORT,1m_expand_break,expand_break,F3,1,30355.9445,,,,-8.0,-0.690181,30260.0,30104.75,30182.375,155.25,3.33,29743.0175,30262.0,30262.0,6,09:35,30102.5,0,7,2,09:36,30102.5,1,12,3,09:41,30161.5,hold_exit_above_dvwap,above_dvwap,vwap,5m_hi_confirm_1m_close,5,-59.0,-59.5,0.5,6,8.0,81.75,0,0,0,F3_EXPAND_INV1618_HOLD_VWAP_T333,30260.0,30104.75,155.25,1.0,0.0,0.0
U26,2026-07-07,SHORT,1m_expand_break,expand_break,F3,1,29791.119,,,,-7.0,-0.793934,29685.75,29515.25,29600.5,170.5,3.33,29117.985,29687.75,29687.75,9,09:38,29502.75,3,10,2,09:39,29501.5,4,11,3,09:40,29586.5,hold_exit_above_dvwap,above_dvwap,vwap,5m_hi_confirm_1m_close,1,-85.0,-85.5,0.5,2,6.75,85.75,0,0,0,F3_EXPAND_INV1618_HOLD_VWAP_T333,29685.75,29503.75,182.0,1.0674,1.0,0.0
U26,2026-07-13,SHORT,1m_expand_break,expand_break,F3,1,29802.449,,,,-7.0,-0.493283,29737.25,29631.75,29684.5,105.5,3.33,29385.935,29739.25,29600.75,8,09:37,29619.75,2,9,2,09:38,29620.25,3,29,6,09:58,29607.25,ratchet_stop,,vwap,5m_hi_confirm_1m_close,20,13.0,12.5,0.5,21,102.25,46.5,0,0,0,F3_EXPAND_INV1618_HOLD_VWAP_T333,29737.25,29626.25,111.0,1.0521,1.0,0.0
U26,2026-07-14,SHORT,1m_expand_break,expand_break,F3,1,29893.618,,,,-8.0,-0.274942,29815.75,29689.75,29752.75,126.0,3.33,29396.17,29817.75,29690.5,36,10:05,29670.0,30,37,8,10:06,29669.75,31,53,11,10:22,29708.5,ratchet_stop,,vwap,5m_hi_confirm_1m_close,16,-38.75,-39.25,0.5,17,102.25,45.25,0,0,0,F3_EXPAND_INV1618_HOLD_VWAP_T333,29815.75,29685.0,130.75,1.0377,1.0,0.0
U26,2026-07-16,SHORT,1m_expand_break,expand_break,F3,1,29595.1905,,,,-6.0,-0.94826,29532.0,29429.75,29480.875,102.25,3.33,29191.5075,29534.0,29342.75,6,09:35,29417.25,0,7,2,09:36,29418.75,1,30,6,09:59,29347.5,ratchet_stop,,vwap,5m_hi_confirm_1m_close,23,71.25,70.75,0.5,24,163.25,52.25,1,0,0,F3_EXPAND_INV1618_HOLD_VWAP_T333,29532.0,29429.75,102.25,1.0,0.0,0.0
U26,2026-07-17,SHORT,1m_expand_break,expand_break,F3,1,28776.3825,,,,-6.0,-0.82075,28686.0,28539.75,28612.875,146.25,3.33,28198.9875,28688.0,28512.0,7,09:36,28523.25,1,8,2,09:37,28523.75,2,21,5,09:50,28520.75,ratchet_stop,,vwap,5m_hi_confirm_1m_close,13,3.0,2.5,0.5,14,115.5,14.25,0,0,0,F3_EXPAND_INV1618_HOLD_VWAP_T333,28686.0,28530.75,155.25,1.0615,1.0,0.0
U26,2026-07-21,SHORT,1m_expand_break,expand_break,F3,1,29316.2385,,,,-7.0,-0.461546,29246.25,29133.0,29189.625,113.25,3.33,28869.1275,29248.25,29153.5,17,09:46,29114.75,11,18,4,09:47,29114.5,12,31,7,10:00,29170.0,ratchet_stop,,vwap,5m_hi_confirm_1m_close,13,-55.5,-56.0,0.5,14,22.0,74.0,0,0,0,F3_EXPAND_INV1618_HOLD_VWAP_T333,29246.25,29126.0,120.25,1.0618,2.0,0.0
U26,2026-07-28,SHORT,1m_expand_break,expand_break,F3,1,28066.6235,,,,-5.0,-0.525227,27992.0,27871.25,27931.625,120.75,3.33,27589.9025,27994.0,27720.5,7,09:36,27860.5,1,8,2,09:37,27861.0,2,36,8,10:05,27766.25,ratchet_stop,,vwap,5m_hi_confirm_1m_close,28,94.75,94.25,0.5,29,219.25,17.5,1,0,0,F3_EXPAND_INV1618_HOLD_VWAP_T333,27992.0,27871.25,120.75,1.0,0.0,0.0
U26,2026-08-11,SHORT,1m_expand_break,expand_break,F3,1,29914.188,,,,-8.0,-0.335205,29842.5,29726.5,29784.5,116.0,3.33,29456.22,29844.5,29844.5,6,09:35,29698.25,0,7,2,09:36,29697.25,1,12,3,09:41,29744.25,hold_exit_above_dvwap,above_dvwap,vwap,5m_hi_confirm_1m_close,5,-47.0,-47.5,0.5,6,18.25,58.5,0,0,0,F3_EXPAND_INV1618_HOLD_VWAP_T333,29842.5,29726.5,116.0,1.0,0.0,0.0
U26,2026-08-12,SHORT,1m_expand_break,expand_break,F3,1,30078.382,,,,-8.0,-0.443299,30001.75,29877.75,29939.75,124.0,3.33,29588.83,30003.75,29842.5,124,11:33,29826.0,118,125,25,11:34,29825.5,119,143,29,11:52,29847.75,ratchet_stop,,vwap,5m_hi_confirm_1m_close,18,-22.25,-22.75,0.5,19,7.0,32.75,0,0,0,F3_EXPAND_INV1618_HOLD_VWAP_T333,30001.75,29828.25,173.5,1.3992,5.0,0.0
U26,2026-08-14,SHORT,1m_expand_break,expand_break,F3,1,30308.8975,,,,-5.0,-0.843128,30269.5,30205.75,30237.625,63.75,3.33,30057.2125,30271.5,30271.5,6,09:35,30199.75,0,7,2,09:36,30200.5,1,13,3,09:42,30238.0,hold_exit_above_dvwap,above_dvwap,vwap,5m_hi_confirm_1m_close,6,-37.5,-38.0,0.5,7,30.75,39.75,0,0,0,F3_EXPAND_INV1618_HOLD_VWAP_T333,30269.5,30205.75,63.75,1.0,0.0,0.0
U26,2026-08-17,SHORT,1m_expand_break,expand_break,F3,1,30312.35,,,,-5.0,-0.817748,30266.0,30191.0,30228.5,75.0,3.33,30016.25,30268.0,30113.5,223,13:12,30149.0,217,224,45,13:13,30149.25,218,252,51,13:41,30114.0,ratchet_stop,,vwap,5m_hi_confirm_1m_close,28,35.25,34.75,0.5,29,62.75,1.25,0,0,0,F3_EXPAND_INV1618_HOLD_VWAP_T333,30278.0,30152.25,125.75,1.6767,10.0,6.0
U26,2026-08-19,SHORT,1m_expand_break,expand_break,F3,1,29800.9965,,,,-5.0,-0.435983,29742.75,29648.5,29695.625,94.25,3.33,29428.8975,29744.75,29628.75,7,09:36,29626.5,1,8,2,09:37,29627.25,2,22,5,09:51,29428.8975,target_3.33,,vwap,5m_hi_confirm_1m_close,14,198.3525,197.8525,0.5,15,220.75,23.0,1,1,0,F3_EXPAND_INV1618_HOLD_VWAP_T333,29742.75,29648.5,94.25,1.0,0.0,0.0
U26,2026-08-21,SHORT,1m_expand_break,expand_break,F3,1,29549.0785,,,,-8.0,-0.72187,29476.0,29357.75,29416.875,118.25,3.33,29082.2275,29478.0,29320.25,14,09:43,29314.5,8,15,3,09:44,29314.5,9,36,8,10:05,29320.75,ratchet_stop,,vwap,5m_hi_confirm_1m_close,21,-6.25,-6.75,0.5,22,58.75,44.75,0,0,0,F3_EXPAND_INV1618_HOLD_VWAP_T333,29476.0,29319.0,157.0,1.3277,3.0,0.0
H26,2025-12-17,SHORT,1m_expand_break,expand_break,F3,1,25481.431,,,,-8.0,-0.564224,25447.75,25393.25,25420.5,54.5,4.23,25217.215,25449.75,25337.5,6,09:35,25379.25,0,7,2,09:36,25379.0,1,28,6,09:57,25335.5,hold_exit_above_dvwap,above_dvwap,vwap,5m_hi_confirm_1m_close,21,43.5,43.0,0.5,22,133.5,1.75,1,1,0,F3_EXPAND_INV1618_HOLD_VWAP_T423,25447.75,25393.25,54.5,1.0,0.0,0.0
H26,2025-12-18,SHORT,1m_expand_break,expand_break,F3,1,25374.7685,,,,-6.0,-0.772303,25329.5,25256.25,25292.875,73.25,4.23,25019.6525,25331.5,25227.5,6,09:35,25242.25,0,7,2,09:36,25241.75,1,23,5,09:52,25237.0,ratchet_stop,,vwap,5m_hi_confirm_1m_close,16,4.75,4.25,0.5,17,80.5,25.5,0,0,0,F3_EXPAND_INV1618_HOLD_VWAP_T423,25329.5,25256.25,73.25,1.0,0.0,0.0
H26,2025-12-22,SHORT,1m_expand_break,expand_break,F3,1,25856.859,,,,-7.0,-0.506942,25794.75,25694.25,25744.5,100.5,4.23,25369.635,25796.75,25674.5,66,10:35,25660.25,60,67,14,10:36,25660.5,61,76,16,10:45,25676.25,ratchet_stop,,vwap,5m_hi_confirm_1m_close,9,-15.75,-16.25,0.5,10,32.5,20.5,0,0,0,F3_EXPAND_INV1618_HOLD_VWAP_T423,25794.75,25668.0,126.75,1.2612,3.0,0.0
H26,2026-01-05,SHORT,1m_expand_break,expand_break,F3,1,25728.5835,,,,-7.0,-0.844601,25672.5,25581.75,25627.125,90.75,4.23,25288.6275,25674.5,25674.5,6,09:35,25573.25,0,7,2,09:36,25573.0,1,15,3,09:44,25602.0,hold_exit_above_dvwap,above_dvwap,vwap,5m_hi_confirm_1m_close,8,-29.0,-29.5,0.5,9,34.5,40.25,0,0,0,F3_EXPAND_INV1618_HOLD_VWAP_T423,25672.5,25581.75,90.75,1.0,0.0,0.0
H26,2026-01-08,SHORT,1m_expand_break,expand_break,F3,1,25871.289,,,,-8.0,-0.241331,25803.0,25692.5,25747.75,110.5,4.23,25335.585,25805.0,25658.5,9,09:38,25688.5,3,10,2,09:39,25688.25,4,39,8,10:08,25671.25,ratchet_stop,,vwap,5m_hi_confirm_1m_close,29,17.0,16.5,0.5,30,119.25,19.75,0,0,0,F3_EXPAND_INV1618_HOLD_VWAP_T423,25803.0,25692.5,110.5,1.0,0.0,0.0
H26,2026-01-15,SHORT,1m_expand_break,expand_break,F3,1,25986.42,,,,-5.0,-0.511924,25946.25,25881.25,25913.75,65.0,4.23,25671.3,25948.25,25948.25,6,09:35,25881.0,0,7,2,09:36,25881.0,1,14,3,09:43,25902.25,hold_exit_above_dvwap,above_dvwap,vwap,5m_hi_confirm_1m_close,7,-21.25,-21.75,0.5,8,27.5,29.75,0,0,0,F3_EXPAND_INV1618_HOLD_VWAP_T423,25946.25,25881.25,65.0,1.0,0.0,0.0
H26,2026-01-21,SHORT,1m_expand_break,expand_break,F3,1,25268.364,,,,-6.0,-0.259412,25223.25,25150.25,25186.75,73.0,4.23,24914.46,25225.25,25225.25,11,09:40,25135.0,5,12,3,09:41,25134.75,6,14,3,09:43,25193.75,hold_exit_above_dvwap,above_dvwap,vwap,5m_hi_confirm_1m_close,2,-59.0,-59.5,0.5,3,7.25,69.25,0,0,0,F3_EXPAND_INV1618_HOLD_VWAP_T423,25223.25,25141.75,81.5,1.1164,2.0,0.0
H26,2026-01-22,SHORT,1m_expand_break,expand_break,F3,1,25773.156,,,,-9.0,-0.333606,25731.75,25664.75,25698.25,67.0,4.23,25448.34,25733.75,25733.75,6,09:35,25651.75,0,7,2,09:36,25652.75,1,8,2,09:37,25676.5,hold_exit_above_dvwap,above_dvwap,vwap,5m_hi_confirm_1m_close,1,-23.75,-24.25,0.5,2,17.0,24.75,0,0,0,F3_EXPAND_INV1618_HOLD_VWAP_T423,25731.75,25664.75,67.0,1.0,0.0,0.0
H26,2026-01-23,SHORT,1m_expand_break,expand_break,F3,1,25694.0605,,,,-5.0,-0.802518,25652.5,25585.25,25618.875,67.25,4.23,25368.0325,25654.5,25654.5,8,09:37,25570.0,2,9,2,09:38,25571.5,3,12,3,09:41,25616.25,hold_exit_above_dvwap,above_dvwap,vwap,5m_hi_confirm_1m_close,3,-44.75,-45.25,0.5,4,7.5,48.0,0,0,0,F3_EXPAND_INV1618_HOLD_VWAP_T423,25652.5,25579.75,72.75,1.0818,1.0,0.0
H26,2026-01-27,SHORT,1m_expand_break,expand_break,F3,1,26048.035,,,,-6.0,-0.793903,26012.5,25955.0,25983.75,57.5,4.23,25769.275,26014.5,26014.5,6,09:35,25951.0,0,7,2,09:36,25951.75,1,12,3,09:41,25966.75,hold_exit_above_dvwap,above_dvwap,vwap,5m_hi_confirm_1m_close,5,-15.0,-15.5,0.5,6,34.5,16.25,0,0,0,F3_EXPAND_INV1618_HOLD_VWAP_T423,26012.5,25955.0,57.5,1.0,0.0,0.0
H26,2026-01-29,SHORT,1m_expand_break,expand_break,F3,1,26231.547,,,,-6.0,-0.65788,26175.0,26083.5,26129.25,91.5,4.23,25787.955,26177.0,25988.25,6,09:35,26062.5,0,7,2,09:36,26064.0,1,32,7,10:01,25787.955,target_4.23,,vwap,5m_hi_confirm_1m_close,25,276.045,275.545,0.5,26,279.5,4.5,1,1,1,F3_EXPAND_INV1618_HOLD_VWAP_T423,26175.0,26083.5,91.5,1.0,0.0,0.0
H26,2026-02-03,SHORT,1m_expand_break,expand_break,F3,1,26022.393,,,,-5.0,-0.029144,25952.25,25838.75,25895.5,113.5,4.23,25472.145,25954.25,25594.0,12,09:41,25806.0,6,13,3,09:42,25807.0,7,56,12,10:25,25472.145,target_4.23,,vwap,5m_hi_confirm_1m_close,43,334.855,334.355,0.5,44,336.75,8.5,1,1,1,F3_EXPAND_INV1618_HOLD_VWAP_T423,25952.25,25810.0,142.25,1.2533,3.0,0.0
H26,2026-02-11,SHORT,1m_expand_break,expand_break,F3,1,25526.5865,,,,-6.0,-0.813482,25465.25,25366.0,25415.625,99.25,4.23,25045.4225,25467.25,25416.5,7,09:36,25360.75,1,8,2,09:37,25362.0,2,16,4,09:45,25425.75,ratchet_stop,,vwap,5m_hi_confirm_1m_close,8,-63.75,-64.25,0.5,9,22.75,64.25,0,0,0,F3_EXPAND_INV1618_HOLD_VWAP_T423,25465.25,25361.75,103.5,1.0428,1.0,0.0
H26,2026-02-26,SHORT,1m_expand_break,expand_break,F3,1,25395.148,,,,-7.0,-0.21623,25342.0,25256.0,25299.0,86.0,4.23,24978.22,25344.0,25178.0,7,09:36,25234.0,1,8,2,09:37,25234.0,2,49,10,10:18,24978.22,target_4.23,,vwap,5m_hi_confirm_1m_close,41,255.78,255.28,0.5,42,269.0,61.75,1,1,1,F3_EXPAND_INV1618_HOLD_VWAP_T423,25342.0,25256.0,86.0,1.0,0.0,0.0
M26,2026-03-27,SHORT,1m_expand_break,expand_break,F3,1,23730.2805,,,,-7.0,-0.385654,23664.0,23556.75,23610.375,107.25,4.23,23210.3325,23666.0,23666.0,6,09:35,23554.25,0,7,2,09:36,23554.0,1,9,2,09:38,23597.75,hold_exit_above_dvwap,above_dvwap,vwap,5m_hi_confirm_1m_close,2,-43.75,-44.25,0.5,3,22.0,52.25,0,0,0,F3_EXPAND_INV1618_HOLD_VWAP_T423,23664.0,23556.75,107.25,1.0,0.0,0.0
M26,2026-03-30,SHORT,1m_expand_break,expand_break,F3,1,23588.1535,,,,-6.0,-0.714987,23538.25,23457.5,23497.875,80.75,4.23,23196.6775,23540.25,23340.75,6,09:35,23443.75,0,7,2,09:36,23444.25,1,42,9,10:11,23355.25,ratchet_stop,,vwap,5m_hi_confirm_1m_close,35,89.0,88.5,0.5,36,151.5,5.0,1,0,0,F3_EXPAND_INV1618_HOLD_VWAP_T423,23538.25,23457.5,80.75,1.0,0.0,0.0
M26,2026-04-07,SHORT,1m_expand_break,expand_break,F3,1,24375.98,,,,-7.0,-0.380328,24308.0,24198.0,24253.0,110.0,4.23,23842.7,24310.0,24044.0,18,09:47,24159.75,12,19,4,09:48,24160.75,13,51,11,10:20,24067.25,ratchet_stop,,vwap,5m_hi_confirm_1m_close,32,93.5,93.0,0.5,33,166.75,47.0,1,0,0,F3_EXPAND_INV1618_HOLD_VWAP_T423,24308.0,24177.0,131.0,1.1909,3.0,0.0
M26,2026-04-09,SHORT,1m_expand_break,expand_break,F3,1,25155.721,,,,-7.0,-0.667477,25103.5,25019.0,25061.25,84.5,4.23,24746.065,25105.5,24989.25,46,10:15,24996.0,40,47,10,10:16,24995.75,41,74,15,10:43,24990.5,ratchet_stop,,vwap,5m_hi_confirm_1m_close,27,5.25,4.75,0.5,28,35.25,12.25,0,0,0,F3_EXPAND_INV1618_HOLD_VWAP_T423,25111.5,25001.0,110.5,1.3077,7.0,0.0
M26,2026-04-27,SHORT,1m_expand_break,expand_break,F3,1,27479.9595,,,,-7.0,-0.497537,27435.0,27362.25,27398.625,72.75,4.23,27127.2675,27437.0,27401.0,18,09:47,27345.75,12,19,4,09:48,27346.25,13,25,5,09:54,27378.75,hold_exit_above_dvwap,above_dvwap,vwap,5m_hi_confirm_1m_close,6,-32.5,-33.0,0.5,7,47.75,35.75,0,0,0,F3_EXPAND_INV1618_HOLD_VWAP_T423,27435.0,27350.0,85.0,1.1684,3.0,0.0
M26,2026-04-30,SHORT,1m_expand_break,expand_break,F3,1,27584.3545,,,,-8.0,-0.401337,27491.5,27341.25,27416.375,150.25,4.23,26855.9425,27493.5,27373.0,6,09:35,27332.5,0,7,2,09:36,27333.5,1,16,4,09:45,27359.75,hold_exit_above_dvwap,above_dvwap,vwap,5m_hi_confirm_1m_close,9,-26.25,-26.75,0.5,10,62.5,39.5,0,0,0,F3_EXPAND_INV1618_HOLD_VWAP_T423,27491.5,27341.25,150.25,1.0,0.0,0.0
M26,2026-05-18,SHORT,1m_expand_break,expand_break,F3,1,29405.69,,,,-5.0,-0.532795,29356.25,29276.25,29316.25,80.0,4.23,29017.85,29358.25,29282.75,7,09:36,29258.25,1,8,2,09:37,29257.75,2,25,5,09:54,29272.5,hold_exit_above_dvwap,above_dvwap,vwap,5m_hi_confirm_1m_close,17,-14.75,-15.25,0.5,18,122.75,29.25,1,0,0,F3_EXPAND_INV1618_HOLD_VWAP_T423,29356.25,29271.25,85.0,1.0625,1.0,0.0
M26,2026-05-26,SHORT,1m_expand_break,expand_break,F3,1,29992.474,,,,-7.0,-0.72972,29935.0,29842.0,29888.5,93.0,4.23,29541.61,29937.0,29937.0,6,09:35,29840.5,0,7,2,09:36,29840.75,1,12,3,09:41,29903.5,hold_exit_above_dvwap,above_dvwap,vwap,5m_hi_confirm_1m_close,5,-62.75,-63.25,0.5,6,6.25,69.25,0,0,0,F3_EXPAND_INV1618_HOLD_VWAP_T423,29935.0,29842.0,93.0,1.0,0.0,0.0
M26,2026-05-27,SHORT,1m_expand_break,expand_break,F3,1,30232.9425,,,,-6.0,-0.012362,30192.0,30125.75,30158.875,66.25,4.23,29911.7625,30194.0,30068.75,6,09:35,30116.0,0,7,2,09:36,30116.5,1,23,5,09:52,30066.5,hold_exit_above_dvwap,above_dvwap,vwap,5m_hi_confirm_1m_close,16,50.0,49.5,0.5,17,179.5,14.75,1,1,0,F3_EXPAND_INV1618_HOLD_VWAP_T423,30192.0,30125.75,66.25,1.0,0.0,0.0
M26,2026-06-02,SHORT,1m_expand_break,expand_break,F3,1,30630.0135,,,,-8.0,-0.277285,30567.75,30467.0,30517.375,100.75,4.23,30141.5775,30569.75,30569.75,6,09:35,30456.0,0,7,2,09:36,30457.25,1,14,3,09:43,30485.0,hold_exit_above_dvwap,above_dvwap,vwap,5m_hi_confirm_1m_close,7,-27.75,-28.25,0.5,8,33.5,30.0,0,0,0,F3_EXPAND_INV1618_HOLD_VWAP_T423,30567.75,30467.0,100.75,1.0,0.0,0.0
M26,2026-06-03,SHORT,1m_expand_break,expand_break,F3,1,30865.6875,,,,-6.0,-0.980843,30807.75,30714.0,30760.875,93.75,4.23,30411.1875,30809.75,30625.0,6,09:35,30680.0,0,7,2,09:36,30680.5,1,33,7,10:02,30631.25,ratchet_stop,,vwap,5m_hi_confirm_1m_close,26,49.25,48.75,0.5,27,184.5,57.0,1,0,0,F3_EXPAND_INV1618_HOLD_VWAP_T423,30807.75,30714.0,93.75,1.0,0.0,0.0
M26,2026-06-08,SHORT,1m_expand_break,expand_break,F3,1,29690.296,,,,-7.0,-0.860368,29584.0,29412.0,29498.0,172.0,4.23,28856.44,29586.0,29432.0,28,09:57,29379.25,22,29,6,09:58,29378.5,23,42,9,10:11,29459.75,ratchet_stop,,vwap,5m_hi_confirm_1m_close,13,-81.25,-81.75,0.5,14,47.0,89.0,0,0,0,F3_EXPAND_INV1618_HOLD_VWAP_T423,29584.0,29397.5,186.5,1.0843,1.0,0.0
U26,2026-06-18,SHORT,1m_expand_break,expand_break,F3,1,30697.8485,,,,-8.0,-0.802222,30615.5,30482.25,30548.875,133.25,4.23,30051.8525,30617.5,30503.5,6,09:35,30469.0,0,7,2,09:36,30468.75,1,20,4,09:49,30497.0,hold_exit_above_dvwap,above_dvwap,vwap,5m_hi_confirm_1m_close,13,-28.25,-28.75,0.5,14,77.75,33.5,0,0,0,F3_EXPAND_INV1618_HOLD_VWAP_T423,30615.5,30482.25,133.25,1.0,0.0,0.0
U26,2026-06-25,SHORT,1m_expand_break,expand_break,F3,1,30287.554,,,,-7.0,-0.333068,30193.0,30040.0,30116.5,153.0,4.23,29545.81,30195.0,30090.5,8,09:37,30029.75,2,9,2,09:38,30029.5,3,19,4,09:48,29545.81,target_4.23,,vwap,5m_hi_confirm_1m_close,10,483.69,483.19,0.5,11,499.25,6.25,1,1,1,F3_EXPAND_INV1618_HOLD_VWAP_T423,30193.0,30040.0,153.0,1.0,0.0,0.0
U26,2026-07-01,SHORT,1m_expand_break,expand_break,F3,1,30355.9445,,,,-8.0,-0.690181,30260.0,30104.75,30182.375,155.25,4.23,29603.2925,30262.0,30262.0,6,09:35,30102.5,0,7,2,09:36,30102.5,1,12,3,09:41,30161.5,hold_exit_above_dvwap,above_dvwap,vwap,5m_hi_confirm_1m_close,5,-59.0,-59.5,0.5,6,8.0,81.75,0,0,0,F3_EXPAND_INV1618_HOLD_VWAP_T423,30260.0,30104.75,155.25,1.0,0.0,0.0
U26,2026-07-07,SHORT,1m_expand_break,expand_break,F3,1,29791.119,,,,-7.0,-0.793934,29685.75,29515.25,29600.5,170.5,4.23,28964.535,29687.75,29687.75,9,09:38,29502.75,3,10,2,09:39,29501.5,4,11,3,09:40,29586.5,hold_exit_above_dvwap,above_dvwap,vwap,5m_hi_confirm_1m_close,1,-85.0,-85.5,0.5,2,6.75,85.75,0,0,0,F3_EXPAND_INV1618_HOLD_VWAP_T423,29685.75,29503.75,182.0,1.0674,1.0,0.0
U26,2026-07-13,SHORT,1m_expand_break,expand_break,F3,1,29802.449,,,,-7.0,-0.493283,29737.25,29631.75,29684.5,105.5,4.23,29290.985,29739.25,29600.75,8,09:37,29619.75,2,9,2,09:38,29620.25,3,29,6,09:58,29607.25,ratchet_stop,,vwap,5m_hi_confirm_1m_close,20,13.0,12.5,0.5,21,102.25,46.5,0,0,0,F3_EXPAND_INV1618_HOLD_VWAP_T423,29737.25,29626.25,111.0,1.0521,1.0,0.0
U26,2026-07-14,SHORT,1m_expand_break,expand_break,F3,1,29893.618,,,,-8.0,-0.274942,29815.75,29689.75,29752.75,126.0,4.23,29282.77,29817.75,29690.5,36,10:05,29670.0,30,37,8,10:06,29669.75,31,53,11,10:22,29708.5,ratchet_stop,,vwap,5m_hi_confirm_1m_close,16,-38.75,-39.25,0.5,17,102.25,45.25,0,0,0,F3_EXPAND_INV1618_HOLD_VWAP_T423,29815.75,29685.0,130.75,1.0377,1.0,0.0
U26,2026-07-16,SHORT,1m_expand_break,expand_break,F3,1,29595.1905,,,,-6.0,-0.94826,29532.0,29429.75,29480.875,102.25,4.23,29099.4825,29534.0,29342.75,6,09:35,29417.25,0,7,2,09:36,29418.75,1,30,6,09:59,29347.5,ratchet_stop,,vwap,5m_hi_confirm_1m_close,23,71.25,70.75,0.5,24,163.25,52.25,1,0,0,F3_EXPAND_INV1618_HOLD_VWAP_T423,29532.0,29429.75,102.25,1.0,0.0,0.0
U26,2026-07-17,SHORT,1m_expand_break,expand_break,F3,1,28776.3825,,,,-6.0,-0.82075,28686.0,28539.75,28612.875,146.25,4.23,28067.3625,28688.0,28512.0,7,09:36,28523.25,1,8,2,09:37,28523.75,2,21,5,09:50,28520.75,ratchet_stop,,vwap,5m_hi_confirm_1m_close,13,3.0,2.5,0.5,14,115.5,14.25,0,0,0,F3_EXPAND_INV1618_HOLD_VWAP_T423,28686.0,28530.75,155.25,1.0615,1.0,0.0
U26,2026-07-21,SHORT,1m_expand_break,expand_break,F3,1,29316.2385,,,,-7.0,-0.461546,29246.25,29133.0,29189.625,113.25,4.23,28767.2025,29248.25,29153.5,17,09:46,29114.75,11,18,4,09:47,29114.5,12,31,7,10:00,29170.0,ratchet_stop,,vwap,5m_hi_confirm_1m_close,13,-55.5,-56.0,0.5,14,22.0,74.0,0,0,0,F3_EXPAND_INV1618_HOLD_VWAP_T423,29246.25,29126.0,120.25,1.0618,2.0,0.0
U26,2026-07-28,SHORT,1m_expand_break,expand_break,F3,1,28066.6235,,,,-5.0,-0.525227,27992.0,27871.25,27931.625,120.75,4.23,27481.2275,27994.0,27720.5,7,09:36,27860.5,1,8,2,09:37,27861.0,2,36,8,10:05,27766.25,ratchet_stop,,vwap,5m_hi_confirm_1m_close,28,94.75,94.25,0.5,29,219.25,17.5,1,0,0,F3_EXPAND_INV1618_HOLD_VWAP_T423,27992.0,27871.25,120.75,1.0,0.0,0.0
U26,2026-08-11,SHORT,1m_expand_break,expand_break,F3,1,29914.188,,,,-8.0,-0.335205,29842.5,29726.5,29784.5,116.0,4.23,29351.82,29844.5,29844.5,6,09:35,29698.25,0,7,2,09:36,29697.25,1,12,3,09:41,29744.25,hold_exit_above_dvwap,above_dvwap,vwap,5m_hi_confirm_1m_close,5,-47.0,-47.5,0.5,6,18.25,58.5,0,0,0,F3_EXPAND_INV1618_HOLD_VWAP_T423,29842.5,29726.5,116.0,1.0,0.0,0.0
U26,2026-08-12,SHORT,1m_expand_break,expand_break,F3,1,30078.382,,,,-8.0,-0.443299,30001.75,29877.75,29939.75,124.0,4.23,29477.23,30003.75,29842.5,124,11:33,29826.0,118,125,25,11:34,29825.5,119,143,29,11:52,29847.75,ratchet_stop,,vwap,5m_hi_confirm_1m_close,18,-22.25,-22.75,0.5,19,7.0,32.75,0,0,0,F3_EXPAND_INV1618_HOLD_VWAP_T423,30001.75,29828.25,173.5,1.3992,5.0,0.0
U26,2026-08-14,SHORT,1m_expand_break,expand_break,F3,1,30308.8975,,,,-5.0,-0.843128,30269.5,30205.75,30237.625,63.75,4.23,29999.8375,30271.5,30271.5,6,09:35,30199.75,0,7,2,09:36,30200.5,1,13,3,09:42,30238.0,hold_exit_above_dvwap,above_dvwap,vwap,5m_hi_confirm_1m_close,6,-37.5,-38.0,0.5,7,30.75,39.75,0,0,0,F3_EXPAND_INV1618_HOLD_VWAP_T423,30269.5,30205.75,63.75,1.0,0.0,0.0
U26,2026-08-17,SHORT,1m_expand_break,expand_break,F3,1,30312.35,,,,-5.0,-0.817748,30266.0,30191.0,30228.5,75.0,4.23,29948.75,30268.0,30113.5,223,13:12,30149.0,217,224,45,13:13,30149.25,218,252,51,13:41,30114.0,ratchet_stop,,vwap,5m_hi_confirm_1m_close,28,35.25,34.75,0.5,29,62.75,1.25,0,0,0,F3_EXPAND_INV1618_HOLD_VWAP_T423,30278.0,30152.25,125.75,1.6767,10.0,6.0
U26,2026-08-19,SHORT,1m_expand_break,expand_break,F3,1,29800.9965,,,,-5.0,-0.435983,29742.75,29648.5,29695.625,94.25,4.23,29344.0725,29744.75,29462.0,7,09:36,29626.5,1,8,2,09:37,29627.25,2,60,12,10:29,29482.5,ratchet_stop,,vwap,5m_hi_confirm_1m_close,52,144.75,144.25,0.5,53,251.5,23.0,1,1,0,F3_EXPAND_INV1618_HOLD_VWAP_T423,29742.75,29648.5,94.25,1.0,0.0,0.0
U26,2026-08-21,SHORT,1m_expand_break,expand_break,F3,1,29549.0785,,,,-8.0,-0.72187,29476.0,29357.75,29416.875,118.25,4.23,28975.8025,29478.0,29320.25,14,09:43,29314.5,8,15,3,09:44,29314.5,9,36,8,10:05,29320.75,ratchet_stop,,vwap,5m_hi_confirm_1m_close,21,-6.25,-6.75,0.5,22,58.75,44.75,0,0,0,F3_EXPAND_INV1618_HOLD_VWAP_T423,29476.0,29319.0,157.0,1.3277,3.0,0.0
H26,2025-12-17,SHORT,1m_expand_break,expand_break,F3,1,25481.431,,,,-8.0,-0.564224,25447.75,25393.25,25420.5,54.5,2.618,25305.069,25449.75,25449.75,6,09:35,25379.25,0,7,2,09:36,25379.0,1,12,3,09:41,25305.069,target_2.618,,none,5m_hi_confirm_1m_close,0,73.931,73.431,0.5,6,74.0,1.75,1,0,0,F3_EXPAND_INV1618_RATCHET_HI_T2618,25447.75,25393.25,54.5,1.0,0.0,0.0
H26,2025-12-18,SHORT,1m_expand_break,expand_break,F3,1,25374.7685,,,,-6.0,-0.772303,25329.5,25256.25,25292.875,73.25,2.618,25137.7315,25331.5,25227.5,6,09:35,25242.25,0,7,2,09:36,25241.75,1,23,5,09:52,25237.0,ratchet_stop,,none,5m_hi_confirm_1m_close,0,4.75,4.25,0.5,17,80.5,25.5,0,0,0,F3_EXPAND_INV1618_RATCHET_HI_T2618,25329.5,25256.25,73.25,1.0,0.0,0.0
H26,2025-12-22,SHORT,1m_expand_break,expand_break,F3,1,25856.859,,,,-7.0,-0.506942,25794.75,25694.25,25744.5,100.5,2.618,25531.641,25796.75,25674.5,66,10:35,25660.25,60,67,14,10:36,25660.5,61,76,16,10:45,25676.25,ratchet_stop,,none,5m_hi_confirm_1m_close,0,-15.75,-16.25,0.5,10,32.5,20.5,0,0,0,F3_EXPAND_INV1618_RATCHET_HI_T2618,25794.75,25668.0,126.75,1.2612,3.0,0.0
H26,2026-01-05,SHORT,1m_expand_break,expand_break,F3,1,25728.5835,,,,-7.0,-0.844601,25672.5,25581.75,25627.125,90.75,2.618,25434.9165,25674.5,25607.5,6,09:35,25573.25,0,7,2,09:36,25573.0,1,16,4,09:45,25624.25,ratchet_stop,,none,5m_hi_confirm_1m_close,0,-51.25,-51.75,0.5,10,34.5,57.75,0,0,0,F3_EXPAND_INV1618_RATCHET_HI_T2618,25672.5,25581.75,90.75,1.0,0.0,0.0
H26,2026-01-08,SHORT,1m_expand_break,expand_break,F3,1,25871.289,,,,-8.0,-0.241331,25803.0,25692.5,25747.75,110.5,2.618,25513.711,25805.0,25658.5,9,09:38,25688.5,3,10,2,09:39,25688.25,4,39,8,10:08,25671.25,ratchet_stop,,none,5m_hi_confirm_1m_close,0,17.0,16.5,0.5,30,119.25,19.75,0,0,0,F3_EXPAND_INV1618_RATCHET_HI_T2618,25803.0,25692.5,110.5,1.0,0.0,0.0
H26,2026-01-15,SHORT,1m_expand_break,expand_break,F3,1,25986.42,,,,-5.0,-0.511924,25946.25,25881.25,25913.75,65.0,2.618,25776.08,25948.25,25895.75,6,09:35,25881.0,0,7,2,09:36,25881.0,1,16,4,09:45,25906.5,ratchet_stop,,none,5m_hi_confirm_1m_close,0,-25.5,-26.0,0.5,10,27.5,71.75,0,0,0,F3_EXPAND_INV1618_RATCHET_HI_T2618,25946.25,25881.25,65.0,1.0,0.0,0.0
H26,2026-01-21,SHORT,1m_expand_break,expand_break,F3,1,25268.364,,,,-6.0,-0.259412,25223.25,25150.25,25186.75,73.0,2.618,25032.136,25225.25,25219.75,11,09:40,25135.0,5,12,3,09:41,25134.75,6,18,4,09:47,25234.75,ratchet_stop,,none,5m_hi_confirm_1m_close,0,-100.0,-100.5,0.5,7,7.25,103.25,0,0,0,F3_EXPAND_INV1618_RATCHET_HI_T2618,25223.25,25141.75,81.5,1.1164,2.0,0.0
H26,2026-01-22,SHORT,1m_expand_break,expand_break,F3,1,25773.156,,,,-9.0,-0.333606,25731.75,25664.75,25698.25,67.0,2.618,25556.344,25733.75,25695.0,6,09:35,25651.75,0,7,2,09:36,25652.75,1,20,4,09:49,25556.344,target_2.618,,none,5m_hi_confirm_1m_close,0,96.406,95.906,0.5,14,96.75,42.25,1,0,0,F3_EXPAND_INV1618_RATCHET_HI_T2618,25731.75,25664.75,67.0,1.0,0.0,0.0
H26,2026-01-23,SHORT,1m_expand_break,expand_break,F3,1,25694.0605,,,,-5.0,-0.802518,25652.5,25585.25,25618.875,67.25,2.618,25476.4395,25654.5,25623.5,8,09:37,25570.0,2,9,2,09:38,25571.5,3,16,4,09:45,25626.75,ratchet_stop,,none,5m_hi_confirm_1m_close,0,-55.25,-55.75,0.5,8,7.5,68.5,0,0,0,F3_EXPAND_INV1618_RATCHET_HI_T2618,25652.5,25579.75,72.75,1.0818,1.0,0.0
H26,2026-01-27,SHORT,1m_expand_break,expand_break,F3,1,26048.035,,,,-6.0,-0.793903,26012.5,25955.0,25983.75,57.5,2.618,25861.965,26014.5,25972.25,6,09:35,25951.0,0,7,2,09:36,25951.75,1,16,4,09:45,25974.0,ratchet_stop,,none,5m_hi_confirm_1m_close,0,-22.25,-22.75,0.5,10,34.5,32.0,0,0,0,F3_EXPAND_INV1618_RATCHET_HI_T2618,26012.5,25955.0,57.5,1.0,0.0,0.0
H26,2026-01-29,SHORT,1m_expand_break,expand_break,F3,1,26231.547,,,,-6.0,-0.65788,26175.0,26083.5,26129.25,91.5,2.618,25935.453,26177.0,26100.75,6,09:35,26062.5,0,7,2,09:36,26064.0,1,16,4,09:45,25935.453,target_2.618,,none,5m_hi_confirm_1m_close,0,128.547,128.047,0.5,10,138.5,4.5,1,0,0,F3_EXPAND_INV1618_RATCHET_HI_T2618,26175.0,26083.5,91.5,1.0,0.0,0.0
H26,2026-02-03,SHORT,1m_expand_break,expand_break,F3,1,26022.393,,,,-5.0,-0.029144,25952.25,25838.75,25895.5,113.5,2.618,25655.107,25954.25,25811.75,12,09:41,25806.0,6,13,3,09:42,25807.0,7,28,6,09:57,25655.107,target_2.618,,none,5m_hi_confirm_1m_close,0,151.893,151.393,0.5,16,154.25,8.5,1,0,0,F3_EXPAND_INV1618_RATCHET_HI_T2618,25952.25,25810.0,142.25,1.2533,3.0,0.0
H26,2026-02-11,SHORT,1m_expand_break,expand_break,F3,1,25526.5865,,,,-6.0,-0.813482,25465.25,25366.0,25415.625,99.25,2.618,25205.4135,25467.25,25416.5,7,09:36,25360.75,1,8,2,09:37,25362.0,2,16,4,09:45,25425.75,ratchet_stop,,none,5m_hi_confirm_1m_close,0,-63.75,-64.25,0.5,9,22.75,64.25,0,0,0,F3_EXPAND_INV1618_RATCHET_HI_T2618,25465.25,25361.75,103.5,1.0428,1.0,0.0
H26,2026-02-26,SHORT,1m_expand_break,expand_break,F3,1,25395.148,,,,-7.0,-0.21623,25342.0,25256.0,25299.0,86.0,2.618,25116.852,25344.0,25210.75,7,09:36,25234.0,1,8,2,09:37,25234.0,2,43,9,10:12,25116.852,target_2.618,,none,5m_hi_confirm_1m_close,0,117.148,116.648,0.5,36,146.75,61.75,1,0,0,F3_EXPAND_INV1618_RATCHET_HI_T2618,25342.0,25256.0,86.0,1.0,0.0,0.0
M26,2026-03-27,SHORT,1m_expand_break,expand_break,F3,1,23730.2805,,,,-7.0,-0.385654,23664.0,23556.75,23610.375,107.25,2.618,23383.2195,23666.0,23613.0,6,09:35,23554.25,0,7,2,09:36,23554.0,1,16,4,09:45,23619.5,ratchet_stop,,none,5m_hi_confirm_1m_close,0,-65.5,-66.0,0.5,10,22.0,76.0,0,0,0,F3_EXPAND_INV1618_RATCHET_HI_T2618,23664.0,23556.75,107.25,1.0,0.0,0.0
M26,2026-03-30,SHORT,1m_expand_break,expand_break,F3,1,23588.1535,,,,-6.0,-0.714987,23538.25,23457.5,23497.875,80.75,2.618,23326.8465,23540.25,23405.0,6,09:35,23443.75,0,7,2,09:36,23444.25,1,26,6,09:55,23326.8465,target_2.618,,none,5m_hi_confirm_1m_close,0,117.4035,116.9035,0.5,20,121.25,5.0,1,0,0,F3_EXPAND_INV1618_RATCHET_HI_T2618,23538.25,23457.5,80.75,1.0,0.0,0.0
M26,2026-04-07,SHORT,1m_expand_break,expand_break,F3,1,24375.98,,,,-7.0,-0.380328,24308.0,24198.0,24253.0,110.0,2.618,24020.02,24310.0,24203.75,18,09:47,24159.75,12,19,4,09:48,24160.75,13,37,8,10:06,24020.02,target_2.618,,none,5m_hi_confirm_1m_close,0,140.73,140.23,0.5,19,148.75,47.0,1,0,0,F3_EXPAND_INV1618_RATCHET_HI_T2618,24308.0,24177.0,131.0,1.1909,3.0,0.0
M26,2026-04-09,SHORT,1m_expand_break,expand_break,F3,1,25155.721,,,,-7.0,-0.667477,25103.5,25019.0,25061.25,84.5,2.618,24882.279,25105.5,24989.25,46,10:15,24996.0,40,47,10,10:16,24995.75,41,74,15,10:43,24990.5,ratchet_stop,,none,5m_hi_confirm_1m_close,0,5.25,4.75,0.5,28,35.25,12.25,0,0,0,F3_EXPAND_INV1618_RATCHET_HI_T2618,25111.5,25001.0,110.5,1.3077,7.0,0.0
M26,2026-04-27,SHORT,1m_expand_break,expand_break,F3,1,27479.9595,,,,-7.0,-0.497537,27435.0,27362.25,27398.625,72.75,2.618,27244.5405,27437.0,27388.25,18,09:47,27345.75,12,19,4,09:48,27346.25,13,28,6,09:57,27394.25,ratchet_stop,,none,5m_hi_confirm_1m_close,0,-48.0,-48.5,0.5,10,47.75,52.5,0,0,0,F3_EXPAND_INV1618_RATCHET_HI_T2618,27435.0,27350.0,85.0,1.1684,3.0,0.0
M26,2026-04-30,SHORT,1m_expand_break,expand_break,F3,1,27584.3545,,,,-8.0,-0.401337,27491.5,27341.25,27416.375,150.25,2.618,27098.1455,27493.5,27265.25,6,09:35,27332.5,0,7,2,09:36,27333.5,1,36,8,10:05,27277.0,ratchet_stop,,none,5m_hi_confirm_1m_close,0,56.5,56.0,0.5,30,130.5,39.5,0,0,0,F3_EXPAND_INV1618_RATCHET_HI_T2618,27491.5,27341.25,150.25,1.0,0.0,0.0
M26,2026-05-18,SHORT,1m_expand_break,expand_break,F3,1,29405.69,,,,-5.0,-0.532795,29356.25,29276.25,29316.25,80.0,2.618,29146.81,29358.25,29301.75,7,09:36,29258.25,1,8,2,09:37,29257.75,2,16,4,09:45,29146.81,target_2.618,,none,5m_hi_confirm_1m_close,0,110.94,110.44,0.5,9,117.75,29.25,1,0,0,F3_EXPAND_INV1618_RATCHET_HI_T2618,29356.25,29271.25,85.0,1.0625,1.0,0.0
M26,2026-05-26,SHORT,1m_expand_break,expand_break,F3,1,29992.474,,,,-7.0,-0.72972,29935.0,29842.0,29888.5,93.0,2.618,29691.526,29937.0,29864.75,6,09:35,29840.5,0,7,2,09:36,29840.75,1,16,4,09:45,29962.25,ratchet_stop,,none,5m_hi_confirm_1m_close,0,-121.5,-122.0,0.5,10,6.25,122.5,0,0,0,F3_EXPAND_INV1618_RATCHET_HI_T2618,29935.0,29842.0,93.0,1.0,0.0,0.0
M26,2026-05-27,SHORT,1m_expand_break,expand_break,F3,1,30232.9425,,,,-6.0,-0.012362,30192.0,30125.75,30158.875,66.25,2.618,30018.5575,30194.0,30194.0,6,09:35,30116.0,0,7,2,09:36,30116.5,1,14,3,09:43,30018.5575,target_2.618,,none,5m_hi_confirm_1m_close,0,97.9425,97.4425,0.5,8,132.0,14.75,1,0,0,F3_EXPAND_INV1618_RATCHET_HI_T2618,30192.0,30125.75,66.25,1.0,0.0,0.0
M26,2026-06-02,SHORT,1m_expand_break,expand_break,F3,1,30630.0135,,,,-8.0,-0.277285,30567.75,30467.0,30517.375,100.75,2.618,30303.9865,30569.75,30489.25,6,09:35,30456.0,0,7,2,09:36,30457.25,1,16,4,09:45,30507.75,ratchet_stop,,none,5m_hi_confirm_1m_close,0,-50.5,-51.0,0.5,10,33.5,64.75,0,0,0,F3_EXPAND_INV1618_RATCHET_HI_T2618,30567.75,30467.0,100.75,1.0,0.0,0.0
M26,2026-06-03,SHORT,1m_expand_break,expand_break,F3,1,30865.6875,,,,-6.0,-0.980843,30807.75,30714.0,30760.875,93.75,2.618,30562.3125,30809.75,30737.5,6,09:35,30680.0,0,7,2,09:36,30680.5,1,18,4,09:47,30562.3125,target_2.618,,none,5m_hi_confirm_1m_close,0,118.1875,117.6875,0.5,12,137.0,57.0,1,0,0,F3_EXPAND_INV1618_RATCHET_HI_T2618,30807.75,30714.0,93.75,1.0,0.0,0.0
M26,2026-06-08,SHORT,1m_expand_break,expand_break,F3,1,29690.296,,,,-7.0,-0.860368,29584.0,29412.0,29498.0,172.0,2.618,29133.704,29586.0,29432.0,28,09:57,29379.25,22,29,6,09:58,29378.5,23,42,9,10:11,29459.75,ratchet_stop,,none,5m_hi_confirm_1m_close,0,-81.25,-81.75,0.5,14,47.0,89.0,0,0,0,F3_EXPAND_INV1618_RATCHET_HI_T2618,29584.0,29397.5,186.5,1.0843,1.0,0.0
U26,2026-06-18,SHORT,1m_expand_break,expand_break,F3,1,30697.8485,,,,-8.0,-0.802222,30615.5,30482.25,30548.875,133.25,2.618,30266.6515,30617.5,30483.5,6,09:35,30469.0,0,7,2,09:36,30468.75,1,21,5,09:50,30492.0,ratchet_stop,,none,5m_hi_confirm_1m_close,0,-23.25,-23.75,0.5,15,77.75,41.25,0,0,0,F3_EXPAND_INV1618_RATCHET_HI_T2618,30615.5,30482.25,133.25,1.0,0.0,0.0
U26,2026-06-25,SHORT,1m_expand_break,expand_break,F3,1,30287.554,,,,-7.0,-0.333068,30193.0,30040.0,30116.5,153.0,2.618,29792.446,30195.0,30195.0,8,09:37,30029.75,2,9,2,09:38,30029.5,3,14,3,09:43,29792.446,target_2.618,,none,5m_hi_confirm_1m_close,0,237.054,236.554,0.5,6,271.25,6.25,1,0,0,F3_EXPAND_INV1618_RATCHET_HI_T2618,30193.0,30040.0,153.0,1.0,0.0,0.0
U26,2026-07-01,SHORT,1m_expand_break,expand_break,F3,1,30355.9445,,,,-8.0,-0.690181,30260.0,30104.75,30182.375,155.25,2.618,29853.5555,30262.0,30162.5,6,09:35,30102.5,0,7,2,09:36,30102.5,1,17,4,09:46,30197.5,ratchet_stop,,none,5m_hi_confirm_1m_close,0,-95.0,-95.5,0.5,11,8.0,104.75,0,0,0,F3_EXPAND_INV1618_RATCHET_HI_T2618,30260.0,30104.75,155.25,1.0,0.0,0.0
U26,2026-07-07,SHORT,1m_expand_break,expand_break,F3,1,29791.119,,,,-7.0,-0.793934,29685.75,29515.25,29600.5,170.5,2.618,29239.381,29687.75,29313.0,9,09:38,29502.75,3,10,2,09:39,29501.5,4,72,15,10:41,29239.381,target_2.618,,none,5m_hi_confirm_1m_close,0,262.119,261.619,0.5,63,275.25,105.5,1,0,0,F3_EXPAND_INV1618_RATCHET_HI_T2618,29685.75,29503.75,182.0,1.0674,1.0,0.0
U26,2026-07-13,SHORT,1m_expand_break,expand_break,F3,1,29802.449,,,,-7.0,-0.493283,29737.25,29631.75,29684.5,105.5,2.618,29461.051,29739.25,29600.75,8,09:37,29619.75,2,9,2,09:38,29620.25,3,29,6,09:58,29607.25,ratchet_stop,,none,5m_hi_confirm_1m_close,0,13.0,12.5,0.5,21,102.25,46.5,0,0,0,F3_EXPAND_INV1618_RATCHET_HI_T2618,29737.25,29626.25,111.0,1.0521,1.0,0.0
U26,2026-07-14,SHORT,1m_expand_break,expand_break,F3,1,29893.618,,,,-8.0,-0.274942,29815.75,29689.75,29752.75,126.0,2.618,29485.882,29817.75,29690.5,36,10:05,29670.0,30,37,8,10:06,29669.75,31,53,11,10:22,29708.5,ratchet_stop,,none,5m_hi_confirm_1m_close,0,-38.75,-39.25,0.5,17,102.25,45.25,0,0,0,F3_EXPAND_INV1618_RATCHET_HI_T2618,29815.75,29685.0,130.75,1.0377,1.0,0.0
U26,2026-07-16,SHORT,1m_expand_break,expand_break,F3,1,29595.1905,,,,-6.0,-0.94826,29532.0,29429.75,29480.875,102.25,2.618,29264.3095,29534.0,29471.0,6,09:35,29417.25,0,7,2,09:36,29418.75,1,20,4,09:49,29264.3095,target_2.618,,none,5m_hi_confirm_1m_close,0,154.4405,153.9405,0.5,14,154.5,52.25,1,0,0,F3_EXPAND_INV1618_RATCHET_HI_T2618,29532.0,29429.75,102.25,1.0,0.0,0.0
U26,2026-07-17,SHORT,1m_expand_break,expand_break,F3,1,28776.3825,,,,-6.0,-0.82075,28686.0,28539.75,28612.875,146.25,2.618,28303.1175,28688.0,28512.0,7,09:36,28523.25,1,8,2,09:37,28523.75,2,21,5,09:50,28520.75,ratchet_stop,,none,5m_hi_confirm_1m_close,0,3.0,2.5,0.5,14,115.5,14.25,0,0,0,F3_EXPAND_INV1618_RATCHET_HI_T2618,28686.0,28530.75,155.25,1.0615,1.0,0.0
U26,2026-07-21,SHORT,1m_expand_break,expand_break,F3,1,29316.2385,,,,-7.0,-0.461546,29246.25,29133.0,29189.625,113.25,2.618,28949.7615,29248.25,29153.5,17,09:46,29114.75,11,18,4,09:47,29114.5,12,31,7,10:00,29170.0,ratchet_stop,,none,5m_hi_confirm_1m_close,0,-55.5,-56.0,0.5,14,22.0,74.0,0,0,0,F3_EXPAND_INV1618_RATCHET_HI_T2618,29246.25,29126.0,120.25,1.0618,2.0,0.0
U26,2026-07-28,SHORT,1m_expand_break,expand_break,F3,1,28066.6235,,,,-5.0,-0.525227,27992.0,27871.25,27931.625,120.75,2.618,27675.8765,27994.0,27926.25,7,09:36,27860.5,1,8,2,09:37,27861.0,2,17,4,09:46,27675.8765,target_2.618,,none,5m_hi_confirm_1m_close,0,185.1235,184.6235,0.5,10,188.0,17.5,1,0,0,F3_EXPAND_INV1618_RATCHET_HI_T2618,27992.0,27871.25,120.75,1.0,0.0,0.0
U26,2026-08-11,SHORT,1m_expand_break,expand_break,F3,1,29914.188,,,,-8.0,-0.335205,29842.5,29726.5,29784.5,116.0,2.618,29538.812,29844.5,29725.0,6,09:35,29698.25,0,7,2,09:36,29697.25,1,30,6,09:59,29732.75,ratchet_stop,,none,5m_hi_confirm_1m_close,0,-35.5,-36.0,0.5,24,65.5,59.0,0,0,0,F3_EXPAND_INV1618_RATCHET_HI_T2618,29842.5,29726.5,116.0,1.0,0.0,0.0
U26,2026-08-12,SHORT,1m_expand_break,expand_break,F3,1,30078.382,,,,-8.0,-0.443299,30001.75,29877.75,29939.75,124.0,2.618,29677.118,30003.75,29842.5,124,11:33,29826.0,118,125,25,11:34,29825.5,119,143,29,11:52,29847.75,ratchet_stop,,none,5m_hi_confirm_1m_close,0,-22.25,-22.75,0.5,19,7.0,32.75,0,0,0,F3_EXPAND_INV1618_RATCHET_HI_T2618,30001.75,29828.25,173.5,1.3992,5.0,0.0
U26,2026-08-14,SHORT,1m_expand_break,expand_break,F3,1,30308.8975,,,,-5.0,-0.843128,30269.5,30205.75,30237.625,63.75,2.618,30102.6025,30271.5,30222.0,6,09:35,30199.75,0,7,2,09:36,30200.5,1,16,4,09:45,30265.75,ratchet_stop,,none,5m_hi_confirm_1m_close,0,-65.25,-65.75,0.5,10,30.75,74.75,0,0,0,F3_EXPAND_INV1618_RATCHET_HI_T2618,30269.5,30205.75,63.75,1.0,0.0,0.0
U26,2026-08-17,SHORT,1m_expand_break,expand_break,F3,1,30312.35,,,,-5.0,-0.817748,30266.0,30191.0,30228.5,75.0,2.618,30069.65,30268.0,30113.5,223,13:12,30149.0,217,224,45,13:13,30149.25,218,252,51,13:41,30114.0,ratchet_stop,,none,5m_hi_confirm_1m_close,0,35.25,34.75,0.5,29,62.75,1.25,0,0,0,F3_EXPAND_INV1618_RATCHET_HI_T2618,30278.0,30152.25,125.75,1.6767,10.0,6.0
U26,2026-08-19,SHORT,1m_expand_break,expand_break,F3,1,29800.9965,,,,-5.0,-0.435983,29742.75,29648.5,29695.625,94.25,2.618,29496.0035,29744.75,29688.25,7,09:36,29626.5,1,8,2,09:37,29627.25,2,20,4,09:49,29496.0035,target_2.618,,none,5m_hi_confirm_1m_close,0,131.2465,130.7465,0.5,13,169.0,23.0,1,0,0,F3_EXPAND_INV1618_RATCHET_HI_T2618,29742.75,29648.5,94.25,1.0,0.0,0.0
U26,2026-08-21,SHORT,1m_expand_break,expand_break,F3,1,29549.0785,,,,-8.0,-0.72187,29476.0,29357.75,29416.875,118.25,2.618,29166.4215,29478.0,29320.25,14,09:43,29314.5,8,15,3,09:44,29314.5,9,36,8,10:05,29320.75,ratchet_stop,,none,5m_hi_confirm_1m_close,0,-6.25,-6.75,0.5,22,58.75,44.75,0,0,0,F3_EXPAND_INV1618_RATCHET_HI_T2618,29476.0,29319.0,157.0,1.3277,3.0,0.0
H26,2025-12-17,SHORT,1m_expand_break,expand_break,F3,1,25481.431,,,,-8.0,-0.564224,25447.75,25393.25,25420.5,54.5,3.33,25266.265,25449.75,25406.75,6,09:35,25379.25,0,7,2,09:36,25379.0,1,17,4,09:46,25266.265,target_3.33,,none,5m_hi_confirm_1m_close,0,112.735,112.235,0.5,11,133.5,1.75,1,1,0,F3_EXPAND_INV1618_RATCHET_HI_T333,25447.75,25393.25,54.5,1.0,0.0,0.0
H26,2025-12-18,SHORT,1m_expand_break,expand_break,F3,1,25374.7685,,,,-6.0,-0.772303,25329.5,25256.25,25292.875,73.25,3.33,25085.5775,25331.5,25227.5,6,09:35,25242.25,0,7,2,09:36,25241.75,1,23,5,09:52,25237.0,ratchet_stop,,none,5m_hi_confirm_1m_close,0,4.75,4.25,0.5,17,80.5,25.5,0,0,0,F3_EXPAND_INV1618_RATCHET_HI_T333,25329.5,25256.25,73.25,1.0,0.0,0.0
H26,2025-12-22,SHORT,1m_expand_break,expand_break,F3,1,25856.859,,,,-7.0,-0.506942,25794.75,25694.25,25744.5,100.5,3.33,25460.085,25796.75,25674.5,66,10:35,25660.25,60,67,14,10:36,25660.5,61,76,16,10:45,25676.25,ratchet_stop,,none,5m_hi_confirm_1m_close,0,-15.75,-16.25,0.5,10,32.5,20.5,0,0,0,F3_EXPAND_INV1618_RATCHET_HI_T333,25794.75,25668.0,126.75,1.2612,3.0,0.0
H26,2026-01-05,SHORT,1m_expand_break,expand_break,F3,1,25728.5835,,,,-7.0,-0.844601,25672.5,25581.75,25627.125,90.75,3.33,25370.3025,25674.5,25607.5,6,09:35,25573.25,0,7,2,09:36,25573.0,1,16,4,09:45,25624.25,ratchet_stop,,none,5m_hi_confirm_1m_close,0,-51.25,-51.75,0.5,10,34.5,57.75,0,0,0,F3_EXPAND_INV1618_RATCHET_HI_T333,25672.5,25581.75,90.75,1.0,0.0,0.0
H26,2026-01-08,SHORT,1m_expand_break,expand_break,F3,1,25871.289,,,,-8.0,-0.241331,25803.0,25692.5,25747.75,110.5,3.33,25435.035,25805.0,25658.5,9,09:38,25688.5,3,10,2,09:39,25688.25,4,39,8,10:08,25671.25,ratchet_stop,,none,5m_hi_confirm_1m_close,0,17.0,16.5,0.5,30,119.25,19.75,0,0,0,F3_EXPAND_INV1618_RATCHET_HI_T333,25803.0,25692.5,110.5,1.0,0.0,0.0
H26,2026-01-15,SHORT,1m_expand_break,expand_break,F3,1,25986.42,,,,-5.0,-0.511924,25946.25,25881.25,25913.75,65.0,3.33,25729.8,25948.25,25895.75,6,09:35,25881.0,0,7,2,09:36,25881.0,1,16,4,09:45,25906.5,ratchet_stop,,none,5m_hi_confirm_1m_close,0,-25.5,-26.0,0.5,10,27.5,71.75,0,0,0,F3_EXPAND_INV1618_RATCHET_HI_T333,25946.25,25881.25,65.0,1.0,0.0,0.0
H26,2026-01-21,SHORT,1m_expand_break,expand_break,F3,1,25268.364,,,,-6.0,-0.259412,25223.25,25150.25,25186.75,73.0,3.33,24980.16,25225.25,25219.75,11,09:40,25135.0,5,12,3,09:41,25134.75,6,18,4,09:47,25234.75,ratchet_stop,,none,5m_hi_confirm_1m_close,0,-100.0,-100.5,0.5,7,7.25,103.25,0,0,0,F3_EXPAND_INV1618_RATCHET_HI_T333,25223.25,25141.75,81.5,1.1164,2.0,0.0
H26,2026-01-22,SHORT,1m_expand_break,expand_break,F3,1,25773.156,,,,-9.0,-0.333606,25731.75,25664.75,25698.25,67.0,3.33,25508.64,25733.75,25569.25,6,09:35,25651.75,0,7,2,09:36,25652.75,1,46,10,10:15,25577.0,ratchet_stop,,none,5m_hi_confirm_1m_close,0,75.75,75.25,0.5,40,116.0,42.25,1,0,0,F3_EXPAND_INV1618_RATCHET_HI_T333,25731.75,25664.75,67.0,1.0,0.0,0.0
H26,2026-01-23,SHORT,1m_expand_break,expand_break,F3,1,25694.0605,,,,-5.0,-0.802518,25652.5,25585.25,25618.875,67.25,3.33,25428.5575,25654.5,25623.5,8,09:37,25570.0,2,9,2,09:38,25571.5,3,16,4,09:45,25626.75,ratchet_stop,,none,5m_hi_confirm_1m_close,0,-55.25,-55.75,0.5,8,7.5,68.5,0,0,0,F3_EXPAND_INV1618_RATCHET_HI_T333,25652.5,25579.75,72.75,1.0818,1.0,0.0
H26,2026-01-27,SHORT,1m_expand_break,expand_break,F3,1,26048.035,,,,-6.0,-0.793903,26012.5,25955.0,25983.75,57.5,3.33,25821.025,26014.5,25972.25,6,09:35,25951.0,0,7,2,09:36,25951.75,1,16,4,09:45,25974.0,ratchet_stop,,none,5m_hi_confirm_1m_close,0,-22.25,-22.75,0.5,10,34.5,32.0,0,0,0,F3_EXPAND_INV1618_RATCHET_HI_T333,26012.5,25955.0,57.5,1.0,0.0,0.0
H26,2026-01-29,SHORT,1m_expand_break,expand_break,F3,1,26231.547,,,,-6.0,-0.65788,26175.0,26083.5,26129.25,91.5,3.33,25870.305,26177.0,26008.25,6,09:35,26062.5,0,7,2,09:36,26064.0,1,30,6,09:59,25870.305,target_3.33,,none,5m_hi_confirm_1m_close,0,193.695,193.195,0.5,24,206.0,4.5,1,1,0,F3_EXPAND_INV1618_RATCHET_HI_T333,26175.0,26083.5,91.5,1.0,0.0,0.0
H26,2026-02-03,SHORT,1m_expand_break,expand_break,F3,1,26022.393,,,,-5.0,-0.029144,25952.25,25838.75,25895.5,113.5,3.33,25574.295,25954.25,25799.5,12,09:41,25806.0,6,13,3,09:42,25807.0,7,33,7,10:02,25574.295,target_3.33,,none,5m_hi_confirm_1m_close,0,232.705,232.205,0.5,21,235.75,8.5,1,1,0,F3_EXPAND_INV1618_RATCHET_HI_T333,25952.25,25810.0,142.25,1.2533,3.0,0.0
H26,2026-02-11,SHORT,1m_expand_break,expand_break,F3,1,25526.5865,,,,-6.0,-0.813482,25465.25,25366.0,25415.625,99.25,3.33,25134.7475,25467.25,25416.5,7,09:36,25360.75,1,8,2,09:37,25362.0,2,16,4,09:45,25425.75,ratchet_stop,,none,5m_hi_confirm_1m_close,0,-63.75,-64.25,0.5,9,22.75,64.25,0,0,0,F3_EXPAND_INV1618_RATCHET_HI_T333,25465.25,25361.75,103.5,1.0428,1.0,0.0
H26,2026-02-26,SHORT,1m_expand_break,expand_break,F3,1,25395.148,,,,-7.0,-0.21623,25342.0,25256.0,25299.0,86.0,3.33,25055.62,25344.0,25178.0,7,09:36,25234.0,1,8,2,09:37,25234.0,2,46,10,10:15,25055.62,target_3.33,,none,5m_hi_confirm_1m_close,0,178.38,177.88,0.5,39,208.5,61.75,1,1,0,F3_EXPAND_INV1618_RATCHET_HI_T333,25342.0,25256.0,86.0,1.0,0.0,0.0
M26,2026-03-27,SHORT,1m_expand_break,expand_break,F3,1,23730.2805,,,,-7.0,-0.385654,23664.0,23556.75,23610.375,107.25,3.33,23306.8575,23666.0,23613.0,6,09:35,23554.25,0,7,2,09:36,23554.0,1,16,4,09:45,23619.5,ratchet_stop,,none,5m_hi_confirm_1m_close,0,-65.5,-66.0,0.5,10,22.0,76.0,0,0,0,F3_EXPAND_INV1618_RATCHET_HI_T333,23664.0,23556.75,107.25,1.0,0.0,0.0
M26,2026-03-30,SHORT,1m_expand_break,expand_break,F3,1,23588.1535,,,,-6.0,-0.714987,23538.25,23457.5,23497.875,80.75,3.33,23269.3525,23540.25,23340.75,6,09:35,23443.75,0,7,2,09:36,23444.25,1,42,9,10:11,23355.25,ratchet_stop,,none,5m_hi_confirm_1m_close,0,89.0,88.5,0.5,36,151.5,5.0,1,0,0,F3_EXPAND_INV1618_RATCHET_HI_T333,23538.25,23457.5,80.75,1.0,0.0,0.0
M26,2026-04-07,SHORT,1m_expand_break,expand_break,F3,1,24375.98,,,,-7.0,-0.380328,24308.0,24198.0,24253.0,110.0,3.33,23941.7,24310.0,24044.0,18,09:47,24159.75,12,19,4,09:48,24160.75,13,51,11,10:20,24067.25,ratchet_stop,,none,5m_hi_confirm_1m_close,0,93.5,93.0,0.5,33,166.75,47.0,1,0,0,F3_EXPAND_INV1618_RATCHET_HI_T333,24308.0,24177.0,131.0,1.1909,3.0,0.0
M26,2026-04-09,SHORT,1m_expand_break,expand_break,F3,1,25155.721,,,,-7.0,-0.667477,25103.5,25019.0,25061.25,84.5,3.33,24822.115,25105.5,24989.25,46,10:15,24996.0,40,47,10,10:16,24995.75,41,74,15,10:43,24990.5,ratchet_stop,,none,5m_hi_confirm_1m_close,0,5.25,4.75,0.5,28,35.25,12.25,0,0,0,F3_EXPAND_INV1618_RATCHET_HI_T333,25111.5,25001.0,110.5,1.3077,7.0,0.0
M26,2026-04-27,SHORT,1m_expand_break,expand_break,F3,1,27479.9595,,,,-7.0,-0.497537,27435.0,27362.25,27398.625,72.75,3.33,27192.7425,27437.0,27388.25,18,09:47,27345.75,12,19,4,09:48,27346.25,13,28,6,09:57,27394.25,ratchet_stop,,none,5m_hi_confirm_1m_close,0,-48.0,-48.5,0.5,10,47.75,52.5,0,0,0,F3_EXPAND_INV1618_RATCHET_HI_T333,27435.0,27350.0,85.0,1.1684,3.0,0.0
M26,2026-04-30,SHORT,1m_expand_break,expand_break,F3,1,27584.3545,,,,-8.0,-0.401337,27491.5,27341.25,27416.375,150.25,3.33,26991.1675,27493.5,27265.25,6,09:35,27332.5,0,7,2,09:36,27333.5,1,36,8,10:05,27277.0,ratchet_stop,,none,5m_hi_confirm_1m_close,0,56.5,56.0,0.5,30,130.5,39.5,0,0,0,F3_EXPAND_INV1618_RATCHET_HI_T333,27491.5,27341.25,150.25,1.0,0.0,0.0
M26,2026-05-18,SHORT,1m_expand_break,expand_break,F3,1,29405.69,,,,-5.0,-0.532795,29356.25,29276.25,29316.25,80.0,3.33,29089.85,29358.25,29206.0,7,09:36,29258.25,1,8,2,09:37,29257.75,2,26,6,09:55,29278.25,ratchet_stop,,none,5m_hi_confirm_1m_close,0,-20.5,-21.0,0.5,19,122.75,31.75,1,0,0,F3_EXPAND_INV1618_RATCHET_HI_T333,29356.25,29271.25,85.0,1.0625,1.0,0.0
M26,2026-05-26,SHORT,1m_expand_break,expand_break,F3,1,29992.474,,,,-7.0,-0.72972,29935.0,29842.0,29888.5,93.0,3.33,29625.31,29937.0,29864.75,6,09:35,29840.5,0,7,2,09:36,29840.75,1,16,4,09:45,29962.25,ratchet_stop,,none,5m_hi_confirm_1m_close,0,-121.5,-122.0,0.5,10,6.25,122.5,0,0,0,F3_EXPAND_INV1618_RATCHET_HI_T333,29935.0,29842.0,93.0,1.0,0.0,0.0
M26,2026-05-27,SHORT,1m_expand_break,expand_break,F3,1,30232.9425,,,,-6.0,-0.012362,30192.0,30125.75,30158.875,66.25,3.33,29971.3875,30194.0,30194.0,6,09:35,30116.0,0,7,2,09:36,30116.5,1,15,3,09:44,29971.3875,target_3.33,,none,5m_hi_confirm_1m_close,0,145.1125,144.6125,0.5,9,151.5,14.75,1,1,0,F3_EXPAND_INV1618_RATCHET_HI_T333,30192.0,30125.75,66.25,1.0,0.0,0.0
M26,2026-06-02,SHORT,1m_expand_break,expand_break,F3,1,30630.0135,,,,-8.0,-0.277285,30567.75,30467.0,30517.375,100.75,3.33,30232.2525,30569.75,30489.25,6,09:35,30456.0,0,7,2,09:36,30457.25,1,16,4,09:45,30507.75,ratchet_stop,,none,5m_hi_confirm_1m_close,0,-50.5,-51.0,0.5,10,33.5,64.75,0,0,0,F3_EXPAND_INV1618_RATCHET_HI_T333,30567.75,30467.0,100.75,1.0,0.0,0.0
M26,2026-06-03,SHORT,1m_expand_break,expand_break,F3,1,30865.6875,,,,-6.0,-0.980843,30807.75,30714.0,30760.875,93.75,3.33,30495.5625,30809.75,30625.0,6,09:35,30680.0,0,7,2,09:36,30680.5,1,33,7,10:02,30631.25,ratchet_stop,,none,5m_hi_confirm_1m_close,0,49.25,48.75,0.5,27,184.5,57.0,1,0,0,F3_EXPAND_INV1618_RATCHET_HI_T333,30807.75,30714.0,93.75,1.0,0.0,0.0
M26,2026-06-08,SHORT,1m_expand_break,expand_break,F3,1,29690.296,,,,-7.0,-0.860368,29584.0,29412.0,29498.0,172.0,3.33,29011.24,29586.0,29432.0,28,09:57,29379.25,22,29,6,09:58,29378.5,23,42,9,10:11,29459.75,ratchet_stop,,none,5m_hi_confirm_1m_close,0,-81.25,-81.75,0.5,14,47.0,89.0,0,0,0,F3_EXPAND_INV1618_RATCHET_HI_T333,29584.0,29397.5,186.5,1.0843,1.0,0.0
U26,2026-06-18,SHORT,1m_expand_break,expand_break,F3,1,30697.8485,,,,-8.0,-0.802222,30615.5,30482.25,30548.875,133.25,3.33,30171.7775,30617.5,30483.5,6,09:35,30469.0,0,7,2,09:36,30468.75,1,21,5,09:50,30492.0,ratchet_stop,,none,5m_hi_confirm_1m_close,0,-23.25,-23.75,0.5,15,77.75,41.25,0,0,0,F3_EXPAND_INV1618_RATCHET_HI_T333,30615.5,30482.25,133.25,1.0,0.0,0.0
U26,2026-06-25,SHORT,1m_expand_break,expand_break,F3,1,30287.554,,,,-7.0,-0.333068,30193.0,30040.0,30116.5,153.0,3.33,29683.51,30195.0,30090.5,8,09:37,30029.75,2,9,2,09:38,30029.5,3,17,4,09:46,29683.51,target_3.33,,none,5m_hi_confirm_1m_close,0,345.99,345.49,0.5,9,442.0,6.25,1,1,0,F3_EXPAND_INV1618_RATCHET_HI_T333,30193.0,30040.0,153.0,1.0,0.0,0.0
U26,2026-07-01,SHORT,1m_expand_break,expand_break,F3,1,30355.9445,,,,-8.0,-0.690181,30260.0,30104.75,30182.375,155.25,3.33,29743.0175,30262.0,30162.5,6,09:35,30102.5,0,7,2,09:36,30102.5,1,17,4,09:46,30197.5,ratchet_stop,,none,5m_hi_confirm_1m_close,0,-95.0,-95.5,0.5,11,8.0,104.75,0,0,0,F3_EXPAND_INV1618_RATCHET_HI_T333,30260.0,30104.75,155.25,1.0,0.0,0.0
U26,2026-07-07,SHORT,1m_expand_break,expand_break,F3,1,29791.119,,,,-7.0,-0.793934,29685.75,29515.25,29600.5,170.5,3.33,29117.985,29687.75,29274.75,9,09:38,29502.75,3,10,2,09:39,29501.5,4,81,17,10:50,29275.0,ratchet_stop,,none,5m_hi_confirm_1m_close,0,226.5,226.0,0.5,72,291.5,105.5,1,0,0,F3_EXPAND_INV1618_RATCHET_HI_T333,29685.75,29503.75,182.0,1.0674,1.0,0.0
U26,2026-07-13,SHORT,1m_expand_break,expand_break,F3,1,29802.449,,,,-7.0,-0.493283,29737.25,29631.75,29684.5,105.5,3.33,29385.935,29739.25,29600.75,8,09:37,29619.75,2,9,2,09:38,29620.25,3,29,6,09:58,29607.25,ratchet_stop,,none,5m_hi_confirm_1m_close,0,13.0,12.5,0.5,21,102.25,46.5,0,0,0,F3_EXPAND_INV1618_RATCHET_HI_T333,29737.25,29626.25,111.0,1.0521,1.0,0.0
U26,2026-07-14,SHORT,1m_expand_break,expand_break,F3,1,29893.618,,,,-8.0,-0.274942,29815.75,29689.75,29752.75,126.0,3.33,29396.17,29817.75,29690.5,36,10:05,29670.0,30,37,8,10:06,29669.75,31,53,11,10:22,29708.5,ratchet_stop,,none,5m_hi_confirm_1m_close,0,-38.75,-39.25,0.5,17,102.25,45.25,0,0,0,F3_EXPAND_INV1618_RATCHET_HI_T333,29815.75,29685.0,130.75,1.0377,1.0,0.0
U26,2026-07-16,SHORT,1m_expand_break,expand_break,F3,1,29595.1905,,,,-6.0,-0.94826,29532.0,29429.75,29480.875,102.25,3.33,29191.5075,29534.0,29342.75,6,09:35,29417.25,0,7,2,09:36,29418.75,1,30,6,09:59,29347.5,ratchet_stop,,none,5m_hi_confirm_1m_close,0,71.25,70.75,0.5,24,163.25,52.25,1,0,0,F3_EXPAND_INV1618_RATCHET_HI_T333,29532.0,29429.75,102.25,1.0,0.0,0.0
U26,2026-07-17,SHORT,1m_expand_break,expand_break,F3,1,28776.3825,,,,-6.0,-0.82075,28686.0,28539.75,28612.875,146.25,3.33,28198.9875,28688.0,28512.0,7,09:36,28523.25,1,8,2,09:37,28523.75,2,21,5,09:50,28520.75,ratchet_stop,,none,5m_hi_confirm_1m_close,0,3.0,2.5,0.5,14,115.5,14.25,0,0,0,F3_EXPAND_INV1618_RATCHET_HI_T333,28686.0,28530.75,155.25,1.0615,1.0,0.0
U26,2026-07-21,SHORT,1m_expand_break,expand_break,F3,1,29316.2385,,,,-7.0,-0.461546,29246.25,29133.0,29189.625,113.25,3.33,28869.1275,29248.25,29153.5,17,09:46,29114.75,11,18,4,09:47,29114.5,12,31,7,10:00,29170.0,ratchet_stop,,none,5m_hi_confirm_1m_close,0,-55.5,-56.0,0.5,14,22.0,74.0,0,0,0,F3_EXPAND_INV1618_RATCHET_HI_T333,29246.25,29126.0,120.25,1.0618,2.0,0.0
U26,2026-07-28,SHORT,1m_expand_break,expand_break,F3,1,28066.6235,,,,-5.0,-0.525227,27992.0,27871.25,27931.625,120.75,3.33,27589.9025,27994.0,27720.5,7,09:36,27860.5,1,8,2,09:37,27861.0,2,36,8,10:05,27766.25,ratchet_stop,,none,5m_hi_confirm_1m_close,0,94.75,94.25,0.5,29,219.25,17.5,1,0,0,F3_EXPAND_INV1618_RATCHET_HI_T333,27992.0,27871.25,120.75,1.0,0.0,0.0
U26,2026-08-11,SHORT,1m_expand_break,expand_break,F3,1,29914.188,,,,-8.0,-0.335205,29842.5,29726.5,29784.5,116.0,3.33,29456.22,29844.5,29725.0,6,09:35,29698.25,0,7,2,09:36,29697.25,1,30,6,09:59,29732.75,ratchet_stop,,none,5m_hi_confirm_1m_close,0,-35.5,-36.0,0.5,24,65.5,59.0,0,0,0,F3_EXPAND_INV1618_RATCHET_HI_T333,29842.5,29726.5,116.0,1.0,0.0,0.0
U26,2026-08-12,SHORT,1m_expand_break,expand_break,F3,1,30078.382,,,,-8.0,-0.443299,30001.75,29877.75,29939.75,124.0,3.33,29588.83,30003.75,29842.5,124,11:33,29826.0,118,125,25,11:34,29825.5,119,143,29,11:52,29847.75,ratchet_stop,,none,5m_hi_confirm_1m_close,0,-22.25,-22.75,0.5,19,7.0,32.75,0,0,0,F3_EXPAND_INV1618_RATCHET_HI_T333,30001.75,29828.25,173.5,1.3992,5.0,0.0
U26,2026-08-14,SHORT,1m_expand_break,expand_break,F3,1,30308.8975,,,,-5.0,-0.843128,30269.5,30205.75,30237.625,63.75,3.33,30057.2125,30271.5,30222.0,6,09:35,30199.75,0,7,2,09:36,30200.5,1,16,4,09:45,30265.75,ratchet_stop,,none,5m_hi_confirm_1m_close,0,-65.25,-65.75,0.5,10,30.75,74.75,0,0,0,F3_EXPAND_INV1618_RATCHET_HI_T333,30269.5,30205.75,63.75,1.0,0.0,0.0
U26,2026-08-17,SHORT,1m_expand_break,expand_break,F3,1,30312.35,,,,-5.0,-0.817748,30266.0,30191.0,30228.5,75.0,3.33,30016.25,30268.0,30113.5,223,13:12,30149.0,217,224,45,13:13,30149.25,218,252,51,13:41,30114.0,ratchet_stop,,none,5m_hi_confirm_1m_close,0,35.25,34.75,0.5,29,62.75,1.25,0,0,0,F3_EXPAND_INV1618_RATCHET_HI_T333,30278.0,30152.25,125.75,1.6767,10.0,6.0
U26,2026-08-19,SHORT,1m_expand_break,expand_break,F3,1,29800.9965,,,,-5.0,-0.435983,29742.75,29648.5,29695.625,94.25,3.33,29428.8975,29744.75,29628.75,7,09:36,29626.5,1,8,2,09:37,29627.25,2,22,5,09:51,29428.8975,target_3.33,,none,5m_hi_confirm_1m_close,0,198.3525,197.8525,0.5,15,220.75,23.0,1,1,0,F3_EXPAND_INV1618_RATCHET_HI_T333,29742.75,29648.5,94.25,1.0,0.0,0.0
U26,2026-08-21,SHORT,1m_expand_break,expand_break,F3,1,29549.0785,,,,-8.0,-0.72187,29476.0,29357.75,29416.875,118.25,3.33,29082.2275,29478.0,29320.25,14,09:43,29314.5,8,15,3,09:44,29314.5,9,36,8,10:05,29320.75,ratchet_stop,,none,5m_hi_confirm_1m_close,0,-6.25,-6.75,0.5,22,58.75,44.75,0,0,0,F3_EXPAND_INV1618_RATCHET_HI_T333,29476.0,29319.0,157.0,1.3277,3.0,0.0
H26,2025-12-17,SHORT,1m_expand_break,expand_break,F3,1,25481.431,,,,-8.0,-0.564224,25447.75,25393.25,25420.5,54.5,4.23,25217.215,25449.75,25337.5,6,09:35,25379.25,0,7,2,09:36,25379.0,1,29,6,09:58,25338.5,ratchet_stop,,none,5m_hi_confirm_1m_close,0,40.5,40.0,0.5,23,133.5,1.75,1,1,0,F3_EXPAND_INV1618_RATCHET_HI_T423,25447.75,25393.25,54.5,1.0,0.0,0.0
H26,2025-12-18,SHORT,1m_expand_break,expand_break,F3,1,25374.7685,,,,-6.0,-0.772303,25329.5,25256.25,25292.875,73.25,4.23,25019.6525,25331.5,25227.5,6,09:35,25242.25,0,7,2,09:36,25241.75,1,23,5,09:52,25237.0,ratchet_stop,,none,5m_hi_confirm_1m_close,0,4.75,4.25,0.5,17,80.5,25.5,0,0,0,F3_EXPAND_INV1618_RATCHET_HI_T423,25329.5,25256.25,73.25,1.0,0.0,0.0
H26,2025-12-22,SHORT,1m_expand_break,expand_break,F3,1,25856.859,,,,-7.0,-0.506942,25794.75,25694.25,25744.5,100.5,4.23,25369.635,25796.75,25674.5,66,10:35,25660.25,60,67,14,10:36,25660.5,61,76,16,10:45,25676.25,ratchet_stop,,none,5m_hi_confirm_1m_close,0,-15.75,-16.25,0.5,10,32.5,20.5,0,0,0,F3_EXPAND_INV1618_RATCHET_HI_T423,25794.75,25668.0,126.75,1.2612,3.0,0.0
H26,2026-01-05,SHORT,1m_expand_break,expand_break,F3,1,25728.5835,,,,-7.0,-0.844601,25672.5,25581.75,25627.125,90.75,4.23,25288.6275,25674.5,25607.5,6,09:35,25573.25,0,7,2,09:36,25573.0,1,16,4,09:45,25624.25,ratchet_stop,,none,5m_hi_confirm_1m_close,0,-51.25,-51.75,0.5,10,34.5,57.75,0,0,0,F3_EXPAND_INV1618_RATCHET_HI_T423,25672.5,25581.75,90.75,1.0,0.0,0.0
H26,2026-01-08,SHORT,1m_expand_break,expand_break,F3,1,25871.289,,,,-8.0,-0.241331,25803.0,25692.5,25747.75,110.5,4.23,25335.585,25805.0,25658.5,9,09:38,25688.5,3,10,2,09:39,25688.25,4,39,8,10:08,25671.25,ratchet_stop,,none,5m_hi_confirm_1m_close,0,17.0,16.5,0.5,30,119.25,19.75,0,0,0,F3_EXPAND_INV1618_RATCHET_HI_T423,25803.0,25692.5,110.5,1.0,0.0,0.0
H26,2026-01-15,SHORT,1m_expand_break,expand_break,F3,1,25986.42,,,,-5.0,-0.511924,25946.25,25881.25,25913.75,65.0,4.23,25671.3,25948.25,25895.75,6,09:35,25881.0,0,7,2,09:36,25881.0,1,16,4,09:45,25906.5,ratchet_stop,,none,5m_hi_confirm_1m_close,0,-25.5,-26.0,0.5,10,27.5,71.75,0,0,0,F3_EXPAND_INV1618_RATCHET_HI_T423,25946.25,25881.25,65.0,1.0,0.0,0.0
H26,2026-01-21,SHORT,1m_expand_break,expand_break,F3,1,25268.364,,,,-6.0,-0.259412,25223.25,25150.25,25186.75,73.0,4.23,24914.46,25225.25,25219.75,11,09:40,25135.0,5,12,3,09:41,25134.75,6,18,4,09:47,25234.75,ratchet_stop,,none,5m_hi_confirm_1m_close,0,-100.0,-100.5,0.5,7,7.25,103.25,0,0,0,F3_EXPAND_INV1618_RATCHET_HI_T423,25223.25,25141.75,81.5,1.1164,2.0,0.0
H26,2026-01-22,SHORT,1m_expand_break,expand_break,F3,1,25773.156,,,,-9.0,-0.333606,25731.75,25664.75,25698.25,67.0,4.23,25448.34,25733.75,25569.25,6,09:35,25651.75,0,7,2,09:36,25652.75,1,46,10,10:15,25577.0,ratchet_stop,,none,5m_hi_confirm_1m_close,0,75.75,75.25,0.5,40,116.0,42.25,1,0,0,F3_EXPAND_INV1618_RATCHET_HI_T423,25731.75,25664.75,67.0,1.0,0.0,0.0
H26,2026-01-23,SHORT,1m_expand_break,expand_break,F3,1,25694.0605,,,,-5.0,-0.802518,25652.5,25585.25,25618.875,67.25,4.23,25368.0325,25654.5,25623.5,8,09:37,25570.0,2,9,2,09:38,25571.5,3,16,4,09:45,25626.75,ratchet_stop,,none,5m_hi_confirm_1m_close,0,-55.25,-55.75,0.5,8,7.5,68.5,0,0,0,F3_EXPAND_INV1618_RATCHET_HI_T423,25652.5,25579.75,72.75,1.0818,1.0,0.0
H26,2026-01-27,SHORT,1m_expand_break,expand_break,F3,1,26048.035,,,,-6.0,-0.793903,26012.5,25955.0,25983.75,57.5,4.23,25769.275,26014.5,25972.25,6,09:35,25951.0,0,7,2,09:36,25951.75,1,16,4,09:45,25974.0,ratchet_stop,,none,5m_hi_confirm_1m_close,0,-22.25,-22.75,0.5,10,34.5,32.0,0,0,0,F3_EXPAND_INV1618_RATCHET_HI_T423,26012.5,25955.0,57.5,1.0,0.0,0.0
H26,2026-01-29,SHORT,1m_expand_break,expand_break,F3,1,26231.547,,,,-6.0,-0.65788,26175.0,26083.5,26129.25,91.5,4.23,25787.955,26177.0,25988.25,6,09:35,26062.5,0,7,2,09:36,26064.0,1,32,7,10:01,25787.955,target_4.23,,none,5m_hi_confirm_1m_close,0,276.045,275.545,0.5,26,279.5,4.5,1,1,1,F3_EXPAND_INV1618_RATCHET_HI_T423,26175.0,26083.5,91.5,1.0,0.0,0.0
H26,2026-02-03,SHORT,1m_expand_break,expand_break,F3,1,26022.393,,,,-5.0,-0.029144,25952.25,25838.75,25895.5,113.5,4.23,25472.145,25954.25,25594.0,12,09:41,25806.0,6,13,3,09:42,25807.0,7,56,12,10:25,25472.145,target_4.23,,none,5m_hi_confirm_1m_close,0,334.855,334.355,0.5,44,336.75,8.5,1,1,1,F3_EXPAND_INV1618_RATCHET_HI_T423,25952.25,25810.0,142.25,1.2533,3.0,0.0
H26,2026-02-11,SHORT,1m_expand_break,expand_break,F3,1,25526.5865,,,,-6.0,-0.813482,25465.25,25366.0,25415.625,99.25,4.23,25045.4225,25467.25,25416.5,7,09:36,25360.75,1,8,2,09:37,25362.0,2,16,4,09:45,25425.75,ratchet_stop,,none,5m_hi_confirm_1m_close,0,-63.75,-64.25,0.5,9,22.75,64.25,0,0,0,F3_EXPAND_INV1618_RATCHET_HI_T423,25465.25,25361.75,103.5,1.0428,1.0,0.0
H26,2026-02-26,SHORT,1m_expand_break,expand_break,F3,1,25395.148,,,,-7.0,-0.21623,25342.0,25256.0,25299.0,86.0,4.23,24978.22,25344.0,25178.0,7,09:36,25234.0,1,8,2,09:37,25234.0,2,49,10,10:18,24978.22,target_4.23,,none,5m_hi_confirm_1m_close,0,255.78,255.28,0.5,42,269.0,61.75,1,1,1,F3_EXPAND_INV1618_RATCHET_HI_T423,25342.0,25256.0,86.0,1.0,0.0,0.0
M26,2026-03-27,SHORT,1m_expand_break,expand_break,F3,1,23730.2805,,,,-7.0,-0.385654,23664.0,23556.75,23610.375,107.25,4.23,23210.3325,23666.0,23613.0,6,09:35,23554.25,0,7,2,09:36,23554.0,1,16,4,09:45,23619.5,ratchet_stop,,none,5m_hi_confirm_1m_close,0,-65.5,-66.0,0.5,10,22.0,76.0,0,0,0,F3_EXPAND_INV1618_RATCHET_HI_T423,23664.0,23556.75,107.25,1.0,0.0,0.0
M26,2026-03-30,SHORT,1m_expand_break,expand_break,F3,1,23588.1535,,,,-6.0,-0.714987,23538.25,23457.5,23497.875,80.75,4.23,23196.6775,23540.25,23340.75,6,09:35,23443.75,0,7,2,09:36,23444.25,1,42,9,10:11,23355.25,ratchet_stop,,none,5m_hi_confirm_1m_close,0,89.0,88.5,0.5,36,151.5,5.0,1,0,0,F3_EXPAND_INV1618_RATCHET_HI_T423,23538.25,23457.5,80.75,1.0,0.0,0.0
M26,2026-04-07,SHORT,1m_expand_break,expand_break,F3,1,24375.98,,,,-7.0,-0.380328,24308.0,24198.0,24253.0,110.0,4.23,23842.7,24310.0,24044.0,18,09:47,24159.75,12,19,4,09:48,24160.75,13,51,11,10:20,24067.25,ratchet_stop,,none,5m_hi_confirm_1m_close,0,93.5,93.0,0.5,33,166.75,47.0,1,0,0,F3_EXPAND_INV1618_RATCHET_HI_T423,24308.0,24177.0,131.0,1.1909,3.0,0.0
M26,2026-04-09,SHORT,1m_expand_break,expand_break,F3,1,25155.721,,,,-7.0,-0.667477,25103.5,25019.0,25061.25,84.5,4.23,24746.065,25105.5,24989.25,46,10:15,24996.0,40,47,10,10:16,24995.75,41,74,15,10:43,24990.5,ratchet_stop,,none,5m_hi_confirm_1m_close,0,5.25,4.75,0.5,28,35.25,12.25,0,0,0,F3_EXPAND_INV1618_RATCHET_HI_T423,25111.5,25001.0,110.5,1.3077,7.0,0.0
M26,2026-04-27,SHORT,1m_expand_break,expand_break,F3,1,27479.9595,,,,-7.0,-0.497537,27435.0,27362.25,27398.625,72.75,4.23,27127.2675,27437.0,27388.25,18,09:47,27345.75,12,19,4,09:48,27346.25,13,28,6,09:57,27394.25,ratchet_stop,,none,5m_hi_confirm_1m_close,0,-48.0,-48.5,0.5,10,47.75,52.5,0,0,0,F3_EXPAND_INV1618_RATCHET_HI_T423,27435.0,27350.0,85.0,1.1684,3.0,0.0
M26,2026-04-30,SHORT,1m_expand_break,expand_break,F3,1,27584.3545,,,,-8.0,-0.401337,27491.5,27341.25,27416.375,150.25,4.23,26855.9425,27493.5,27265.25,6,09:35,27332.5,0,7,2,09:36,27333.5,1,36,8,10:05,27277.0,ratchet_stop,,none,5m_hi_confirm_1m_close,0,56.5,56.0,0.5,30,130.5,39.5,0,0,0,F3_EXPAND_INV1618_RATCHET_HI_T423,27491.5,27341.25,150.25,1.0,0.0,0.0
M26,2026-05-18,SHORT,1m_expand_break,expand_break,F3,1,29405.69,,,,-5.0,-0.532795,29356.25,29276.25,29316.25,80.0,4.23,29017.85,29358.25,29206.0,7,09:36,29258.25,1,8,2,09:37,29257.75,2,26,6,09:55,29278.25,ratchet_stop,,none,5m_hi_confirm_1m_close,0,-20.5,-21.0,0.5,19,122.75,31.75,1,0,0,F3_EXPAND_INV1618_RATCHET_HI_T423,29356.25,29271.25,85.0,1.0625,1.0,0.0
M26,2026-05-26,SHORT,1m_expand_break,expand_break,F3,1,29992.474,,,,-7.0,-0.72972,29935.0,29842.0,29888.5,93.0,4.23,29541.61,29937.0,29864.75,6,09:35,29840.5,0,7,2,09:36,29840.75,1,16,4,09:45,29962.25,ratchet_stop,,none,5m_hi_confirm_1m_close,0,-121.5,-122.0,0.5,10,6.25,122.5,0,0,0,F3_EXPAND_INV1618_RATCHET_HI_T423,29935.0,29842.0,93.0,1.0,0.0,0.0
M26,2026-05-27,SHORT,1m_expand_break,expand_break,F3,1,30232.9425,,,,-6.0,-0.012362,30192.0,30125.75,30158.875,66.25,4.23,29911.7625,30194.0,30032.25,6,09:35,30116.0,0,7,2,09:36,30116.5,1,28,6,09:57,30043.25,ratchet_stop,,none,5m_hi_confirm_1m_close,0,73.25,72.75,0.5,22,179.5,14.75,1,1,0,F3_EXPAND_INV1618_RATCHET_HI_T423,30192.0,30125.75,66.25,1.0,0.0,0.0
M26,2026-06-02,SHORT,1m_expand_break,expand_break,F3,1,30630.0135,,,,-8.0,-0.277285,30567.75,30467.0,30517.375,100.75,4.23,30141.5775,30569.75,30489.25,6,09:35,30456.0,0,7,2,09:36,30457.25,1,16,4,09:45,30507.75,ratchet_stop,,none,5m_hi_confirm_1m_close,0,-50.5,-51.0,0.5,10,33.5,64.75,0,0,0,F3_EXPAND_INV1618_RATCHET_HI_T423,30567.75,30467.0,100.75,1.0,0.0,0.0
M26,2026-06-03,SHORT,1m_expand_break,expand_break,F3,1,30865.6875,,,,-6.0,-0.980843,30807.75,30714.0,30760.875,93.75,4.23,30411.1875,30809.75,30625.0,6,09:35,30680.0,0,7,2,09:36,30680.5,1,33,7,10:02,30631.25,ratchet_stop,,none,5m_hi_confirm_1m_close,0,49.25,48.75,0.5,27,184.5,57.0,1,0,0,F3_EXPAND_INV1618_RATCHET_HI_T423,30807.75,30714.0,93.75,1.0,0.0,0.0
M26,2026-06-08,SHORT,1m_expand_break,expand_break,F3,1,29690.296,,,,-7.0,-0.860368,29584.0,29412.0,29498.0,172.0,4.23,28856.44,29586.0,29432.0,28,09:57,29379.25,22,29,6,09:58,29378.5,23,42,9,10:11,29459.75,ratchet_stop,,none,5m_hi_confirm_1m_close,0,-81.25,-81.75,0.5,14,47.0,89.0,0,0,0,F3_EXPAND_INV1618_RATCHET_HI_T423,29584.0,29397.5,186.5,1.0843,1.0,0.0
U26,2026-06-18,SHORT,1m_expand_break,expand_break,F3,1,30697.8485,,,,-8.0,-0.802222,30615.5,30482.25,30548.875,133.25,4.23,30051.8525,30617.5,30483.5,6,09:35,30469.0,0,7,2,09:36,30468.75,1,21,5,09:50,30492.0,ratchet_stop,,none,5m_hi_confirm_1m_close,0,-23.25,-23.75,0.5,15,77.75,41.25,0,0,0,F3_EXPAND_INV1618_RATCHET_HI_T423,30615.5,30482.25,133.25,1.0,0.0,0.0
U26,2026-06-25,SHORT,1m_expand_break,expand_break,F3,1,30287.554,,,,-7.0,-0.333068,30193.0,30040.0,30116.5,153.0,4.23,29545.81,30195.0,30090.5,8,09:37,30029.75,2,9,2,09:38,30029.5,3,19,4,09:48,29545.81,target_4.23,,none,5m_hi_confirm_1m_close,0,483.69,483.19,0.5,11,499.25,6.25,1,1,1,F3_EXPAND_INV1618_RATCHET_HI_T423,30193.0,30040.0,153.0,1.0,0.0,0.0
U26,2026-07-01,SHORT,1m_expand_break,expand_break,F3,1,30355.9445,,,,-8.0,-0.690181,30260.0,30104.75,30182.375,155.25,4.23,29603.2925,30262.0,30162.5,6,09:35,30102.5,0,7,2,09:36,30102.5,1,17,4,09:46,30197.5,ratchet_stop,,none,5m_hi_confirm_1m_close,0,-95.0,-95.5,0.5,11,8.0,104.75,0,0,0,F3_EXPAND_INV1618_RATCHET_HI_T423,30260.0,30104.75,155.25,1.0,0.0,0.0
U26,2026-07-07,SHORT,1m_expand_break,expand_break,F3,1,29791.119,,,,-7.0,-0.793934,29685.75,29515.25,29600.5,170.5,4.23,28964.535,29687.75,29274.75,9,09:38,29502.75,3,10,2,09:39,29501.5,4,81,17,10:50,29275.0,ratchet_stop,,none,5m_hi_confirm_1m_close,0,226.5,226.0,0.5,72,291.5,105.5,1,0,0,F3_EXPAND_INV1618_RATCHET_HI_T423,29685.75,29503.75,182.0,1.0674,1.0,0.0
U26,2026-07-13,SHORT,1m_expand_break,expand_break,F3,1,29802.449,,,,-7.0,-0.493283,29737.25,29631.75,29684.5,105.5,4.23,29290.985,29739.25,29600.75,8,09:37,29619.75,2,9,2,09:38,29620.25,3,29,6,09:58,29607.25,ratchet_stop,,none,5m_hi_confirm_1m_close,0,13.0,12.5,0.5,21,102.25,46.5,0,0,0,F3_EXPAND_INV1618_RATCHET_HI_T423,29737.25,29626.25,111.0,1.0521,1.0,0.0
U26,2026-07-14,SHORT,1m_expand_break,expand_break,F3,1,29893.618,,,,-8.0,-0.274942,29815.75,29689.75,29752.75,126.0,4.23,29282.77,29817.75,29690.5,36,10:05,29670.0,30,37,8,10:06,29669.75,31,53,11,10:22,29708.5,ratchet_stop,,none,5m_hi_confirm_1m_close,0,-38.75,-39.25,0.5,17,102.25,45.25,0,0,0,F3_EXPAND_INV1618_RATCHET_HI_T423,29815.75,29685.0,130.75,1.0377,1.0,0.0
U26,2026-07-16,SHORT,1m_expand_break,expand_break,F3,1,29595.1905,,,,-6.0,-0.94826,29532.0,29429.75,29480.875,102.25,4.23,29099.4825,29534.0,29342.75,6,09:35,29417.25,0,7,2,09:36,29418.75,1,30,6,09:59,29347.5,ratchet_stop,,none,5m_hi_confirm_1m_close,0,71.25,70.75,0.5,24,163.25,52.25,1,0,0,F3_EXPAND_INV1618_RATCHET_HI_T423,29532.0,29429.75,102.25,1.0,0.0,0.0
U26,2026-07-17,SHORT,1m_expand_break,expand_break,F3,1,28776.3825,,,,-6.0,-0.82075,28686.0,28539.75,28612.875,146.25,4.23,28067.3625,28688.0,28512.0,7,09:36,28523.25,1,8,2,09:37,28523.75,2,21,5,09:50,28520.75,ratchet_stop,,none,5m_hi_confirm_1m_close,0,3.0,2.5,0.5,14,115.5,14.25,0,0,0,F3_EXPAND_INV1618_RATCHET_HI_T423,28686.0,28530.75,155.25,1.0615,1.0,0.0
U26,2026-07-21,SHORT,1m_expand_break,expand_break,F3,1,29316.2385,,,,-7.0,-0.461546,29246.25,29133.0,29189.625,113.25,4.23,28767.2025,29248.25,29153.5,17,09:46,29114.75,11,18,4,09:47,29114.5,12,31,7,10:00,29170.0,ratchet_stop,,none,5m_hi_confirm_1m_close,0,-55.5,-56.0,0.5,14,22.0,74.0,0,0,0,F3_EXPAND_INV1618_RATCHET_HI_T423,29246.25,29126.0,120.25,1.0618,2.0,0.0
U26,2026-07-28,SHORT,1m_expand_break,expand_break,F3,1,28066.6235,,,,-5.0,-0.525227,27992.0,27871.25,27931.625,120.75,4.23,27481.2275,27994.0,27720.5,7,09:36,27860.5,1,8,2,09:37,27861.0,2,36,8,10:05,27766.25,ratchet_stop,,none,5m_hi_confirm_1m_close,0,94.75,94.25,0.5,29,219.25,17.5,1,0,0,F3_EXPAND_INV1618_RATCHET_HI_T423,27992.0,27871.25,120.75,1.0,0.0,0.0
U26,2026-08-11,SHORT,1m_expand_break,expand_break,F3,1,29914.188,,,,-8.0,-0.335205,29842.5,29726.5,29784.5,116.0,4.23,29351.82,29844.5,29725.0,6,09:35,29698.25,0,7,2,09:36,29697.25,1,30,6,09:59,29732.75,ratchet_stop,,none,5m_hi_confirm_1m_close,0,-35.5,-36.0,0.5,24,65.5,59.0,0,0,0,F3_EXPAND_INV1618_RATCHET_HI_T423,29842.5,29726.5,116.0,1.0,0.0,0.0
U26,2026-08-12,SHORT,1m_expand_break,expand_break,F3,1,30078.382,,,,-8.0,-0.443299,30001.75,29877.75,29939.75,124.0,4.23,29477.23,30003.75,29842.5,124,11:33,29826.0,118,125,25,11:34,29825.5,119,143,29,11:52,29847.75,ratchet_stop,,none,5m_hi_confirm_1m_close,0,-22.25,-22.75,0.5,19,7.0,32.75,0,0,0,F3_EXPAND_INV1618_RATCHET_HI_T423,30001.75,29828.25,173.5,1.3992,5.0,0.0
U26,2026-08-14,SHORT,1m_expand_break,expand_break,F3,1,30308.8975,,,,-5.0,-0.843128,30269.5,30205.75,30237.625,63.75,4.23,29999.8375,30271.5,30222.0,6,09:35,30199.75,0,7,2,09:36,30200.5,1,16,4,09:45,30265.75,ratchet_stop,,none,5m_hi_confirm_1m_close,0,-65.25,-65.75,0.5,10,30.75,74.75,0,0,0,F3_EXPAND_INV1618_RATCHET_HI_T423,30269.5,30205.75,63.75,1.0,0.0,0.0
U26,2026-08-17,SHORT,1m_expand_break,expand_break,F3,1,30312.35,,,,-5.0,-0.817748,30266.0,30191.0,30228.5,75.0,4.23,29948.75,30268.0,30113.5,223,13:12,30149.0,217,224,45,13:13,30149.25,218,252,51,13:41,30114.0,ratchet_stop,,none,5m_hi_confirm_1m_close,0,35.25,34.75,0.5,29,62.75,1.25,0,0,0,F3_EXPAND_INV1618_RATCHET_HI_T423,30278.0,30152.25,125.75,1.6767,10.0,6.0
U26,2026-08-19,SHORT,1m_expand_break,expand_break,F3,1,29800.9965,,,,-5.0,-0.435983,29742.75,29648.5,29695.625,94.25,4.23,29344.0725,29744.75,29462.0,7,09:36,29626.5,1,8,2,09:37,29627.25,2,60,12,10:29,29482.5,ratchet_stop,,none,5m_hi_confirm_1m_close,0,144.75,144.25,0.5,53,251.5,23.0,1,1,0,F3_EXPAND_INV1618_RATCHET_HI_T423,29742.75,29648.5,94.25,1.0,0.0,0.0
U26,2026-08-21,SHORT,1m_expand_break,expand_break,F3,1,29549.0785,,,,-8.0,-0.72187,29476.0,29357.75,29416.875,118.25,4.23,28975.8025,29478.0,29320.25,14,09:43,29314.5,8,15,3,09:44,29314.5,9,36,8,10:05,29320.75,ratchet_stop,,none,5m_hi_confirm_1m_close,0,-6.25,-6.75,0.5,22,58.75,44.75,0,0,0,F3_EXPAND_INV1618_RATCHET_HI_T423,29476.0,29319.0,157.0,1.3277,3.0,0.0
H26,2025-12-16,SHORT,1m_expand_break,expand_break,ALL,0,25387.3255,,,,2.0,-0.28078,25319.5,25209.75,25264.625,109.75,4.23,24855.2575,25321.5,25247.0,56,10:25,25201.25,50,57,12,10:26,25201.0,51,66,14,10:35,25264.75,ratchet_stop,,vwap,5m_hi_confirm_1m_close,9,-63.75,-64.25,0.5,10,22.25,88.5,0,0,0,ALL_EXPAND_HOLD_VWAP_T423,25404.25,25205.25,199.0,1.8132,8.0,14.0
H26,2025-12-17,SHORT,1m_expand_break,expand_break,ALL,0,25481.431,,,,-8.0,-0.564224,25447.75,25393.25,25420.5,54.5,4.23,25217.215,25449.75,25337.5,6,09:35,25379.25,0,7,2,09:36,25379.0,1,28,6,09:57,25335.5,hold_exit_above_dvwap,above_dvwap,vwap,5m_hi_confirm_1m_close,21,43.5,43.0,0.5,22,133.5,1.75,1,1,0,ALL_EXPAND_HOLD_VWAP_T423,25447.75,25393.25,54.5,1.0,0.0,0.0
H26,2025-12-18,SHORT,1m_expand_break,expand_break,ALL,0,25374.7685,,,,-6.0,-0.772303,25329.5,25256.25,25292.875,73.25,4.23,25019.6525,25331.5,25227.5,6,09:35,25242.25,0,7,2,09:36,25241.75,1,23,5,09:52,25237.0,ratchet_stop,,vwap,5m_hi_confirm_1m_close,16,4.75,4.25,0.5,17,80.5,25.5,0,0,0,ALL_EXPAND_HOLD_VWAP_T423,25329.5,25256.25,73.25,1.0,0.0,0.0
H26,2025-12-22,SHORT,1m_expand_break,expand_break,ALL,0,25856.859,,,,-7.0,-0.506942,25794.75,25694.25,25744.5,100.5,4.23,25369.635,25796.75,25674.5,66,10:35,25660.25,60,67,14,10:36,25660.5,61,76,16,10:45,25676.25,ratchet_stop,,vwap,5m_hi_confirm_1m_close,9,-15.75,-16.25,0.5,10,32.5,20.5,0,0,0,ALL_EXPAND_HOLD_VWAP_T423,25794.75,25668.0,126.75,1.2612,3.0,0.0
H26,2025-12-23,SHORT,1m_expand_break,expand_break,ALL,0,25799.8,,,,2.0,-0.354881,25738.0,25638.0,25688.0,100.0,4.23,25315.0,25740.0,25660.0,34,10:03,25637.5,28,35,7,10:04,25637.5,29,47,10,10:16,25671.0,ratchet_stop,,vwap,5m_hi_confirm_1m_close,12,-33.5,-34.0,0.5,13,7.25,35.5,0,0,0,ALL_EXPAND_HOLD_VWAP_T423,25751.25,25638.0,113.25,1.1325,3.0,1.0
H26,2025-12-26,SHORT,1m_expand_break,expand_break,ALL,0,25939.737,,,,2.0,-0.027713,25911.0,25864.5,25887.75,46.5,4.23,25714.305,25913.0,25868.5,32,10:01,25850.75,26,33,7,10:02,25851.0,27,51,11,10:20,25879.5,ratchet_stop,,vwap,5m_hi_confirm_1m_close,18,-28.5,-29.0,0.5,19,16.75,30.5,0,0,0,ALL_EXPAND_HOLD_VWAP_T423,25935.25,25864.5,70.75,1.5215,4.0,2.0
H26,2025-12-29,SHORT,1m_expand_break,expand_break,ALL,0,25763.757,,,,6.0,0.841377,25725.75,25664.25,25695.0,61.5,4.23,25465.605,25727.75,25674.5,178,12:27,25660.5,172,179,36,12:28,25661.0,173,193,39,12:42,25679.75,ratchet_stop,,vwap,5m_hi_confirm_1m_close,14,-18.75,-19.25,0.5,15,13.0,20.5,0,0,0,ALL_EXPAND_HOLD_VWAP_T423,25761.75,25661.75,100.0,1.626,6.0,19.0
H26,2025-12-30,SHORT,1m_expand_break,expand_break,ALL,0,25761.001,,,,3.0,-0.356949,25733.5,25689.0,25711.25,44.5,4.23,25545.265,25735.5,25725.5,16,09:45,25680.75,10,17,4,09:46,25680.5,11,19,4,09:48,25718.25,hold_exit_above_dvwap,above_dvwap,vwap,5m_hi_confirm_1m_close,2,-37.75,-38.25,0.5,3,6.25,38.25,0,0,0,ALL_EXPAND_HOLD_VWAP_T423,25733.5,25681.75,51.75,1.1629,3.0,0.0
H26,2025-12-31,SHORT,1m_expand_break,expand_break,ALL,0,25717.338,,,,-2.0,-0.111601,25692.0,25651.0,25671.5,41.0,4.23,25518.57,25694.0,25568.25,7,09:36,25634.75,1,8,2,09:37,25635.25,2,106,22,11:15,25568.75,ratchet_stop,,vwap,5m_hi_confirm_1m_close,98,66.5,66.0,0.5,99,92.75,3.0,1,1,0,ALL_EXPAND_HOLD_VWAP_T423,25692.0,25651.0,41.0,1.0,0.0,0.0
H26,2026-01-02,SHORT,1m_expand_break,expand_break,ALL,0,25782.4765,,,,-3.0,-0.274003,25733.5,25654.25,25693.875,79.25,4.23,25398.2725,25735.5,25735.5,11,09:40,25645.0,5,12,3,09:41,25645.25,6,15,3,09:44,25690.75,hold_exit_above_dvwap,above_dvwap,vwap,5m_hi_confirm_1m_close,3,-45.5,-46.0,0.5,4,7.0,51.5,0,0,0,ALL_EXPAND_HOLD_VWAP_T423,25733.5,25650.75,82.75,1.0442,2.0,0.0
H26,2026-01-05,SHORT,1m_expand_break,expand_break,ALL,0,25728.5835,,,,-7.0,-0.844601,25672.5,25581.75,25627.125,90.75,4.23,25288.6275,25674.5,25674.5,6,09:35,25573.25,0,7,2,09:36,25573.0,1,15,3,09:44,25602.0,hold_exit_above_dvwap,above_dvwap,vwap,5m_hi_confirm_1m_close,8,-29.0,-29.5,0.5,9,34.5,40.25,0,0,0,ALL_EXPAND_HOLD_VWAP_T423,25672.5,25581.75,90.75,1.0,0.0,0.0
H26,2026-01-06,SHORT,1m_expand_break,expand_break,ALL,0,25703.501,,,,-4.0,-0.792122,25676.0,25631.5,25653.75,44.5,4.23,25487.765,25678.0,25678.0,11,09:40,25625.0,5,12,3,09:41,25624.75,6,15,3,09:44,25664.5,hold_exit_above_dvwap,above_dvwap,vwap,5m_hi_confirm_1m_close,3,-39.75,-40.25,0.5,4,16.75,42.0,0,0,0,ALL_EXPAND_HOLD_VWAP_T423,25677.75,25627.0,50.75,1.1404,2.0,0.0
H26,2026-01-08,SHORT,1m_expand_break,expand_break,ALL,0,25871.289,,,,-8.0,-0.241331,25803.0,25692.5,25747.75,110.5,4.23,25335.585,25805.0,25658.5,9,09:38,25688.5,3,10,2,09:39,25688.25,4,39,8,10:08,25671.25,ratchet_stop,,vwap,5m_hi_confirm_1m_close,29,17.0,16.5,0.5,30,119.25,19.75,0,0,0,ALL_EXPAND_HOLD_VWAP_T423,25803.0,25692.5,110.5,1.0,0.0,0.0
H26,2026-01-09,SHORT,1m_expand_break,expand_break,ALL,0,25757.3105,,,,-2.0,0.412196,25715.75,25648.5,25682.125,67.25,4.23,25431.2825,25717.75,25717.75,39,10:08,25639.0,33,40,8,10:09,25638.25,34,43,9,10:12,25724.25,init_stop,,vwap,5m_hi_confirm_1m_close,3,-86.0,-86.5,0.5,4,10.25,88.0,0,0,0,ALL_EXPAND_HOLD_VWAP_T423,25764.75,25648.5,116.25,1.7286,1.0,12.0
H26,2026-01-13,SHORT,1m_expand_break,expand_break,ALL,0,26021.358,,,,6.0,0.751632,25986.75,25930.75,25958.75,56.0,4.23,25749.87,25988.75,25848.0,33,10:02,25906.0,27,34,7,10:03,25905.75,28,66,14,10:35,25860.25,ratchet_stop,,vwap,5m_hi_confirm_1m_close,32,45.5,45.0,0.5,33,93.75,52.0,1,0,0,ALL_EXPAND_HOLD_VWAP_T423,26024.5,25930.75,93.75,1.6741,2.0,6.0
H26,2026-01-14,SHORT,1m_expand_break,expand_break,ALL,0,25862.8145,,,,7.0,0.873807,25788.5,25668.25,25728.375,120.25,4.23,25279.8425,25790.5,25587.5,12,09:41,25662.5,6,13,3,09:42,25662.25,7,42,9,10:11,25613.0,ratchet_stop,,vwap,5m_hi_confirm_1m_close,29,49.25,48.75,0.5,30,131.75,12.25,0,0,0,ALL_EXPAND_HOLD_VWAP_T423,25790.25,25668.25,122.0,1.0146,1.0,0.0
H26,2026-01-15,SHORT,1m_expand_break,expand_break,ALL,0,25986.42,,,,-5.0,-0.511924,25946.25,25881.25,25913.75,65.0,4.23,25671.3,25948.25,25948.25,6,09:35,25881.0,0,7,2,09:36,25881.0,1,14,3,09:43,25902.25,hold_exit_above_dvwap,above_dvwap,vwap,5m_hi_confirm_1m_close,7,-21.25,-21.75,0.5,8,27.5,29.75,0,0,0,ALL_EXPAND_HOLD_VWAP_T423,25946.25,25881.25,65.0,1.0,0.0,0.0
H26,2026-01-16,SHORT,1m_expand_break,expand_break,ALL,0,25925.7625,,,,-1.0,-0.131119,25891.0,25834.75,25862.875,56.25,4.23,25653.0625,25893.0,25729.25,15,09:44,25820.5,9,16,4,09:45,25820.75,10,64,13,10:33,25653.0625,target_4.23,,vwap,5m_hi_confirm_1m_close,48,167.6875,167.1875,0.5,49,168.0,23.25,1,1,1,ALL_EXPAND_HOLD_VWAP_T423,25891.0,25832.75,58.25,1.0356,1.0,0.0
H26,2026-01-20,SHORT,1m_expand_break,expand_break,ALL,0,25417.7975,,,,8.0,0.552798,25347.5,25233.75,25290.625,113.75,4.23,24866.3375,25349.5,25204.5,244,13:33,25225.25,238,245,49,13:34,25225.75,239,271,55,14:00,25220.75,ratchet_stop,,vwap,5m_hi_confirm_1m_close,26,5.0,4.5,0.5,27,55.25,12.0,0,0,0,ALL_EXPAND_HOLD_VWAP_T423,25429.75,25233.75,196.0,1.7231,11.0,6.0
H26,2026-01-21,SHORT,1m_expand_break,expand_break,ALL,0,25268.364,,,,-6.0,-0.259412,25223.25,25150.25,25186.75,73.0,4.23,24914.46,25225.25,25225.25,11,09:40,25135.0,5,12,3,09:41,25134.75,6,14,3,09:43,25193.75,hold_exit_above_dvwap,above_dvwap,vwap,5m_hi_confirm_1m_close,2,-59.0,-59.5,0.5,3,7.25,69.25,0,0,0,ALL_EXPAND_HOLD_VWAP_T423,25223.25,25141.75,81.5,1.1164,2.0,0.0
H26,2026-01-22,SHORT,1m_expand_break,expand_break,ALL,0,25773.156,,,,-9.0,-0.333606,25731.75,25664.75,25698.25,67.0,4.23,25448.34,25733.75,25733.75,6,09:35,25651.75,0,7,2,09:36,25652.75,1,8,2,09:37,25676.5,hold_exit_above_dvwap,above_dvwap,vwap,5m_hi_confirm_1m_close,1,-23.75,-24.25,0.5,2,17.0,24.75,0,0,0,ALL_EXPAND_HOLD_VWAP_T423,25731.75,25664.75,67.0,1.0,0.0,0.0
H26,2026-01-23,SHORT,1m_expand_break,expand_break,ALL,0,25694.0605,,,,-5.0,-0.802518,25652.5,25585.25,25618.875,67.25,4.23,25368.0325,25654.5,25654.5,8,09:37,25570.0,2,9,2,09:38,25571.5,3,12,3,09:41,25616.25,hold_exit_above_dvwap,above_dvwap,vwap,5m_hi_confirm_1m_close,3,-44.75,-45.25,0.5,4,7.5,48.0,0,0,0,ALL_EXPAND_HOLD_VWAP_T423,25652.5,25579.75,72.75,1.0818,1.0,0.0
H26,2026-01-27,SHORT,1m_expand_break,expand_break,ALL,0,26048.035,,,,-6.0,-0.793903,26012.5,25955.0,25983.75,57.5,4.23,25769.275,26014.5,26014.5,6,09:35,25951.0,0,7,2,09:36,25951.75,1,12,3,09:41,25966.75,hold_exit_above_dvwap,above_dvwap,vwap,5m_hi_confirm_1m_close,5,-15.0,-15.5,0.5,6,34.5,16.25,0,0,0,ALL_EXPAND_HOLD_VWAP_T423,26012.5,25955.0,57.5,1.0,0.0,0.0
H26,2026-01-28,SHORT,1m_expand_break,expand_break,ALL,0,26323.844,,,,-3.0,0.30085,26288.0,26230.0,26259.0,58.0,4.23,26042.66,26290.0,26290.0,7,09:36,26224.5,1,8,2,09:37,26224.75,2,11,3,09:40,26263.25,hold_exit_above_dvwap,above_dvwap,vwap,5m_hi_confirm_1m_close,3,-38.5,-39.0,0.5,4,8.75,43.75,0,0,0,ALL_EXPAND_HOLD_VWAP_T423,26288.0,26230.0,58.0,1.0,0.0,0.0
H26,2026-01-29,SHORT,1m_expand_break,expand_break,ALL,0,26231.547,,,,-6.0,-0.65788,26175.0,26083.5,26129.25,91.5,4.23,25787.955,26177.0,25988.25,6,09:35,26062.5,0,7,2,09:36,26064.0,1,32,7,10:01,25787.955,target_4.23,,vwap,5m_hi_confirm_1m_close,25,276.045,275.545,0.5,26,279.5,4.5,1,1,1,ALL_EXPAND_HOLD_VWAP_T423,26175.0,26083.5,91.5,1.0,0.0,0.0
H26,2026-01-30,SHORT,1m_expand_break,expand_break,ALL,0,25982.9855,,,,7.0,0.277932,25918.25,25813.5,25865.875,104.75,4.23,25475.1575,25920.25,25862.5,60,10:29,25794.0,54,61,13,10:30,25794.0,55,66,14,10:35,25882.5,ratchet_stop,,vwap,5m_hi_confirm_1m_close,5,-88.5,-89.0,0.5,6,23.25,88.75,0,0,0,ALL_EXPAND_HOLD_VWAP_T423,25933.0,25806.25,126.75,1.21,2.0,2.0
H26,2026-02-03,SHORT,1m_expand_break,expand_break,ALL,0,26022.393,,,,-5.0,-0.029144,25952.25,25838.75,25895.5,113.5,4.23,25472.145,25954.25,25594.0,12,09:41,25806.0,6,13,3,09:42,25807.0,7,56,12,10:25,25472.145,target_4.23,,vwap,5m_hi_confirm_1m_close,43,334.855,334.355,0.5,44,336.75,8.5,1,1,1,ALL_EXPAND_HOLD_VWAP_T423,25952.25,25810.0,142.25,1.2533,3.0,0.0
H26,2026-02-04,SHORT,1m_expand_break,expand_break,ALL,0,25483.6215,,,,-3.0,0.513147,25386.75,25230.0,25308.375,156.75,4.23,24723.6975,25388.75,25194.25,29,09:58,25193.75,23,30,6,09:59,25193.5,24,41,9,10:10,25215.0,ratchet_stop,,vwap,5m_hi_confirm_1m_close,11,-21.5,-22.0,0.5,12,85.5,60.0,0,0,0,ALL_EXPAND_HOLD_VWAP_T423,25390.0,25224.75,165.25,1.0542,2.0,0.0
H26,2026-02-05,SHORT,1m_expand_break,expand_break,ALL,0,24915.3295,,,,6.0,0.971947,24814.75,24652.0,24733.375,162.75,4.23,24126.3175,24816.75,24655.75,42,10:11,24619.0,36,43,9,10:12,24619.0,37,70,14,10:39,24665.75,ratchet_stop,,vwap,5m_hi_confirm_1m_close,27,-46.75,-47.25,0.5,28,69.0,52.75,0,0,0,ALL_EXPAND_HOLD_VWAP_T423,24875.25,24639.75,235.5,1.447,4.0,18.0
H26,2026-02-10,SHORT,1m_expand_break,expand_break,ALL,0,25449.552,,,,-4.0,-0.452235,25410.0,25346.0,25378.0,64.0,4.23,25139.28,25412.0,25334.5,7,09:36,25335.0,1,8,2,09:37,25336.0,2,23,5,09:52,25330.75,hold_exit_above_dvwap,above_dvwap,vwap,5m_hi_confirm_1m_close,15,5.25,4.75,0.5,16,80.25,4.5,0,0,0,ALL_EXPAND_HOLD_VWAP_T423,25410.0,25346.0,64.0,1.0,0.0,0.0
H26,2026-02-11,SHORT,1m_expand_break,expand_break,ALL,0,25526.5865,,,,-6.0,-0.813482,25465.25,25366.0,25415.625,99.25,4.23,25045.4225,25467.25,25416.5,7,09:36,25360.75,1,8,2,09:37,25362.0,2,16,4,09:45,25425.75,ratchet_stop,,vwap,5m_hi_confirm_1m_close,8,-63.75,-64.25,0.5,9,22.75,64.25,0,0,0,ALL_EXPAND_HOLD_VWAP_T423,25465.25,25361.75,103.5,1.0428,1.0,0.0
H26,2026-02-12,SHORT,1m_expand_break,expand_break,ALL,0,25413.0575,,,,4.0,0.234767,25376.75,25318.0,25347.375,58.75,4.23,25128.2375,25378.75,25241.5,15,09:44,25308.25,9,16,4,09:45,25309.0,10,47,10,10:16,25245.75,ratchet_stop,,vwap,5m_hi_confirm_1m_close,31,63.25,62.75,0.5,32,139.25,14.75,1,1,0,ALL_EXPAND_HOLD_VWAP_T423,25392.5,25318.0,74.5,1.2681,1.0,0.0
H26,2026-02-13,SHORT,1m_expand_break,expand_break,ALL,0,24869.893,,,,-4.0,-0.673237,24799.75,24686.25,24743.0,113.5,4.23,24319.645,24801.75,24801.75,8,09:37,24679.25,2,9,2,09:38,24680.0,3,15,3,09:44,24716.0,hold_exit_above_dvwap,above_dvwap,vwap,5m_hi_confirm_1m_close,6,-36.0,-36.5,0.5,7,101.25,46.75,0,0,0,ALL_EXPAND_HOLD_VWAP_T423,24799.75,24685.75,114.0,1.0044,1.0,0.0
H26,2026-02-17,SHORT,1m_expand_break,expand_break,ALL,0,24861.394,,,,7.0,0.843438,24763.75,24605.75,24684.75,158.0,4.23,24095.41,24765.75,24549.25,21,09:50,24584.75,15,22,5,09:51,24584.25,16,36,8,10:05,24554.0,ratchet_stop,,vwap,5m_hi_confirm_1m_close,14,30.25,29.75,0.5,15,122.0,12.5,0,0,0,ALL_EXPAND_HOLD_VWAP_T423,24795.5,24605.75,189.75,1.2009,1.0,7.0
H26,2026-02-19,SHORT,1m_expand_break,expand_break,ALL,0,24926.451,,,,-4.0,0.016707,24883.5,24814.0,24848.75,69.5,4.23,24589.515,24885.5,24885.5,6,09:35,24806.5,0,7,2,09:36,24806.0,1,15,3,09:44,24846.0,hold_exit_above_dvwap,above_dvwap,vwap,5m_hi_confirm_1m_close,8,-40.0,-40.5,0.5,9,43.0,51.5,0,0,0,ALL_EXPAND_HOLD_VWAP_T423,24883.5,24814.0,69.5,1.0,0.0,0.0
H26,2026-02-23,SHORT,1m_expand_break,expand_break,ALL,0,25082.951,,,,0.0,-0.424021,25040.0,24970.5,25005.25,69.5,4.23,24746.015,25042.0,24923.25,11,09:40,24929.0,5,12,3,09:41,24929.0,6,32,7,10:01,24923.75,ratchet_stop,,vwap,5m_hi_confirm_1m_close,20,5.25,4.75,0.5,21,71.25,36.25,1,0,0,ALL_EXPAND_HOLD_VWAP_T423,25040.0,24965.0,75.0,1.0791,2.0,0.0
H26,2026-02-26,SHORT,1m_expand_break,expand_break,ALL,0,25395.148,,,,-7.0,-0.21623,25342.0,25256.0,25299.0,86.0,4.23,24978.22,25344.0,25178.0,7,09:36,25234.0,1,8,2,09:37,25234.0,2,49,10,10:18,24978.22,target_4.23,,vwap,5m_hi_confirm_1m_close,41,255.78,255.28,0.5,42,269.0,61.75,1,1,1,ALL_EXPAND_HOLD_VWAP_T423,25342.0,25256.0,86.0,1.0,0.0,0.0
H26,2026-02-27,SHORT,1m_expand_break,expand_break,ALL,0,24965.5865,,,,5.0,0.087199,24904.25,24805.0,24854.625,99.25,4.23,24484.4225,24906.25,24906.25,14,09:43,24798.5,8,15,3,09:44,24798.75,9,16,4,09:45,24857.5,hold_exit_above_dvwap,above_dvwap,vwap,5m_hi_confirm_1m_close,1,-58.75,-59.25,0.5,2,2.5,73.5,0,0,0,ALL_EXPAND_HOLD_VWAP_T423,24909.0,24805.0,104.0,1.0479,1.0,0.0
H26,2026-03-03,SHORT,1m_expand_break,expand_break,ALL,0,24696.0615,,,,-4.0,-0.275975,24627.0,24515.25,24571.125,111.75,4.23,24154.2975,24629.0,24402.25,20,09:49,24502.25,14,21,5,09:50,24502.0,15,66,14,10:35,24411.25,ratchet_stop,,vwap,5m_hi_confirm_1m_close,45,90.75,90.25,0.5,46,150.0,67.75,0,0,0,ALL_EXPAND_HOLD_VWAP_T423,24661.25,24502.5,158.75,1.4206,2.0,2.0
H26,2026-03-05,SHORT,1m_expand_break,expand_break,ALL,0,25162.8255,,,,7.0,0.481418,25095.0,24985.25,25040.125,109.75,4.23,24630.7575,25097.0,25033.25,61,10:30,24953.5,55,62,13,10:31,24953.75,56,70,14,10:39,25041.5,ratchet_stop,,vwap,5m_hi_confirm_1m_close,8,-87.75,-88.25,0.5,9,23.25,90.75,0,0,0,ALL_EXPAND_HOLD_VWAP_T423,25181.75,24985.25,196.5,1.7904,9.0,16.0
H26,2026-03-06,SHORT,1m_expand_break,expand_break,ALL,0,24781.322,,,,6.0,0.487005,24732.5,24653.5,24693.0,79.0,4.23,24398.33,24734.5,24734.5,6,09:35,24650.25,0,7,2,09:36,24651.5,1,9,2,09:38,24688.0,hold_exit_above_dvwap,above_dvwap,vwap,5m_hi_confirm_1m_close,2,-36.5,-37.0,0.5,3,42.75,46.75,0,0,0,ALL_EXPAND_HOLD_VWAP_T423,24732.5,24653.5,79.0,1.0,0.0,0.0
H26,2026-03-09,SHORT,1m_expand_break,expand_break,ALL,0,24587.8225,,,,0.0,-0.622601,24525.25,24424.0,24474.625,101.25,4.23,24096.9625,24527.25,24385.25,8,09:37,24413.25,2,9,2,09:38,24412.25,3,33,7,10:02,24399.5,ratchet_stop,,vwap,5m_hi_confirm_1m_close,24,12.75,12.25,0.5,25,99.25,15.0,0,0,0,ALL_EXPAND_HOLD_VWAP_T423,24525.25,24424.0,101.25,1.0,0.0,0.0
H26,2026-03-10,SHORT,1m_expand_break,expand_break,ALL,0,25138.1425,,,,0.0,-0.767934,25081.75,24990.5,25036.125,91.25,4.23,24695.7625,25083.75,25083.75,13,09:42,24980.25,7,14,3,09:43,24980.25,8,15,3,09:44,25029.25,hold_exit_above_dvwap,above_dvwap,vwap,5m_hi_confirm_1m_close,1,-49.0,-49.5,0.5,2,20.75,56.0,0,0,0,ALL_EXPAND_HOLD_VWAP_T423,25081.75,24982.5,99.25,1.0877,1.0,0.0
H26,2026-03-11,SHORT,1m_expand_break,expand_break,ALL,0,25139.5155,,,,-2.0,-0.346548,25099.5,25034.75,25067.125,64.75,4.23,24825.6075,25101.5,25097.25,21,09:50,25028.75,15,22,5,09:51,25029.0,16,29,6,09:58,25100.0,ratchet_stop,,vwap,5m_hi_confirm_1m_close,7,-71.0,-71.5,0.5,8,13.75,79.25,0,0,0,ALL_EXPAND_HOLD_VWAP_T423,25115.5,25034.75,80.75,1.2471,5.0,2.0
H26,2026-03-12,SHORT,1m_expand_break,expand_break,ALL,0,24884.2295,,,,7.0,0.572308,24830.0,24742.25,24786.125,87.75,4.23,24458.8175,24832.0,24678.25,16,09:45,24729.5,10,17,4,09:46,24729.25,11,36,8,10:05,24713.75,ratchet_stop,,vwap,5m_hi_confirm_1m_close,19,15.5,15.0,0.5,20,98.75,38.0,0,0,0,ALL_EXPAND_HOLD_VWAP_T423,24834.5,24742.25,92.25,1.0513,1.0,0.0
H26,2026-03-13,SHORT,1m_expand_break,expand_break,ALL,0,24741.42,,,,0.0,-0.708376,24701.25,24636.25,24668.75,65.0,4.23,24426.3,24703.25,24703.25,6,09:35,24633.25,0,7,2,09:36,24633.5,1,8,2,09:37,24659.5,hold_exit_above_dvwap,above_dvwap,vwap,5m_hi_confirm_1m_close,1,-26.0,-26.5,0.5,2,22.5,32.0,0,0,0,ALL_EXPAND_HOLD_VWAP_T423,24701.25,24636.25,65.0,1.0,0.0,0.0
M26,2026-03-17,SHORT,1m_expand_break,expand_break,ALL,0,25139.9575,,,,7.0,0.650859,25072.75,24964.0,25018.375,108.75,4.23,24612.7375,25074.75,24998.0,127,11:36,24954.75,121,128,26,11:37,24955.25,122,141,29,11:50,25001.0,ratchet_stop,,vwap,5m_hi_confirm_1m_close,13,-45.75,-46.25,0.5,14,4.0,57.5,0,0,0,ALL_EXPAND_HOLD_VWAP_T423,25093.75,24964.0,129.75,1.1931,3.0,18.0
M26,2026-03-18,SHORT,1m_expand_break,expand_break,ALL,0,24996.476,,,,7.0,0.278856,24961.25,24904.25,24932.75,57.0,4.23,24720.14,24963.25,24851.0,44,10:13,24900.0,38,45,9,10:14,24900.0,39,87,18,10:56,24854.25,ratchet_stop,,vwap,5m_hi_confirm_1m_close,42,45.75,45.25,0.5,43,88.25,25.5,1,0,0,ALL_EXPAND_HOLD_VWAP_T423,24991.75,24904.25,87.5,1.5351,4.0,7.0
M26,2026-03-19,SHORT,1m_expand_break,expand_break,ALL,0,24490.8955,,,,-4.0,0.273538,24429.25,24329.5,24379.375,99.75,4.23,24007.3075,24431.25,24431.25,6,09:35,24329.25,0,7,2,09:36,24329.75,1,8,2,09:37,24372.0,hold_exit_above_dvwap,above_dvwap,vwap,5m_hi_confirm_1m_close,1,-42.25,-42.75,0.5,2,3.0,42.75,0,0,0,ALL_EXPAND_HOLD_VWAP_T423,24429.25,24329.5,99.75,1.0,0.0,0.0
M26,2026-03-20,SHORT,1m_expand_break,expand_break,ALL,0,24557.685,,,,-5.0,0.022098,24491.25,24383.75,24437.5,107.5,4.23,24036.525,24493.25,24292.0,21,09:50,24362.25,15,22,5,09:51,24361.5,16,61,13,10:30,24295.5,ratchet_stop,,vwap,5m_hi_confirm_1m_close,39,66.0,65.5,0.5,40,121.0,9.75,0,0,0,ALL_EXPAND_HOLD_VWAP_T423,24491.25,24380.0,111.25,1.0349,1.0,0.0
M26,2026-03-23,SHORT,1m_expand_break,expand_break,ALL,0,24568.412,,,,-2.0,0.185644,24516.5,24432.5,24474.5,84.0,4.23,24161.18,24518.5,24443.0,147,11:56,24404.75,141,148,30,11:57,24405.75,142,159,32,12:08,24452.75,ratchet_stop,,vwap,5m_hi_confirm_1m_close,11,-47.0,-47.5,0.5,12,35.5,49.0,0,0,0,ALL_EXPAND_HOLD_VWAP_T423,24665.5,24407.75,257.75,3.0685,15.0,38.0
M26,2026-03-24,SHORT,1m_expand_break,expand_break,ALL,0,24373.429,,,,6.0,0.409724,24317.5,24227.0,24272.25,90.5,4.23,23934.685,24319.5,24212.25,10,09:39,24209.25,4,11,3,09:40,24209.25,5,30,6,09:59,24215.75,ratchet_stop,,vwap,5m_hi_confirm_1m_close,19,-6.5,-7.0,0.5,20,75.25,19.5,0,0,0,ALL_EXPAND_HOLD_VWAP_T423,24317.5,24227.0,90.5,1.0,0.0,0.0
M26,2026-03-25,SHORT,1m_expand_break,expand_break,ALL,0,24510.945,,,,6.0,0.248283,24478.5,24426.0,24452.25,52.5,4.23,24256.425,24480.5,24410.25,20,09:49,24418.25,14,21,5,09:50,24419.0,15,37,8,10:06,24414.5,ratchet_stop,,vwap,5m_hi_confirm_1m_close,16,4.5,4.0,0.5,17,91.5,10.0,1,0,0,ALL_EXPAND_HOLD_VWAP_T423,24500.25,24426.0,74.25,1.4143,1.0,8.0
M26,2026-03-26,SHORT,1m_expand_break,expand_break,ALL,0,24198.1195,,,,1.0,0.827021,24156.25,24088.5,24122.375,67.75,4.23,23869.6675,24158.25,24158.25,10,09:39,24068.5,4,11,3,09:40,24069.5,5,13,3,09:42,24105.75,hold_exit_above_dvwap,above_dvwap,vwap,5m_hi_confirm_1m_close,2,-36.25,-36.75,0.5,3,3.25,41.5,0,0,0,ALL_EXPAND_HOLD_VWAP_T423,24156.25,24086.5,69.75,1.0295,1.0,0.0
M26,2026-03-27,SHORT,1m_expand_break,expand_break,ALL,0,23730.2805,,,,-7.0,-0.385654,23664.0,23556.75,23610.375,107.25,4.23,23210.3325,23666.0,23666.0,6,09:35,23554.25,0,7,2,09:36,23554.0,1,9,2,09:38,23597.75,hold_exit_above_dvwap,above_dvwap,vwap,5m_hi_confirm_1m_close,2,-43.75,-44.25,0.5,3,22.0,52.25,0,0,0,ALL_EXPAND_HOLD_VWAP_T423,23664.0,23556.75,107.25,1.0,0.0,0.0
M26,2026-03-30,SHORT,1m_expand_break,expand_break,ALL,0,23588.1535,,,,-6.0,-0.714987,23538.25,23457.5,23497.875,80.75,4.23,23196.6775,23540.25,23340.75,6,09:35,23443.75,0,7,2,09:36,23444.25,1,42,9,10:11,23355.25,ratchet_stop,,vwap,5m_hi_confirm_1m_close,35,89.0,88.5,0.5,36,151.5,5.0,1,0,0,ALL_EXPAND_HOLD_VWAP_T423,23538.25,23457.5,80.75,1.0,0.0,0.0
M26,2026-04-02,SHORT,1m_expand_break,expand_break,ALL,0,23853.358,,,,-1.0,-0.674805,23818.75,23762.75,23790.75,56.0,4.23,23581.87,23820.75,23788.25,6,09:35,23734.75,0,7,2,09:36,23734.25,1,17,4,09:46,23773.25,hold_exit_above_dvwap,above_dvwap,vwap,5m_hi_confirm_1m_close,10,-39.0,-39.5,0.5,11,56.25,41.75,0,0,0,ALL_EXPAND_HOLD_VWAP_T423,23818.75,23762.75,56.0,1.0,0.0,0.0
M26,2026-04-06,SHORT,1m_expand_break,expand_break,ALL,0,24436.2215,,,,7.0,0.139547,24370.25,24263.5,24316.875,106.75,4.23,23918.6975,24372.25,24372.25,7,09:36,24255.0,1,8,2,09:37,24253.0,2,12,3,09:41,24312.75,hold_exit_above_dvwap,above_dvwap,vwap,5m_hi_confirm_1m_close,4,-59.75,-60.25,0.5,5,7.25,66.25,0,0,0,ALL_EXPAND_HOLD_VWAP_T423,24373.75,24263.5,110.25,1.0328,1.0,0.0
M26,2026-04-07,SHORT,1m_expand_break,expand_break,ALL,0,24375.98,,,,-7.0,-0.380328,24308.0,24198.0,24253.0,110.0,4.23,23842.7,24310.0,24044.0,18,09:47,24159.75,12,19,4,09:48,24160.75,13,51,11,10:20,24067.25,ratchet_stop,,vwap,5m_hi_confirm_1m_close,32,93.5,93.0,0.5,33,166.75,47.0,1,0,0,ALL_EXPAND_HOLD_VWAP_T423,24308.0,24177.0,131.0,1.1909,3.0,0.0
M26,2026-04-08,SHORT,1m_expand_break,expand_break,ALL,0,25322.2105,,,,-3.0,0.184367,25249.75,25132.5,25191.125,117.25,4.23,24753.7825,25251.75,25180.75,10,09:39,25123.25,4,11,3,09:40,25122.75,5,17,4,09:46,25148.0,hold_exit_above_dvwap,above_dvwap,vwap,5m_hi_confirm_1m_close,6,-25.25,-25.75,0.5,7,33.0,26.75,0,0,0,ALL_EXPAND_HOLD_VWAP_T423,25249.75,25125.25,124.5,1.0618,1.0,0.0
M26,2026-04-09,SHORT,1m_expand_break,expand_break,ALL,0,25155.721,,,,-7.0,-0.667477,25103.5,25019.0,25061.25,84.5,4.23,24746.065,25105.5,24989.25,46,10:15,24996.0,40,47,10,10:16,24995.75,41,74,15,10:43,24990.5,ratchet_stop,,vwap,5m_hi_confirm_1m_close,27,5.25,4.75,0.5,28,35.25,12.25,0,0,0,ALL_EXPAND_HOLD_VWAP_T423,25111.5,25001.0,110.5,1.3077,7.0,0.0
M26,2026-04-10,SHORT,1m_expand_break,expand_break,ALL,0,25406.33,,,,-1.0,-0.712675,25369.25,25309.25,25339.25,60.0,4.23,25115.45,25371.25,25357.5,10,09:39,25308.0,4,11,3,09:40,25307.5,5,16,4,09:45,25333.25,hold_exit_above_dvwap,above_dvwap,vwap,5m_hi_confirm_1m_close,5,-25.75,-26.25,0.5,6,17.0,35.75,0,0,0,ALL_EXPAND_HOLD_VWAP_T423,25369.25,25309.25,60.0,1.0,0.0,0.0
M26,2026-04-13,SHORT,1m_expand_break,expand_break,ALL,0,25264.0515,,,,4.0,-0.030149,25238.25,25196.5,25217.375,41.75,4.23,25061.6475,25240.25,25221.25,7,09:36,25182.0,1,8,2,09:37,25182.25,2,19,4,09:48,25215.25,hold_exit_above_dvwap,above_dvwap,vwap,5m_hi_confirm_1m_close,11,-33.0,-33.5,0.5,12,22.25,49.75,0,0,0,ALL_EXPAND_HOLD_VWAP_T423,25238.25,25196.5,41.75,1.0,0.0,0.0
M26,2026-04-15,SHORT,1m_expand_break,expand_break,ALL,0,26068.4645,,,,-1.0,-0.183802,26040.5,25995.25,26017.875,45.25,4.23,25849.0925,26042.5,26042.5,15,09:44,25989.0,9,16,4,09:45,25990.0,10,18,4,09:47,26047.0,init_stop,,vwap,5m_hi_confirm_1m_close,2,-57.0,-57.5,0.5,3,0.0,57.0,0,0,0,ALL_EXPAND_HOLD_VWAP_T423,26049.5,25995.25,54.25,1.1989,1.0,4.0
M26,2026-04-16,SHORT,1m_expand_break,expand_break,ALL,0,26506.089,,,,-3.0,0.318792,26453.25,26367.75,26410.5,85.5,4.23,26091.585,26455.25,26455.25,7,09:36,26364.25,1,8,2,09:37,26365.25,2,11,3,09:40,26400.75,hold_exit_above_dvwap,above_dvwap,vwap,5m_hi_confirm_1m_close,3,-35.5,-36.0,0.5,4,7.0,43.5,0,0,0,ALL_EXPAND_HOLD_VWAP_T423,26453.25,26367.75,85.5,1.0,0.0,0.0
M26,2026-04-20,SHORT,1m_expand_break,expand_break,ALL,0,26877.0355,,,,6.0,0.571968,26827.75,26748.0,26787.875,79.75,4.23,26490.4075,26829.75,26764.75,10,09:39,26747.5,4,11,3,09:40,26747.75,5,23,5,09:52,26768.0,ratchet_stop,,vwap,5m_hi_confirm_1m_close,12,-20.25,-20.75,0.5,13,32.0,25.25,0,0,0,ALL_EXPAND_HOLD_VWAP_T423,26827.75,26748.0,79.75,1.0,0.0,0.0
M26,2026-04-21,SHORT,1m_expand_break,expand_break,ALL,0,26881.3475,,,,-3.0,0.185597,26826.5,26737.75,26782.125,88.75,4.23,26451.0875,26828.5,26752.5,91,11:00,26718.0,85,92,19,11:01,26719.0,86,101,21,11:10,26766.0,ratchet_stop,,vwap,5m_hi_confirm_1m_close,9,-47.0,-47.5,0.5,10,56.5,50.25,0,0,0,ALL_EXPAND_HOLD_VWAP_T423,26859.5,26726.75,132.75,1.4958,6.0,19.0
M26,2026-04-23,SHORT,1m_expand_break,expand_break,ALL,0,27049.5405,,,,3.0,0.788404,27017.25,26965.0,26991.125,52.25,4.23,26796.2325,27019.25,26902.75,220,13:09,26954.5,214,221,45,13:10,26953.75,215,245,49,13:34,26931.5,ratchet_stop,,vwap,5m_hi_confirm_1m_close,24,22.25,21.75,0.5,25,101.75,13.25,1,0,0,ALL_EXPAND_HOLD_VWAP_T423,27099.0,26965.0,134.0,2.5646,11.0,150.0
M26,2026-04-24,SHORT,1m_expand_break,expand_break,ALL,0,27287.892,,,,4.0,0.607756,27245.25,27176.25,27210.75,69.0,4.23,26953.38,27247.25,27200.0,25,09:54,27173.25,19,26,6,09:55,27173.0,20,39,8,10:08,27209.25,ratchet_stop,,vwap,5m_hi_confirm_1m_close,13,-36.25,-36.75,0.5,14,42.75,51.25,0,0,0,ALL_EXPAND_HOLD_VWAP_T423,27260.0,27176.25,83.75,1.2138,1.0,3.0
M26,2026-04-27,SHORT,1m_expand_break,expand_break,ALL,0,27479.9595,,,,-7.0,-0.497537,27435.0,27362.25,27398.625,72.75,4.23,27127.2675,27437.0,27401.0,18,09:47,27345.75,12,19,4,09:48,27346.25,13,25,5,09:54,27378.75,hold_exit_above_dvwap,above_dvwap,vwap,5m_hi_confirm_1m_close,6,-32.5,-33.0,0.5,7,47.75,35.75,0,0,0,ALL_EXPAND_HOLD_VWAP_T423,27435.0,27350.0,85.0,1.1684,3.0,0.0
M26,2026-04-28,SHORT,1m_expand_break,expand_break,ALL,0,27220.7465,,,,3.0,0.863509,27162.5,27068.25,27115.375,94.25,4.23,26763.8225,27164.5,27062.0,69,10:38,27058.0,63,70,14,10:39,27058.0,64,91,19,11:00,27107.0,ratchet_stop,,vwap,5m_hi_confirm_1m_close,21,-49.0,-49.5,0.5,22,45.5,55.5,0,0,0,ALL_EXPAND_HOLD_VWAP_T423,27188.25,27068.25,120.0,1.2732,3.0,50.0
M26,2026-04-30,SHORT,1m_expand_break,expand_break,ALL,0,27584.3545,,,,-8.0,-0.401337,27491.5,27341.25,27416.375,150.25,4.23,26855.9425,27493.5,27373.0,6,09:35,27332.5,0,7,2,09:36,27333.5,1,16,4,09:45,27359.75,hold_exit_above_dvwap,above_dvwap,vwap,5m_hi_confirm_1m_close,9,-26.25,-26.75,0.5,10,62.5,39.5,0,0,0,ALL_EXPAND_HOLD_VWAP_T423,27491.5,27341.25,150.25,1.0,0.0,0.0
M26,2026-05-04,SHORT,1m_expand_break,expand_break,ALL,0,27914.361,,,,-3.0,-0.184355,27874.5,27810.0,27842.25,64.5,4.23,27601.665,27876.5,27688.0,110,11:19,27782.75,104,111,23,11:20,27782.25,105,171,35,12:20,27720.25,ratchet_stop,,vwap,5m_hi_confirm_1m_close,60,62.0,61.5,0.5,61,169.25,11.0,1,1,0,ALL_EXPAND_HOLD_VWAP_T423,27935.75,27808.25,127.5,1.9767,10.0,18.0
M26,2026-05-07,SHORT,1m_expand_break,expand_break,ALL,0,28799.6275,,,,5.0,0.676927,28769.5,28720.75,28745.125,48.75,4.23,28563.2875,28771.5,28771.5,16,09:45,28712.5,10,17,4,09:46,28712.25,11,21,5,09:50,28750.75,hold_exit_above_dvwap,above_dvwap,vwap,5m_hi_confirm_1m_close,4,-38.5,-39.0,0.5,5,4.25,39.0,0,0,0,ALL_EXPAND_HOLD_VWAP_T423,28781.25,28720.75,60.5,1.241,2.0,3.0
M26,2026-05-11,SHORT,1m_expand_break,expand_break,ALL,0,29529.4585,,,,8.0,0.559471,29434.75,29281.5,29358.125,153.25,4.23,28786.5025,29436.75,29343.75,62,10:31,29260.75,56,63,13,10:32,29260.0,57,68,14,10:37,29345.0,ratchet_stop,,vwap,5m_hi_confirm_1m_close,5,-85.0,-85.5,0.5,6,13.25,90.25,0,0,0,ALL_EXPAND_HOLD_VWAP_T423,29434.75,29274.5,160.25,1.0457,1.0,0.0
M26,2026-05-12,SHORT,1m_expand_break,expand_break,ALL,0,29277.617,,,,1.0,0.857379,29227.25,29145.75,29186.5,81.5,4.23,28882.505,29229.25,29093.5,60,10:29,29085.0,54,61,13,10:30,29085.75,55,73,15,10:42,29112.0,ratchet_stop,,vwap,5m_hi_confirm_1m_close,12,-26.25,-26.75,0.5,13,79.25,29.25,1,0,0,ALL_EXPAND_HOLD_VWAP_T423,29265.0,29088.25,176.75,2.1687,9.0,7.0
M26,2026-05-13,SHORT,1m_expand_break,expand_break,ALL,0,29333.305,,,,-1.0,0.525645,29288.5,29216.0,29252.25,72.5,4.23,28981.825,29290.5,29290.5,6,09:35,29215.5,0,7,2,09:36,29214.5,1,12,3,09:41,29254.0,hold_exit_above_dvwap,above_dvwap,vwap,5m_hi_confirm_1m_close,5,-39.5,-40.0,0.5,6,34.0,43.0,0,0,0,ALL_EXPAND_HOLD_VWAP_T423,29288.5,29216.0,72.5,1.0,0.0,0.0
M26,2026-05-15,SHORT,1m_expand_break,expand_break,ALL,0,29354.1905,,,,1.0,0.571939,29291.0,29188.75,29239.875,102.25,4.23,28858.4825,29293.0,29293.0,8,09:37,29166.75,2,9,2,09:38,29166.25,3,11,3,09:40,29240.0,hold_exit_above_dvwap,above_dvwap,vwap,5m_hi_confirm_1m_close,2,-73.75,-74.25,0.5,3,15.25,77.5,0,0,0,ALL_EXPAND_HOLD_VWAP_T423,29291.0,29188.75,102.25,1.0,0.0,0.0
M26,2026-05-18,SHORT,1m_expand_break,expand_break,ALL,0,29405.69,,,,-5.0,-0.532795,29356.25,29276.25,29316.25,80.0,4.23,29017.85,29358.25,29282.75,7,09:36,29258.25,1,8,2,09:37,29257.75,2,25,5,09:54,29272.5,hold_exit_above_dvwap,above_dvwap,vwap,5m_hi_confirm_1m_close,17,-14.75,-15.25,0.5,18,122.75,29.25,1,0,0,ALL_EXPAND_HOLD_VWAP_T423,29356.25,29271.25,85.0,1.0625,1.0,0.0
M26,2026-05-19,SHORT,1m_expand_break,expand_break,ALL,0,29090.9275,,,,4.0,-0.408276,28999.0,28850.25,28924.625,148.75,4.23,28369.7875,29001.0,28729.0,36,10:05,28836.5,30,37,8,10:06,28837.0,31,61,13,10:30,28739.5,ratchet_stop,,vwap,5m_hi_confirm_1m_close,24,97.5,97.0,0.5,25,174.0,33.25,0,0,0,ALL_EXPAND_HOLD_VWAP_T423,29044.25,28850.25,194.0,1.3042,1.0,4.0
M26,2026-05-20,SHORT,1m_expand_break,expand_break,ALL,0,29207.03,,,,7.0,-0.009964,29154.5,29069.5,29112.0,85.0,4.23,28794.95,29156.5,29156.5,6,09:35,29066.75,0,7,2,09:36,29066.75,1,11,3,09:40,29117.0,hold_exit_above_dvwap,above_dvwap,vwap,5m_hi_confirm_1m_close,4,-50.25,-50.75,0.5,5,43.5,52.25,0,0,0,ALL_EXPAND_HOLD_VWAP_T423,29154.5,29069.5,85.0,1.0,0.0,0.0
M26,2026-05-21,SHORT,1m_expand_break,expand_break,ALL,0,29323.2605,,,,7.0,0.941161,29266.25,29174.0,29220.125,92.25,4.23,28876.0325,29268.25,29193.25,51,10:20,29144.75,45,52,11,10:21,29144.25,46,61,13,10:30,29221.25,ratchet_stop,,vwap,5m_hi_confirm_1m_close,9,-77.0,-77.5,0.5,10,17.25,92.75,0,0,0,ALL_EXPAND_HOLD_VWAP_T423,29323.75,29174.0,149.75,1.6233,7.0,9.0
M26,2026-05-22,SHORT,1m_expand_break,expand_break,ALL,0,29723.567,,,,7.0,0.566821,29657.75,29551.25,29604.5,106.5,4.23,29207.255,29659.75,29559.0,54,10:23,29492.5,48,55,11,10:24,29492.75,49,61,13,10:30,29567.25,ratchet_stop,,vwap,5m_hi_confirm_1m_close,6,-74.5,-75.0,0.5,7,2.5,83.0,0,0,0,ALL_EXPAND_HOLD_VWAP_T423,29676.75,29515.5,161.25,1.5141,4.0,5.0
M26,2026-05-26,SHORT,1m_expand_break,expand_break,ALL,0,29992.474,,,,-7.0,-0.72972,29935.0,29842.0,29888.5,93.0,4.23,29541.61,29937.0,29937.0,6,09:35,29840.5,0,7,2,09:36,29840.75,1,12,3,09:41,29903.5,hold_exit_above_dvwap,above_dvwap,vwap,5m_hi_confirm_1m_close,5,-62.75,-63.25,0.5,6,6.25,69.25,0,0,0,ALL_EXPAND_HOLD_VWAP_T423,29935.0,29842.0,93.0,1.0,0.0,0.0
M26,2026-05-27,SHORT,1m_expand_break,expand_break,ALL,0,30232.9425,,,,-6.0,-0.012362,30192.0,30125.75,30158.875,66.25,4.23,29911.7625,30194.0,30068.75,6,09:35,30116.0,0,7,2,09:36,30116.5,1,23,5,09:52,30066.5,hold_exit_above_dvwap,above_dvwap,vwap,5m_hi_confirm_1m_close,16,50.0,49.5,0.5,17,179.5,14.75,1,1,0,ALL_EXPAND_HOLD_VWAP_T423,30192.0,30125.75,66.25,1.0,0.0,0.0
M26,2026-05-28,SHORT,1m_expand_break,expand_break,ALL,0,30177.817,,,,-4.0,-0.895902,30112.0,30005.5,30058.75,106.5,4.23,29661.505,30114.0,29993.5,10,09:39,29981.75,4,11,3,09:40,29981.5,5,23,5,09:52,29995.5,ratchet_stop,,vwap,5m_hi_confirm_1m_close,12,-14.0,-14.5,0.5,13,61.25,15.25,0,0,0,ALL_EXPAND_HOLD_VWAP_T423,30112.0,29984.75,127.25,1.1948,1.0,0.0
M26,2026-05-29,SHORT,1m_expand_break,expand_break,ALL,0,30463.8525,,,,-5.0,-0.897001,30426.0,30364.75,30395.375,61.25,4.23,30166.9125,30428.0,30428.0,57,10:26,30350.25,51,58,12,10:27,30349.0,52,65,13,10:34,30437.0,init_stop,,vwap,5m_hi_confirm_1m_close,7,-88.0,-88.5,0.5,8,1.0,88.5,0,0,0,ALL_EXPAND_HOLD_VWAP_T423,30443.0,30364.75,78.25,1.2776,4.0,41.0
M26,2026-06-02,SHORT,1m_expand_break,expand_break,ALL,0,30630.0135,,,,-8.0,-0.277285,30567.75,30467.0,30517.375,100.75,4.23,30141.5775,30569.75,30569.75,6,09:35,30456.0,0,7,2,09:36,30457.25,1,14,3,09:43,30485.0,hold_exit_above_dvwap,above_dvwap,vwap,5m_hi_confirm_1m_close,7,-27.75,-28.25,0.5,8,33.5,30.0,0,0,0,ALL_EXPAND_HOLD_VWAP_T423,30567.75,30467.0,100.75,1.0,0.0,0.0
M26,2026-06-03,SHORT,1m_expand_break,expand_break,ALL,0,30865.6875,,,,-6.0,-0.980843,30807.75,30714.0,30760.875,93.75,4.23,30411.1875,30809.75,30625.0,6,09:35,30680.0,0,7,2,09:36,30680.5,1,33,7,10:02,30631.25,ratchet_stop,,vwap,5m_hi_confirm_1m_close,26,49.25,48.75,0.5,27,184.5,57.0,1,0,0,ALL_EXPAND_HOLD_VWAP_T423,30807.75,30714.0,93.75,1.0,0.0,0.0
M26,2026-06-04,SHORT,1m_expand_break,expand_break,ALL,0,30442.5875,,,,5.0,0.671927,30353.75,30210.0,30281.875,143.75,4.23,29745.6875,30355.75,30341.5,16,09:45,30199.0,10,17,4,09:46,30198.75,11,22,5,09:51,30291.0,hold_exit_above_dvwap,above_dvwap,vwap,5m_hi_confirm_1m_close,5,-92.25,-92.75,0.5,6,7.25,95.5,0,0,0,ALL_EXPAND_HOLD_VWAP_T423,30364.5,30210.0,154.5,1.0748,1.0,0.0
M26,2026-06-05,SHORT,1m_expand_break,expand_break,ALL,0,30163.3815,,,,0.0,-0.042651,30100.5,29998.75,30049.625,101.75,4.23,29670.0975,30102.5,29829.75,9,09:38,29985.5,3,10,2,09:39,29985.5,4,41,9,10:10,29856.5,ratchet_stop,,vwap,5m_hi_confirm_1m_close,31,129.0,128.5,0.5,32,227.5,24.0,1,1,0,ALL_EXPAND_HOLD_VWAP_T423,30100.5,29996.0,104.5,1.027,1.0,0.0
M26,2026-06-08,SHORT,1m_expand_break,expand_break,ALL,0,29690.296,,,,-7.0,-0.860368,29584.0,29412.0,29498.0,172.0,4.23,28856.44,29586.0,29432.0,28,09:57,29379.25,22,29,6,09:58,29378.5,23,42,9,10:11,29459.75,ratchet_stop,,vwap,5m_hi_confirm_1m_close,13,-81.25,-81.75,0.5,14,47.0,89.0,0,0,0,ALL_EXPAND_HOLD_VWAP_T423,29584.0,29397.5,186.5,1.0843,1.0,0.0
M26,2026-06-09,SHORT,1m_expand_break,expand_break,ALL,0,29818.9155,,,,-7.0,-0.227781,29748.0,29633.25,29690.625,114.75,4.23,29262.6075,29750.0,29464.0,41,10:10,29566.0,35,42,9,10:11,29565.0,36,71,15,10:40,29465.25,ratchet_stop,,vwap,5m_hi_confirm_1m_close,29,99.75,99.25,0.5,30,200.0,13.5,1,1,0,ALL_EXPAND_HOLD_VWAP_T423,29783.75,29624.0,159.75,1.3922,3.0,11.0
M26,2026-06-10,SHORT,1m_expand_break,expand_break,ALL,0,29061.5545,,,,-7.0,-0.943786,28953.25,28778.0,28865.625,175.25,4.23,28211.9425,28955.25,28840.75,103,11:12,28751.75,97,104,21,11:13,28753.0,98,114,23,11:23,28842.0,ratchet_stop,,vwap,5m_hi_confirm_1m_close,10,-89.0,-89.5,0.5,11,89.5,94.25,0,0,0,ALL_EXPAND_HOLD_VWAP_T423,29047.5,28761.75,285.75,1.6305,4.0,76.0
M26,2026-06-11,SHORT,1m_expand_break,expand_break,ALL,0,28857.4745,,,,-7.0,-0.358151,28786.25,28671.0,28728.625,115.25,4.23,28298.7425,28788.25,28699.25,89,10:58,28630.0,83,90,18,10:59,28625.0,84,101,21,11:10,28743.5,ratchet_stop,,vwap,5m_hi_confirm_1m_close,11,-118.5,-119.0,0.5,12,47.5,135.5,0,0,0,ALL_EXPAND_HOLD_VWAP_T423,28940.0,28650.75,289.25,2.5098,6.0,35.0
M26,2026-06-12,SHORT,1m_expand_break,expand_break,ALL,0,29623.364,,,,-6.0,0.286895,29501.0,29303.0,29402.0,198.0,4.23,28663.46,29503.0,29455.5,13,09:42,29269.25,7,14,3,09:43,29265.5,8,23,5,09:52,29355.75,hold_exit_above_dvwap,above_dvwap,vwap,5m_hi_confirm_1m_close,9,-90.25,-90.75,0.5,10,35.5,90.5,0,0,0,ALL_EXPAND_HOLD_VWAP_T423,29501.0,29303.0,198.0,1.0,0.0,0.0
U26,2026-06-16,SHORT,1m_expand_break,expand_break,ALL,0,30861.1785,,,,1.0,0.696492,30819.0,30750.75,30784.875,68.25,4.23,30530.3025,30821.0,30682.25,50,10:19,30740.25,44,51,11,10:20,30739.75,45,71,15,10:40,30697.75,ratchet_stop,,vwap,5m_hi_confirm_1m_close,20,42.0,41.5,0.5,21,148.75,31.25,1,1,0,ALL_EXPAND_HOLD_VWAP_T423,30867.75,30750.75,117.0,1.7143,4.0,15.0
U26,2026-06-17,SHORT,1m_expand_break,expand_break,ALL,0,30594.3395,,,,-6.0,0.161032,30527.75,30420.0,30473.875,107.75,4.23,30071.9675,30529.75,30529.75,9,09:38,30407.0,3,10,2,09:39,30408.25,4,12,3,09:41,30470.0,hold_exit_above_dvwap,above_dvwap,vwap,5m_hi_confirm_1m_close,2,-61.75,-62.25,0.5,3,10.0,71.25,0,0,0,ALL_EXPAND_HOLD_VWAP_T423,30527.75,30420.0,107.75,1.0,0.0,0.0
U26,2026-06-18,SHORT,1m_expand_break,expand_break,ALL,0,30697.8485,,,,-8.0,-0.802222,30615.5,30482.25,30548.875,133.25,4.23,30051.8525,30617.5,30503.5,6,09:35,30469.0,0,7,2,09:36,30468.75,1,20,4,09:49,30497.0,hold_exit_above_dvwap,above_dvwap,vwap,5m_hi_confirm_1m_close,13,-28.25,-28.75,0.5,14,77.75,33.5,0,0,0,ALL_EXPAND_HOLD_VWAP_T423,30615.5,30482.25,133.25,1.0,0.0,0.0
U26,2026-06-22,SHORT,1m_expand_break,expand_break,ALL,0,30995.0005,,,,-3.0,-0.437804,30904.0,30756.75,30830.375,147.25,4.23,30281.1325,30906.0,30656.0,58,10:27,30746.0,52,59,12,10:28,30745.5,53,91,19,11:00,30663.25,ratchet_stop,,vwap,5m_hi_confirm_1m_close,32,82.25,81.75,0.5,33,200.5,42.5,0,0,0,ALL_EXPAND_HOLD_VWAP_T423,30968.0,30756.75,211.25,1.4346,4.0,5.0
U26,2026-06-23,SHORT,1m_expand_break,expand_break,ALL,0,29869.717,,,,7.0,0.888324,29773.0,29616.5,29694.75,156.5,4.23,29111.005,29775.0,29635.5,316,14:45,29607.25,310,317,64,14:46,29607.75,311,331,67,15:00,29638.25,ratchet_stop,,vwap,5m_hi_confirm_1m_close,14,-30.5,-31.0,0.5,15,30.5,49.75,0,0,0,ALL_EXPAND_HOLD_VWAP_T423,29907.25,29616.5,290.75,1.8578,10.0,93.0
U26,2026-06-24,SHORT,1m_expand_break,expand_break,ALL,0,29966.69,,,,6.0,0.638927,29840.0,29635.0,29737.5,205.0,4.23,28972.85,29842.0,29741.5,12,09:41,29629.75,6,13,3,09:42,29630.0,7,21,5,09:50,29721.25,hold_exit_above_dvwap,above_dvwap,vwap,5m_hi_confirm_1m_close,8,-91.25,-91.75,0.5,9,67.75,100.0,0,0,0,ALL_EXPAND_HOLD_VWAP_T423,29841.5,29635.0,206.5,1.0073,1.0,0.0
U26,2026-06-25,SHORT,1m_expand_break,expand_break,ALL,0,30287.554,,,,-7.0,-0.333068,30193.0,30040.0,30116.5,153.0,4.23,29545.81,30195.0,30090.5,8,09:37,30029.75,2,9,2,09:38,30029.5,3,19,4,09:48,29545.81,target_4.23,,vwap,5m_hi_confirm_1m_close,10,483.69,483.19,0.5,11,499.25,6.25,1,1,1,ALL_EXPAND_HOLD_VWAP_T423,30193.0,30040.0,153.0,1.0,0.0,0.0
U26,2026-06-29,SHORT,1m_expand_break,expand_break,ALL,0,29900.4205,,,,7.0,0.676306,29769.25,29557.0,29663.125,212.25,4.23,28871.4325,29771.25,29388.0,36,10:05,29505.25,30,37,8,10:06,29507.0,31,56,12,10:25,29448.5,ratchet_stop,,vwap,5m_hi_confirm_1m_close,19,58.5,58.0,0.5,20,233.25,48.0,0,0,0,ALL_EXPAND_HOLD_VWAP_T423,29840.0,29531.75,308.25,1.4523,5.0,5.0
U26,2026-07-01,SHORT,1m_expand_break,expand_break,ALL,0,30355.9445,,,,-8.0,-0.690181,30260.0,30104.75,30182.375,155.25,4.23,29603.2925,30262.0,30262.0,6,09:35,30102.5,0,7,2,09:36,30102.5,1,12,3,09:41,30161.5,hold_exit_above_dvwap,above_dvwap,vwap,5m_hi_confirm_1m_close,5,-59.0,-59.5,0.5,6,8.0,81.75,0,0,0,ALL_EXPAND_HOLD_VWAP_T423,30260.0,30104.75,155.25,1.0,0.0,0.0
U26,2026-07-02,SHORT,1m_expand_break,expand_break,ALL,0,30218.899,,,,8.0,0.921593,30138.25,30007.75,30073.0,130.5,4.23,29586.235,30140.25,29722.5,58,10:27,29951.75,52,59,12,10:28,29952.5,53,122,25,11:31,29726.25,ratchet_stop,,vwap,5m_hi_confirm_1m_close,63,226.25,225.75,0.5,64,341.75,53.75,1,1,0,ALL_EXPAND_HOLD_VWAP_T423,30253.75,30007.75,246.0,1.8851,8.0,13.0
U26,2026-07-07,SHORT,1m_expand_break,expand_break,ALL,0,29791.119,,,,-7.0,-0.793934,29685.75,29515.25,29600.5,170.5,4.23,28964.535,29687.75,29687.75,9,09:38,29502.75,3,10,2,09:39,29501.5,4,11,3,09:40,29586.5,hold_exit_above_dvwap,above_dvwap,vwap,5m_hi_confirm_1m_close,1,-85.0,-85.5,0.5,2,6.75,85.75,0,0,0,ALL_EXPAND_HOLD_VWAP_T423,29685.75,29503.75,182.0,1.0674,1.0,0.0
U26,2026-07-08,SHORT,1m_expand_break,expand_break,ALL,0,29405.677,,,,7.0,0.052424,29327.5,29201.0,29264.25,126.5,4.23,28792.405,29329.5,29257.5,78,10:47,29184.25,72,79,16,10:48,29183.5,73,87,18,10:56,29257.5,ratchet_stop,,vwap,5m_hi_confirm_1m_close,8,-74.0,-74.5,0.5,9,32.5,114.0,0,0,0,ALL_EXPAND_HOLD_VWAP_T423,29394.75,29201.0,193.75,1.5316,5.0,10.0
U26,2026-07-09,SHORT,1m_expand_break,expand_break,ALL,0,29849.171,,,,6.0,0.952843,29781.5,29672.0,29726.75,109.5,4.23,29318.315,29783.5,29714.25,51,10:20,29641.0,45,52,11,10:21,29641.75,46,61,13,10:30,29749.75,ratchet_stop,,vwap,5m_hi_confirm_1m_close,9,-108.0,-108.5,0.5,10,27.25,135.75,0,0,0,ALL_EXPAND_HOLD_VWAP_T423,29803.5,29672.0,131.5,1.2009,1.0,40.0
U26,2026-07-10,SHORT,1m_expand_break,expand_break,ALL,0,29988.4575,,,,7.0,0.196243,29921.25,29812.5,29866.875,108.75,4.23,29461.2375,29923.25,29923.25,11,09:40,29806.0,5,12,3,09:41,29807.0,6,16,4,09:45,29874.25,hold_exit_above_dvwap,above_dvwap,vwap,5m_hi_confirm_1m_close,4,-67.25,-67.75,0.5,5,7.75,81.25,0,0,0,ALL_EXPAND_HOLD_VWAP_T423,29936.75,29812.5,124.25,1.1425,3.0,0.0
U26,2026-07-13,SHORT,1m_expand_break,expand_break,ALL,0,29802.449,,,,-7.0,-0.493283,29737.25,29631.75,29684.5,105.5,4.23,29290.985,29739.25,29600.75,8,09:37,29619.75,2,9,2,09:38,29620.25,3,29,6,09:58,29607.25,ratchet_stop,,vwap,5m_hi_confirm_1m_close,20,13.0,12.5,0.5,21,102.25,46.5,0,0,0,ALL_EXPAND_HOLD_VWAP_T423,29737.25,29626.25,111.0,1.0521,1.0,0.0
U26,2026-07-14,SHORT,1m_expand_break,expand_break,ALL,0,29893.618,,,,-8.0,-0.274942,29815.75,29689.75,29752.75,126.0,4.23,29282.77,29817.75,29690.5,36,10:05,29670.0,30,37,8,10:06,29669.75,31,53,11,10:22,29708.5,ratchet_stop,,vwap,5m_hi_confirm_1m_close,16,-38.75,-39.25,0.5,17,102.25,45.25,0,0,0,ALL_EXPAND_HOLD_VWAP_T423,29815.75,29685.0,130.75,1.0377,1.0,0.0
U26,2026-07-15,SHORT,1m_expand_break,expand_break,ALL,0,30017.67,,,,1.0,0.17024,29977.5,29912.5,29945.0,65.0,4.23,29702.55,29979.5,29801.75,8,09:37,29878.75,2,9,2,09:38,29879.0,3,31,7,10:00,29838.25,ratchet_stop,,vwap,5m_hi_confirm_1m_close,22,40.75,40.25,0.5,23,124.5,15.0,1,1,0,ALL_EXPAND_HOLD_VWAP_T423,29977.5,29910.5,67.0,1.0308,1.0,0.0
U26,2026-07-16,SHORT,1m_expand_break,expand_break,ALL,0,29595.1905,,,,-6.0,-0.94826,29532.0,29429.75,29480.875,102.25,4.23,29099.4825,29534.0,29342.75,6,09:35,29417.25,0,7,2,09:36,29418.75,1,30,6,09:59,29347.5,ratchet_stop,,vwap,5m_hi_confirm_1m_close,23,71.25,70.75,0.5,24,163.25,52.25,1,0,0,ALL_EXPAND_HOLD_VWAP_T423,29532.0,29429.75,102.25,1.0,0.0,0.0
U26,2026-07-17,SHORT,1m_expand_break,expand_break,ALL,0,28776.3825,,,,-6.0,-0.82075,28686.0,28539.75,28612.875,146.25,4.23,28067.3625,28688.0,28512.0,7,09:36,28523.25,1,8,2,09:37,28523.75,2,21,5,09:50,28520.75,ratchet_stop,,vwap,5m_hi_confirm_1m_close,13,3.0,2.5,0.5,14,115.5,14.25,0,0,0,ALL_EXPAND_HOLD_VWAP_T423,28686.0,28530.75,155.25,1.0615,1.0,0.0
U26,2026-07-20,SHORT,1m_expand_break,expand_break,ALL,0,29206.966,,,,8.0,0.546112,29137.75,29025.75,29081.75,112.0,4.23,28663.99,29139.75,29005.5,28,09:57,28999.25,22,29,6,09:58,28999.25,23,57,12,10:26,29005.75,ratchet_stop,,vwap,5m_hi_confirm_1m_close,28,-6.5,-7.0,0.5,29,91.25,49.75,0,0,0,ALL_EXPAND_HOLD_VWAP_T423,29160.75,29018.5,142.25,1.2701,5.0,7.0
U26,2026-07-21,SHORT,1m_expand_break,expand_break,ALL,0,29316.2385,,,,-7.0,-0.461546,29246.25,29133.0,29189.625,113.25,4.23,28767.2025,29248.25,29153.5,17,09:46,29114.75,11,18,4,09:47,29114.5,12,31,7,10:00,29170.0,ratchet_stop,,vwap,5m_hi_confirm_1m_close,13,-55.5,-56.0,0.5,14,22.0,74.0,0,0,0,ALL_EXPAND_HOLD_VWAP_T423,29246.25,29126.0,120.25,1.0618,2.0,0.0
U26,2026-07-23,SHORT,1m_expand_break,expand_break,ALL,0,28830.935,,,,5.0,0.869255,28764.5,28657.0,28710.75,107.5,4.23,28309.775,28766.5,28743.0,64,10:33,28649.25,58,65,13,10:34,28649.25,59,68,14,10:37,28758.0,ratchet_stop,,vwap,5m_hi_confirm_1m_close,3,-108.75,-109.25,0.5,4,9.25,112.75,0,0,0,ALL_EXPAND_HOLD_VWAP_T423,28834.5,28657.0,177.5,1.6512,3.0,14.0
U26,2026-07-24,SHORT,1m_expand_break,expand_break,ALL,0,28673.0305,,,,6.0,0.883,28606.75,28499.5,28553.125,107.25,4.23,28153.0825,28608.75,28368.5,11,09:40,28492.0,5,12,3,09:41,28493.0,6,36,8,10:05,28373.25,ratchet_stop,,vwap,5m_hi_confirm_1m_close,24,119.75,119.25,0.5,25,188.75,18.75,1,0,0,ALL_EXPAND_HOLD_VWAP_T423,28622.0,28499.5,122.5,1.1422,1.0,0.0
U26,2026-07-27,SHORT,1m_expand_break,expand_break,ALL,0,28695.3175,,,,-2.0,0.270207,28615.75,28487.0,28551.375,128.75,4.23,28071.1375,28617.75,28261.0,13,09:42,28458.25,7,14,3,09:43,28459.0,8,61,13,10:30,28071.1375,target_4.23,,vwap,5m_hi_confirm_1m_close,47,387.8625,387.3625,0.5,48,407.25,45.0,1,1,1,ALL_EXPAND_HOLD_VWAP_T423,28615.75,28487.0,128.75,1.0,0.0,0.0
U26,2026-07-28,SHORT,1m_expand_break,expand_break,ALL,0,28066.6235,,,,-5.0,-0.525227,27992.0,27871.25,27931.625,120.75,4.23,27481.2275,27994.0,27720.5,7,09:36,27860.5,1,8,2,09:37,27861.0,2,36,8,10:05,27766.25,ratchet_stop,,vwap,5m_hi_confirm_1m_close,28,94.75,94.25,0.5,29,219.25,17.5,1,0,0,ALL_EXPAND_HOLD_VWAP_T423,27992.0,27871.25,120.75,1.0,0.0,0.0
U26,2026-07-29,SHORT,1m_expand_break,expand_break,ALL,0,28074.7505,,,,6.0,0.579231,27983.75,27836.5,27910.125,147.25,4.23,27360.8825,27985.75,27752.75,21,09:50,27796.75,15,22,5,09:51,27796.25,16,36,8,10:05,27793.25,ratchet_stop,,vwap,5m_hi_confirm_1m_close,14,3.0,2.5,0.5,15,128.5,30.25,0,0,0,ALL_EXPAND_HOLD_VWAP_T423,27996.0,27816.0,180.0,1.2224,3.0,0.0
U26,2026-07-31,SHORT,1m_expand_break,expand_break,ALL,0,28812.706,,,,4.0,0.023717,28709.5,28542.5,28626.0,167.0,4.23,28003.09,28711.5,28192.0,11,09:40,28537.25,5,12,3,09:41,28536.0,6,51,11,10:20,28224.0,ratchet_stop,,vwap,5m_hi_confirm_1m_close,39,312.0,311.5,0.5,40,456.25,42.25,1,1,0,ALL_EXPAND_HOLD_VWAP_T423,28725.75,28542.5,183.25,1.0973,1.0,0.0
U26,2026-08-05,SHORT,1m_expand_break,expand_break,ALL,0,30061.2995,,,,7.0,0.889587,30013.25,29935.5,29974.375,77.75,4.23,29684.3675,30015.25,30015.25,7,09:36,29929.25,1,8,2,09:37,29930.5,2,9,2,09:38,29974.75,hold_exit_above_dvwap,above_dvwap,vwap,5m_hi_confirm_1m_close,1,-44.25,-44.75,0.5,2,20.25,69.5,0,0,0,ALL_EXPAND_HOLD_VWAP_T423,30023.5,29935.5,88.0,1.1318,1.0,0.0
U26,2026-08-07,SHORT,1m_expand_break,expand_break,ALL,0,29894.9805,,,,6.0,0.659785,29813.25,29681.0,29747.125,132.25,4.23,29253.8325,29815.25,29684.75,28,09:57,29666.5,22,29,6,09:58,29666.25,23,49,10,10:18,29692.25,ratchet_stop,,vwap,5m_hi_confirm_1m_close,20,-26.0,-26.5,0.5,21,101.75,47.0,0,0,0,ALL_EXPAND_HOLD_VWAP_T423,29820.0,29681.0,139.0,1.051,1.0,0.0
U26,2026-08-11,SHORT,1m_expand_break,expand_break,ALL,0,29914.188,,,,-8.0,-0.335205,29842.5,29726.5,29784.5,116.0,4.23,29351.82,29844.5,29844.5,6,09:35,29698.25,0,7,2,09:36,29697.25,1,12,3,09:41,29744.25,hold_exit_above_dvwap,above_dvwap,vwap,5m_hi_confirm_1m_close,5,-47.0,-47.5,0.5,6,18.25,58.5,0,0,0,ALL_EXPAND_HOLD_VWAP_T423,29842.5,29726.5,116.0,1.0,0.0,0.0
U26,2026-08-12,SHORT,1m_expand_break,expand_break,ALL,0,30078.382,,,,-8.0,-0.443299,30001.75,29877.75,29939.75,124.0,4.23,29477.23,30003.75,29842.5,124,11:33,29826.0,118,125,25,11:34,29825.5,119,143,29,11:52,29847.75,ratchet_stop,,vwap,5m_hi_confirm_1m_close,18,-22.25,-22.75,0.5,19,7.0,32.75,0,0,0,ALL_EXPAND_HOLD_VWAP_T423,30001.75,29828.25,173.5,1.3992,5.0,0.0
U26,2026-08-14,SHORT,1m_expand_break,expand_break,ALL,0,30308.8975,,,,-5.0,-0.843128,30269.5,30205.75,30237.625,63.75,4.23,29999.8375,30271.5,30271.5,6,09:35,30199.75,0,7,2,09:36,30200.5,1,13,3,09:42,30238.0,hold_exit_above_dvwap,above_dvwap,vwap,5m_hi_confirm_1m_close,6,-37.5,-38.0,0.5,7,30.75,39.75,0,0,0,ALL_EXPAND_HOLD_VWAP_T423,30269.5,30205.75,63.75,1.0,0.0,0.0
U26,2026-08-17,SHORT,1m_expand_break,expand_break,ALL,0,30312.35,,,,-5.0,-0.817748,30266.0,30191.0,30228.5,75.0,4.23,29948.75,30268.0,30113.5,223,13:12,30149.0,217,224,45,13:13,30149.25,218,252,51,13:41,30114.0,ratchet_stop,,vwap,5m_hi_confirm_1m_close,28,35.25,34.75,0.5,29,62.75,1.25,0,0,0,ALL_EXPAND_HOLD_VWAP_T423,30278.0,30152.25,125.75,1.6767,10.0,6.0
U26,2026-08-18,SHORT,1m_expand_break,expand_break,ALL,0,29831.882,,,,-1.0,0.164331,29755.25,29631.25,29693.25,124.0,4.23,29230.73,29757.25,29665.25,26,09:55,29614.0,20,27,6,09:56,29613.75,21,38,8,10:07,29666.25,ratchet_stop,,vwap,5m_hi_confirm_1m_close,11,-52.5,-53.0,0.5,12,5.75,92.0,0,0,0,ALL_EXPAND_HOLD_VWAP_T423,29767.0,29631.25,135.75,1.0948,1.0,2.0
U26,2026-08-19,SHORT,1m_expand_break,expand_break,ALL,0,29800.9965,,,,-5.0,-0.435983,29742.75,29648.5,29695.625,94.25,4.23,29344.0725,29744.75,29462.0,7,09:36,29626.5,1,8,2,09:37,29627.25,2,60,12,10:29,29482.5,ratchet_stop,,vwap,5m_hi_confirm_1m_close,52,144.75,144.25,0.5,53,251.5,23.0,1,1,0,ALL_EXPAND_HOLD_VWAP_T423,29742.75,29648.5,94.25,1.0,0.0,0.0
U26,2026-08-20,SHORT,1m_expand_break,expand_break,ALL,0,29492.8645,,,,2.0,-0.169914,29434.0,29338.75,29386.375,95.25,4.23,29031.0925,29436.0,29391.75,23,09:52,29322.5,17,24,5,09:53,29321.75,18,40,8,10:09,29391.5,hold_exit_above_dvwap,above_dvwap,vwap,5m_hi_confirm_1m_close,16,-69.75,-70.25,0.5,17,13.0,87.25,0,0,0,ALL_EXPAND_HOLD_VWAP_T423,29460.0,29337.0,123.0,1.2913,6.0,5.0
U26,2026-08-21,SHORT,1m_expand_break,expand_break,ALL,0,29549.0785,,,,-8.0,-0.72187,29476.0,29357.75,29416.875,118.25,4.23,28975.8025,29478.0,29320.25,14,09:43,29314.5,8,15,3,09:44,29314.5,9,36,8,10:05,29320.75,ratchet_stop,,vwap,5m_hi_confirm_1m_close,21,-6.25,-6.75,0.5,22,58.75,44.75,0,0,0,ALL_EXPAND_HOLD_VWAP_T423,29476.0,29319.0,157.0,1.3277,3.0,0.0
U26,2026-08-24,SHORT,1m_expand_break,expand_break,ALL,0,29341.7255,,,,-5.0,0.095868,29243.0,29083.25,29163.125,159.75,4.23,28567.2575,29245.0,29030.75,9,09:38,29075.5,3,10,2,09:39,29074.0,4,29,6,09:58,29033.0,ratchet_stop,,vwap,5m_hi_confirm_1m_close,19,41.0,40.5,0.5,20,127.25,18.0,0,0,0,ALL_EXPAND_HOLD_VWAP_T423,29243.0,29083.25,159.75,1.0,0.0,0.0
U26,2026-08-25,SHORT,1m_expand_break,expand_break,ALL,0,29436.196,,,,9.0,0.584572,29376.25,29279.25,29327.75,97.0,4.23,28965.94,29378.25,29252.25,33,10:02,29272.75,27,34,7,10:03,29274.25,28,69,14,10:38,29253.75,ratchet_stop,,vwap,5m_hi_confirm_1m_close,35,20.5,20.0,0.5,36,136.25,15.0,0,0,0,ALL_EXPAND_HOLD_VWAP_T423,29396.25,29275.0,121.25,1.25,4.0,3.0
H26,2025-12-16,SHORT,1m_expand_break,expand_break,ALL,0,25387.3255,,,,2.0,-0.28078,25319.5,25209.75,25264.625,109.75,4.23,24855.2575,25321.5,25247.0,56,10:25,25201.25,50,57,12,10:26,25201.0,51,66,14,10:35,25264.75,ratchet_stop,,none,5m_hi_confirm_1m_close,0,-63.75,-64.25,0.5,10,22.25,88.5,0,0,0,ALL_EXPAND_RATCHET_HI_T423,25404.25,25205.25,199.0,1.8132,8.0,14.0
H26,2025-12-17,SHORT,1m_expand_break,expand_break,ALL,0,25481.431,,,,-8.0,-0.564224,25447.75,25393.25,25420.5,54.5,4.23,25217.215,25449.75,25337.5,6,09:35,25379.25,0,7,2,09:36,25379.0,1,29,6,09:58,25338.5,ratchet_stop,,none,5m_hi_confirm_1m_close,0,40.5,40.0,0.5,23,133.5,1.75,1,1,0,ALL_EXPAND_RATCHET_HI_T423,25447.75,25393.25,54.5,1.0,0.0,0.0
H26,2025-12-18,SHORT,1m_expand_break,expand_break,ALL,0,25374.7685,,,,-6.0,-0.772303,25329.5,25256.25,25292.875,73.25,4.23,25019.6525,25331.5,25227.5,6,09:35,25242.25,0,7,2,09:36,25241.75,1,23,5,09:52,25237.0,ratchet_stop,,none,5m_hi_confirm_1m_close,0,4.75,4.25,0.5,17,80.5,25.5,0,0,0,ALL_EXPAND_RATCHET_HI_T423,25329.5,25256.25,73.25,1.0,0.0,0.0
H26,2025-12-22,SHORT,1m_expand_break,expand_break,ALL,0,25856.859,,,,-7.0,-0.506942,25794.75,25694.25,25744.5,100.5,4.23,25369.635,25796.75,25674.5,66,10:35,25660.25,60,67,14,10:36,25660.5,61,76,16,10:45,25676.25,ratchet_stop,,none,5m_hi_confirm_1m_close,0,-15.75,-16.25,0.5,10,32.5,20.5,0,0,0,ALL_EXPAND_RATCHET_HI_T423,25794.75,25668.0,126.75,1.2612,3.0,0.0
H26,2025-12-23,SHORT,1m_expand_break,expand_break,ALL,0,25799.8,,,,2.0,-0.354881,25738.0,25638.0,25688.0,100.0,4.23,25315.0,25740.0,25660.0,34,10:03,25637.5,28,35,7,10:04,25637.5,29,47,10,10:16,25671.0,ratchet_stop,,none,5m_hi_confirm_1m_close,0,-33.5,-34.0,0.5,13,7.25,35.5,0,0,0,ALL_EXPAND_RATCHET_HI_T423,25751.25,25638.0,113.25,1.1325,3.0,1.0
H26,2025-12-26,SHORT,1m_expand_break,expand_break,ALL,0,25939.737,,,,2.0,-0.027713,25911.0,25864.5,25887.75,46.5,4.23,25714.305,25913.0,25868.5,32,10:01,25850.75,26,33,7,10:02,25851.0,27,51,11,10:20,25879.5,ratchet_stop,,none,5m_hi_confirm_1m_close,0,-28.5,-29.0,0.5,19,16.75,30.5,0,0,0,ALL_EXPAND_RATCHET_HI_T423,25935.25,25864.5,70.75,1.5215,4.0,2.0
H26,2025-12-29,SHORT,1m_expand_break,expand_break,ALL,0,25763.757,,,,6.0,0.841377,25725.75,25664.25,25695.0,61.5,4.23,25465.605,25727.75,25674.5,178,12:27,25660.5,172,179,36,12:28,25661.0,173,193,39,12:42,25679.75,ratchet_stop,,none,5m_hi_confirm_1m_close,0,-18.75,-19.25,0.5,15,13.0,20.5,0,0,0,ALL_EXPAND_RATCHET_HI_T423,25761.75,25661.75,100.0,1.626,6.0,19.0
H26,2025-12-30,SHORT,1m_expand_break,expand_break,ALL,0,25761.001,,,,3.0,-0.356949,25733.5,25689.0,25711.25,44.5,4.23,25545.265,25735.5,25725.5,16,09:45,25680.75,10,17,4,09:46,25680.5,11,20,4,09:49,25736.5,ratchet_stop,,none,5m_hi_confirm_1m_close,0,-56.0,-56.5,0.5,4,6.25,57.75,0,0,0,ALL_EXPAND_RATCHET_HI_T423,25733.5,25681.75,51.75,1.1629,3.0,0.0
H26,2025-12-31,SHORT,1m_expand_break,expand_break,ALL,0,25717.338,,,,-2.0,-0.111601,25692.0,25651.0,25671.5,41.0,4.23,25518.57,25694.0,25568.25,7,09:36,25634.75,1,8,2,09:37,25635.25,2,106,22,11:15,25568.75,ratchet_stop,,none,5m_hi_confirm_1m_close,0,66.5,66.0,0.5,99,92.75,3.0,1,1,0,ALL_EXPAND_RATCHET_HI_T423,25692.0,25651.0,41.0,1.0,0.0,0.0
H26,2026-01-02,SHORT,1m_expand_break,expand_break,ALL,0,25782.4765,,,,-3.0,-0.274003,25733.5,25654.25,25693.875,79.25,4.23,25398.2725,25735.5,25704.25,11,09:40,25645.0,5,12,3,09:41,25645.25,6,18,4,09:47,25757.75,ratchet_stop,,none,5m_hi_confirm_1m_close,0,-112.5,-113.0,0.5,7,7.0,115.25,0,0,0,ALL_EXPAND_RATCHET_HI_T423,25733.5,25650.75,82.75,1.0442,2.0,0.0
H26,2026-01-05,SHORT,1m_expand_break,expand_break,ALL,0,25728.5835,,,,-7.0,-0.844601,25672.5,25581.75,25627.125,90.75,4.23,25288.6275,25674.5,25607.5,6,09:35,25573.25,0,7,2,09:36,25573.0,1,16,4,09:45,25624.25,ratchet_stop,,none,5m_hi_confirm_1m_close,0,-51.25,-51.75,0.5,10,34.5,57.75,0,0,0,ALL_EXPAND_RATCHET_HI_T423,25672.5,25581.75,90.75,1.0,0.0,0.0
H26,2026-01-06,SHORT,1m_expand_break,expand_break,ALL,0,25703.501,,,,-4.0,-0.792122,25676.0,25631.5,25653.75,44.5,4.23,25487.765,25678.0,25677.75,11,09:40,25625.0,5,12,3,09:41,25624.75,6,16,4,09:45,25687.5,ratchet_stop,,none,5m_hi_confirm_1m_close,0,-62.75,-63.25,0.5,5,16.75,65.25,0,0,0,ALL_EXPAND_RATCHET_HI_T423,25677.75,25627.0,50.75,1.1404,2.0,0.0
H26,2026-01-08,SHORT,1m_expand_break,expand_break,ALL,0,25871.289,,,,-8.0,-0.241331,25803.0,25692.5,25747.75,110.5,4.23,25335.585,25805.0,25658.5,9,09:38,25688.5,3,10,2,09:39,25688.25,4,39,8,10:08,25671.25,ratchet_stop,,none,5m_hi_confirm_1m_close,0,17.0,16.5,0.5,30,119.25,19.75,0,0,0,ALL_EXPAND_RATCHET_HI_T423,25803.0,25692.5,110.5,1.0,0.0,0.0
H26,2026-01-09,SHORT,1m_expand_break,expand_break,ALL,0,25757.3105,,,,-2.0,0.412196,25715.75,25648.5,25682.125,67.25,4.23,25431.2825,25717.75,25717.75,39,10:08,25639.0,33,40,8,10:09,25638.25,34,43,9,10:12,25724.25,init_stop,,none,5m_hi_confirm_1m_close,0,-86.0,-86.5,0.5,4,10.25,88.0,0,0,0,ALL_EXPAND_RATCHET_HI_T423,25764.75,25648.5,116.25,1.7286,1.0,12.0
H26,2026-01-13,SHORT,1m_expand_break,expand_break,ALL,0,26021.358,,,,6.0,0.751632,25986.75,25930.75,25958.75,56.0,4.23,25749.87,25988.75,25848.0,33,10:02,25906.0,27,34,7,10:03,25905.75,28,66,14,10:35,25860.25,ratchet_stop,,none,5m_hi_confirm_1m_close,0,45.5,45.0,0.5,33,93.75,52.0,1,0,0,ALL_EXPAND_RATCHET_HI_T423,26024.5,25930.75,93.75,1.6741,2.0,6.0
H26,2026-01-14,SHORT,1m_expand_break,expand_break,ALL,0,25862.8145,,,,7.0,0.873807,25788.5,25668.25,25728.375,120.25,4.23,25279.8425,25790.5,25587.5,12,09:41,25662.5,6,13,3,09:42,25662.25,7,42,9,10:11,25613.0,ratchet_stop,,none,5m_hi_confirm_1m_close,0,49.25,48.75,0.5,30,131.75,12.25,0,0,0,ALL_EXPAND_RATCHET_HI_T423,25790.25,25668.25,122.0,1.0146,1.0,0.0
H26,2026-01-15,SHORT,1m_expand_break,expand_break,ALL,0,25986.42,,,,-5.0,-0.511924,25946.25,25881.25,25913.75,65.0,4.23,25671.3,25948.25,25895.75,6,09:35,25881.0,0,7,2,09:36,25881.0,1,16,4,09:45,25906.5,ratchet_stop,,none,5m_hi_confirm_1m_close,0,-25.5,-26.0,0.5,10,27.5,71.75,0,0,0,ALL_EXPAND_RATCHET_HI_T423,25946.25,25881.25,65.0,1.0,0.0,0.0
H26,2026-01-16,SHORT,1m_expand_break,expand_break,ALL,0,25925.7625,,,,-1.0,-0.131119,25891.0,25834.75,25862.875,56.25,4.23,25653.0625,25893.0,25729.25,15,09:44,25820.5,9,16,4,09:45,25820.75,10,64,13,10:33,25653.0625,target_4.23,,none,5m_hi_confirm_1m_close,0,167.6875,167.1875,0.5,49,168.0,23.25,1,1,1,ALL_EXPAND_RATCHET_HI_T423,25891.0,25832.75,58.25,1.0356,1.0,0.0
H26,2026-01-20,SHORT,1m_expand_break,expand_break,ALL,0,25417.7975,,,,8.0,0.552798,25347.5,25233.75,25290.625,113.75,4.23,24866.3375,25349.5,25204.5,244,13:33,25225.25,238,245,49,13:34,25225.75,239,271,55,14:00,25220.75,ratchet_stop,,none,5m_hi_confirm_1m_close,0,5.0,4.5,0.5,27,55.25,12.0,0,0,0,ALL_EXPAND_RATCHET_HI_T423,25429.75,25233.75,196.0,1.7231,11.0,6.0
H26,2026-01-21,SHORT,1m_expand_break,expand_break,ALL,0,25268.364,,,,-6.0,-0.259412,25223.25,25150.25,25186.75,73.0,4.23,24914.46,25225.25,25219.75,11,09:40,25135.0,5,12,3,09:41,25134.75,6,18,4,09:47,25234.75,ratchet_stop,,none,5m_hi_confirm_1m_close,0,-100.0,-100.5,0.5,7,7.25,103.25,0,0,0,ALL_EXPAND_RATCHET_HI_T423,25223.25,25141.75,81.5,1.1164,2.0,0.0
H26,2026-01-22,SHORT,1m_expand_break,expand_break,ALL,0,25773.156,,,,-9.0,-0.333606,25731.75,25664.75,25698.25,67.0,4.23,25448.34,25733.75,25569.25,6,09:35,25651.75,0,7,2,09:36,25652.75,1,46,10,10:15,25577.0,ratchet_stop,,none,5m_hi_confirm_1m_close,0,75.75,75.25,0.5,40,116.0,42.25,1,0,0,ALL_EXPAND_RATCHET_HI_T423,25731.75,25664.75,67.0,1.0,0.0,0.0
H26,2026-01-23,SHORT,1m_expand_break,expand_break,ALL,0,25694.0605,,,,-5.0,-0.802518,25652.5,25585.25,25618.875,67.25,4.23,25368.0325,25654.5,25623.5,8,09:37,25570.0,2,9,2,09:38,25571.5,3,16,4,09:45,25626.75,ratchet_stop,,none,5m_hi_confirm_1m_close,0,-55.25,-55.75,0.5,8,7.5,68.5,0,0,0,ALL_EXPAND_RATCHET_HI_T423,25652.5,25579.75,72.75,1.0818,1.0,0.0
H26,2026-01-27,SHORT,1m_expand_break,expand_break,ALL,0,26048.035,,,,-6.0,-0.793903,26012.5,25955.0,25983.75,57.5,4.23,25769.275,26014.5,25972.25,6,09:35,25951.0,0,7,2,09:36,25951.75,1,16,4,09:45,25974.0,ratchet_stop,,none,5m_hi_confirm_1m_close,0,-22.25,-22.75,0.5,10,34.5,32.0,0,0,0,ALL_EXPAND_RATCHET_HI_T423,26012.5,25955.0,57.5,1.0,0.0,0.0
H26,2026-01-28,SHORT,1m_expand_break,expand_break,ALL,0,26323.844,,,,-3.0,0.30085,26288.0,26230.0,26259.0,58.0,4.23,26042.66,26290.0,26257.0,7,09:36,26224.5,1,8,2,09:37,26224.75,2,16,4,09:45,26291.75,ratchet_stop,,none,5m_hi_confirm_1m_close,0,-67.0,-67.5,0.5,9,8.75,76.25,0,0,0,ALL_EXPAND_RATCHET_HI_T423,26288.0,26230.0,58.0,1.0,0.0,0.0
H26,2026-01-29,SHORT,1m_expand_break,expand_break,ALL,0,26231.547,,,,-6.0,-0.65788,26175.0,26083.5,26129.25,91.5,4.23,25787.955,26177.0,25988.25,6,09:35,26062.5,0,7,2,09:36,26064.0,1,32,7,10:01,25787.955,target_4.23,,none,5m_hi_confirm_1m_close,0,276.045,275.545,0.5,26,279.5,4.5,1,1,1,ALL_EXPAND_RATCHET_HI_T423,26175.0,26083.5,91.5,1.0,0.0,0.0
H26,2026-01-30,SHORT,1m_expand_break,expand_break,ALL,0,25982.9855,,,,7.0,0.277932,25918.25,25813.5,25865.875,104.75,4.23,25475.1575,25920.25,25862.5,60,10:29,25794.0,54,61,13,10:30,25794.0,55,66,14,10:35,25882.5,ratchet_stop,,none,5m_hi_confirm_1m_close,0,-88.5,-89.0,0.5,6,23.25,88.75,0,0,0,ALL_EXPAND_RATCHET_HI_T423,25933.0,25806.25,126.75,1.21,2.0,2.0
H26,2026-02-03,SHORT,1m_expand_break,expand_break,ALL,0,26022.393,,,,-5.0,-0.029144,25952.25,25838.75,25895.5,113.5,4.23,25472.145,25954.25,25594.0,12,09:41,25806.0,6,13,3,09:42,25807.0,7,56,12,10:25,25472.145,target_4.23,,none,5m_hi_confirm_1m_close,0,334.855,334.355,0.5,44,336.75,8.5,1,1,1,ALL_EXPAND_RATCHET_HI_T423,25952.25,25810.0,142.25,1.2533,3.0,0.0
H26,2026-02-04,SHORT,1m_expand_break,expand_break,ALL,0,25483.6215,,,,-3.0,0.513147,25386.75,25230.0,25308.375,156.75,4.23,24723.6975,25388.75,25194.25,29,09:58,25193.75,23,30,6,09:59,25193.5,24,41,9,10:10,25215.0,ratchet_stop,,none,5m_hi_confirm_1m_close,0,-21.5,-22.0,0.5,12,85.5,60.0,0,0,0,ALL_EXPAND_RATCHET_HI_T423,25390.0,25224.75,165.25,1.0542,2.0,0.0
H26,2026-02-05,SHORT,1m_expand_break,expand_break,ALL,0,24915.3295,,,,6.0,0.971947,24814.75,24652.0,24733.375,162.75,4.23,24126.3175,24816.75,24655.75,42,10:11,24619.0,36,43,9,10:12,24619.0,37,70,14,10:39,24665.75,ratchet_stop,,none,5m_hi_confirm_1m_close,0,-46.75,-47.25,0.5,28,69.0,52.75,0,0,0,ALL_EXPAND_RATCHET_HI_T423,24875.25,24639.75,235.5,1.447,4.0,18.0
H26,2026-02-10,SHORT,1m_expand_break,expand_break,ALL,0,25449.552,,,,-4.0,-0.452235,25410.0,25346.0,25378.0,64.0,4.23,25139.28,25412.0,25334.5,7,09:36,25335.0,1,8,2,09:37,25336.0,2,24,5,09:53,25346.0,ratchet_stop,,none,5m_hi_confirm_1m_close,0,-10.0,-10.5,0.5,17,80.25,17.5,0,0,0,ALL_EXPAND_RATCHET_HI_T423,25410.0,25346.0,64.0,1.0,0.0,0.0
H26,2026-02-11,SHORT,1m_expand_break,expand_break,ALL,0,25526.5865,,,,-6.0,-0.813482,25465.25,25366.0,25415.625,99.25,4.23,25045.4225,25467.25,25416.5,7,09:36,25360.75,1,8,2,09:37,25362.0,2,16,4,09:45,25425.75,ratchet_stop,,none,5m_hi_confirm_1m_close,0,-63.75,-64.25,0.5,9,22.75,64.25,0,0,0,ALL_EXPAND_RATCHET_HI_T423,25465.25,25361.75,103.5,1.0428,1.0,0.0
H26,2026-02-12,SHORT,1m_expand_break,expand_break,ALL,0,25413.0575,,,,4.0,0.234767,25376.75,25318.0,25347.375,58.75,4.23,25128.2375,25378.75,25241.5,15,09:44,25308.25,9,16,4,09:45,25309.0,10,47,10,10:16,25245.75,ratchet_stop,,none,5m_hi_confirm_1m_close,0,63.25,62.75,0.5,32,139.25,14.75,1,1,0,ALL_EXPAND_RATCHET_HI_T423,25392.5,25318.0,74.5,1.2681,1.0,0.0
H26,2026-02-13,SHORT,1m_expand_break,expand_break,ALL,0,24869.893,,,,-4.0,-0.673237,24799.75,24686.25,24743.0,113.5,4.23,24319.645,24801.75,24738.0,8,09:37,24679.25,2,9,2,09:38,24680.0,3,16,4,09:45,24802.0,ratchet_stop,,none,5m_hi_confirm_1m_close,0,-122.0,-122.5,0.5,8,101.25,124.5,0,0,0,ALL_EXPAND_RATCHET_HI_T423,24799.75,24685.75,114.0,1.0044,1.0,0.0
H26,2026-02-17,SHORT,1m_expand_break,expand_break,ALL,0,24861.394,,,,7.0,0.843438,24763.75,24605.75,24684.75,158.0,4.23,24095.41,24765.75,24549.25,21,09:50,24584.75,15,22,5,09:51,24584.25,16,36,8,10:05,24554.0,ratchet_stop,,none,5m_hi_confirm_1m_close,0,30.25,29.75,0.5,15,122.0,12.5,0,0,0,ALL_EXPAND_RATCHET_HI_T423,24795.5,24605.75,189.75,1.2009,1.0,7.0
H26,2026-02-19,SHORT,1m_expand_break,expand_break,ALL,0,24926.451,,,,-4.0,0.016707,24883.5,24814.0,24848.75,69.5,4.23,24589.515,24885.5,24838.0,6,09:35,24806.5,0,7,2,09:36,24806.0,1,19,4,09:48,24838.75,ratchet_stop,,none,5m_hi_confirm_1m_close,0,-32.75,-33.25,0.5,13,43.0,51.5,0,0,0,ALL_EXPAND_RATCHET_HI_T423,24883.5,24814.0,69.5,1.0,0.0,0.0
H26,2026-02-23,SHORT,1m_expand_break,expand_break,ALL,0,25082.951,,,,0.0,-0.424021,25040.0,24970.5,25005.25,69.5,4.23,24746.015,25042.0,24923.25,11,09:40,24929.0,5,12,3,09:41,24929.0,6,32,7,10:01,24923.75,ratchet_stop,,none,5m_hi_confirm_1m_close,0,5.25,4.75,0.5,21,71.25,36.25,1,0,0,ALL_EXPAND_RATCHET_HI_T423,25040.0,24965.0,75.0,1.0791,2.0,0.0
H26,2026-02-26,SHORT,1m_expand_break,expand_break,ALL,0,25395.148,,,,-7.0,-0.21623,25342.0,25256.0,25299.0,86.0,4.23,24978.22,25344.0,25178.0,7,09:36,25234.0,1,8,2,09:37,25234.0,2,49,10,10:18,24978.22,target_4.23,,none,5m_hi_confirm_1m_close,0,255.78,255.28,0.5,42,269.0,61.75,1,1,1,ALL_EXPAND_RATCHET_HI_T423,25342.0,25256.0,86.0,1.0,0.0,0.0
H26,2026-02-27,SHORT,1m_expand_break,expand_break,ALL,0,24965.5865,,,,5.0,0.087199,24904.25,24805.0,24854.625,99.25,4.23,24484.4225,24906.25,24906.25,14,09:43,24798.5,8,15,3,09:44,24798.75,9,19,4,09:48,24923.25,init_stop,,none,5m_hi_confirm_1m_close,0,-124.5,-125.0,0.5,5,2.5,129.25,0,0,0,ALL_EXPAND_RATCHET_HI_T423,24909.0,24805.0,104.0,1.0479,1.0,0.0
H26,2026-03-03,SHORT,1m_expand_break,expand_break,ALL,0,24696.0615,,,,-4.0,-0.275975,24627.0,24515.25,24571.125,111.75,4.23,24154.2975,24629.0,24402.25,20,09:49,24502.25,14,21,5,09:50,24502.0,15,66,14,10:35,24411.25,ratchet_stop,,none,5m_hi_confirm_1m_close,0,90.75,90.25,0.5,46,150.0,67.75,0,0,0,ALL_EXPAND_RATCHET_HI_T423,24661.25,24502.5,158.75,1.4206,2.0,2.0
H26,2026-03-05,SHORT,1m_expand_break,expand_break,ALL,0,25162.8255,,,,7.0,0.481418,25095.0,24985.25,25040.125,109.75,4.23,24630.7575,25097.0,25033.25,61,10:30,24953.5,55,62,13,10:31,24953.75,56,70,14,10:39,25041.5,ratchet_stop,,none,5m_hi_confirm_1m_close,0,-87.75,-88.25,0.5,9,23.25,90.75,0,0,0,ALL_EXPAND_RATCHET_HI_T423,25181.75,24985.25,196.5,1.7904,9.0,16.0
H26,2026-03-06,SHORT,1m_expand_break,expand_break,ALL,0,24781.322,,,,6.0,0.487005,24732.5,24653.5,24693.0,79.0,4.23,24398.33,24734.5,24716.25,6,09:35,24650.25,0,7,2,09:36,24651.5,1,22,5,09:51,24723.0,ratchet_stop,,none,5m_hi_confirm_1m_close,0,-71.5,-72.0,0.5,16,42.75,91.0,0,0,0,ALL_EXPAND_RATCHET_HI_T423,24732.5,24653.5,79.0,1.0,0.0,0.0
H26,2026-03-09,SHORT,1m_expand_break,expand_break,ALL,0,24587.8225,,,,0.0,-0.622601,24525.25,24424.0,24474.625,101.25,4.23,24096.9625,24527.25,24385.25,8,09:37,24413.25,2,9,2,09:38,24412.25,3,33,7,10:02,24399.5,ratchet_stop,,none,5m_hi_confirm_1m_close,0,12.75,12.25,0.5,25,99.25,15.0,0,0,0,ALL_EXPAND_RATCHET_HI_T423,24525.25,24424.0,101.25,1.0,0.0,0.0
H26,2026-03-10,SHORT,1m_expand_break,expand_break,ALL,0,25138.1425,,,,0.0,-0.767934,25081.75,24990.5,25036.125,91.25,4.23,24695.7625,25083.75,25037.75,13,09:42,24980.25,7,14,3,09:43,24980.25,8,17,4,09:46,25049.0,ratchet_stop,,none,5m_hi_confirm_1m_close,0,-68.75,-69.25,0.5,4,20.75,70.75,0,0,0,ALL_EXPAND_RATCHET_HI_T423,25081.75,24982.5,99.25,1.0877,1.0,0.0
H26,2026-03-11,SHORT,1m_expand_break,expand_break,ALL,0,25139.5155,,,,-2.0,-0.346548,25099.5,25034.75,25067.125,64.75,4.23,24825.6075,25101.5,25097.25,21,09:50,25028.75,15,22,5,09:51,25029.0,16,29,6,09:58,25100.0,ratchet_stop,,none,5m_hi_confirm_1m_close,0,-71.0,-71.5,0.5,8,13.75,79.25,0,0,0,ALL_EXPAND_RATCHET_HI_T423,25115.5,25034.75,80.75,1.2471,5.0,2.0
H26,2026-03-12,SHORT,1m_expand_break,expand_break,ALL,0,24884.2295,,,,7.0,0.572308,24830.0,24742.25,24786.125,87.75,4.23,24458.8175,24832.0,24678.25,16,09:45,24729.5,10,17,4,09:46,24729.25,11,36,8,10:05,24713.75,ratchet_stop,,none,5m_hi_confirm_1m_close,0,15.5,15.0,0.5,20,98.75,38.0,0,0,0,ALL_EXPAND_RATCHET_HI_T423,24834.5,24742.25,92.25,1.0513,1.0,0.0
H26,2026-03-13,SHORT,1m_expand_break,expand_break,ALL,0,24741.42,,,,0.0,-0.708376,24701.25,24636.25,24668.75,65.0,4.23,24426.3,24703.25,24703.25,6,09:35,24633.25,0,7,2,09:36,24633.5,1,13,3,09:42,24726.5,init_stop,,none,5m_hi_confirm_1m_close,0,-93.0,-93.5,0.5,7,22.5,95.75,0,0,0,ALL_EXPAND_RATCHET_HI_T423,24701.25,24636.25,65.0,1.0,0.0,0.0
M26,2026-03-17,SHORT,1m_expand_break,expand_break,ALL,0,25139.9575,,,,7.0,0.650859,25072.75,24964.0,25018.375,108.75,4.23,24612.7375,25074.75,24998.0,127,11:36,24954.75,121,128,26,11:37,24955.25,122,141,29,11:50,25001.0,ratchet_stop,,none,5m_hi_confirm_1m_close,0,-45.75,-46.25,0.5,14,4.0,57.5,0,0,0,ALL_EXPAND_RATCHET_HI_T423,25093.75,24964.0,129.75,1.1931,3.0,18.0
M26,2026-03-18,SHORT,1m_expand_break,expand_break,ALL,0,24996.476,,,,7.0,0.278856,24961.25,24904.25,24932.75,57.0,4.23,24720.14,24963.25,24851.0,44,10:13,24900.0,38,45,9,10:14,24900.0,39,87,18,10:56,24854.25,ratchet_stop,,none,5m_hi_confirm_1m_close,0,45.75,45.25,0.5,43,88.25,25.5,1,0,0,ALL_EXPAND_RATCHET_HI_T423,24991.75,24904.25,87.5,1.5351,4.0,7.0
M26,2026-03-19,SHORT,1m_expand_break,expand_break,ALL,0,24490.8955,,,,-4.0,0.273538,24429.25,24329.5,24379.375,99.75,4.23,24007.3075,24431.25,24431.25,6,09:35,24329.25,0,7,2,09:36,24329.75,1,12,3,09:41,24446.75,init_stop,,none,5m_hi_confirm_1m_close,0,-117.0,-117.5,0.5,6,3.0,120.25,0,0,0,ALL_EXPAND_RATCHET_HI_T423,24429.25,24329.5,99.75,1.0,0.0,0.0
M26,2026-03-20,SHORT,1m_expand_break,expand_break,ALL,0,24557.685,,,,-5.0,0.022098,24491.25,24383.75,24437.5,107.5,4.23,24036.525,24493.25,24292.0,21,09:50,24362.25,15,22,5,09:51,24361.5,16,61,13,10:30,24295.5,ratchet_stop,,none,5m_hi_confirm_1m_close,0,66.0,65.5,0.5,40,121.0,9.75,0,0,0,ALL_EXPAND_RATCHET_HI_T423,24491.25,24380.0,111.25,1.0349,1.0,0.0
M26,2026-03-23,SHORT,1m_expand_break,expand_break,ALL,0,24568.412,,,,-2.0,0.185644,24516.5,24432.5,24474.5,84.0,4.23,24161.18,24518.5,24443.0,147,11:56,24404.75,141,148,30,11:57,24405.75,142,159,32,12:08,24452.75,ratchet_stop,,none,5m_hi_confirm_1m_close,0,-47.0,-47.5,0.5,12,35.5,49.0,0,0,0,ALL_EXPAND_RATCHET_HI_T423,24665.5,24407.75,257.75,3.0685,15.0,38.0
M26,2026-03-24,SHORT,1m_expand_break,expand_break,ALL,0,24373.429,,,,6.0,0.409724,24317.5,24227.0,24272.25,90.5,4.23,23934.685,24319.5,24212.25,10,09:39,24209.25,4,11,3,09:40,24209.25,5,30,6,09:59,24215.75,ratchet_stop,,none,5m_hi_confirm_1m_close,0,-6.5,-7.0,0.5,20,75.25,19.5,0,0,0,ALL_EXPAND_RATCHET_HI_T423,24317.5,24227.0,90.5,1.0,0.0,0.0
M26,2026-03-25,SHORT,1m_expand_break,expand_break,ALL,0,24510.945,,,,6.0,0.248283,24478.5,24426.0,24452.25,52.5,4.23,24256.425,24480.5,24410.25,20,09:49,24418.25,14,21,5,09:50,24419.0,15,37,8,10:06,24414.5,ratchet_stop,,none,5m_hi_confirm_1m_close,0,4.5,4.0,0.5,17,91.5,10.0,1,0,0,ALL_EXPAND_RATCHET_HI_T423,24500.25,24426.0,74.25,1.4143,1.0,8.0
M26,2026-03-26,SHORT,1m_expand_break,expand_break,ALL,0,24198.1195,,,,1.0,0.827021,24156.25,24088.5,24122.375,67.75,4.23,23869.6675,24158.25,24128.0,10,09:39,24068.5,4,11,3,09:40,24069.5,5,16,4,09:45,24172.25,ratchet_stop,,none,5m_hi_confirm_1m_close,0,-102.75,-103.25,0.5,6,3.25,123.25,0,0,0,ALL_EXPAND_RATCHET_HI_T423,24156.25,24086.5,69.75,1.0295,1.0,0.0
M26,2026-03-27,SHORT,1m_expand_break,expand_break,ALL,0,23730.2805,,,,-7.0,-0.385654,23664.0,23556.75,23610.375,107.25,4.23,23210.3325,23666.0,23613.0,6,09:35,23554.25,0,7,2,09:36,23554.0,1,16,4,09:45,23619.5,ratchet_stop,,none,5m_hi_confirm_1m_close,0,-65.5,-66.0,0.5,10,22.0,76.0,0,0,0,ALL_EXPAND_RATCHET_HI_T423,23664.0,23556.75,107.25,1.0,0.0,0.0
M26,2026-03-30,SHORT,1m_expand_break,expand_break,ALL,0,23588.1535,,,,-6.0,-0.714987,23538.25,23457.5,23497.875,80.75,4.23,23196.6775,23540.25,23340.75,6,09:35,23443.75,0,7,2,09:36,23444.25,1,42,9,10:11,23355.25,ratchet_stop,,none,5m_hi_confirm_1m_close,0,89.0,88.5,0.5,36,151.5,5.0,1,0,0,ALL_EXPAND_RATCHET_HI_T423,23538.25,23457.5,80.75,1.0,0.0,0.0
M26,2026-04-02,SHORT,1m_expand_break,expand_break,ALL,0,23853.358,,,,-1.0,-0.674805,23818.75,23762.75,23790.75,56.0,4.23,23581.87,23820.75,23740.0,6,09:35,23734.75,0,7,2,09:36,23734.25,1,21,5,09:50,23784.25,ratchet_stop,,none,5m_hi_confirm_1m_close,0,-50.0,-50.5,0.5,15,56.25,58.0,0,0,0,ALL_EXPAND_RATCHET_HI_T423,23818.75,23762.75,56.0,1.0,0.0,0.0
M26,2026-04-06,SHORT,1m_expand_break,expand_break,ALL,0,24436.2215,,,,7.0,0.139547,24370.25,24263.5,24316.875,106.75,4.23,23918.6975,24372.25,24347.75,7,09:36,24255.0,1,8,2,09:37,24253.0,2,21,5,09:50,24380.5,ratchet_stop,,none,5m_hi_confirm_1m_close,0,-127.5,-128.0,0.5,14,7.25,130.75,0,0,0,ALL_EXPAND_RATCHET_HI_T423,24373.75,24263.5,110.25,1.0328,1.0,0.0
M26,2026-04-07,SHORT,1m_expand_break,expand_break,ALL,0,24375.98,,,,-7.0,-0.380328,24308.0,24198.0,24253.0,110.0,4.23,23842.7,24310.0,24044.0,18,09:47,24159.75,12,19,4,09:48,24160.75,13,51,11,10:20,24067.25,ratchet_stop,,none,5m_hi_confirm_1m_close,0,93.5,93.0,0.5,33,166.75,47.0,1,0,0,ALL_EXPAND_RATCHET_HI_T423,24308.0,24177.0,131.0,1.1909,3.0,0.0
M26,2026-04-08,SHORT,1m_expand_break,expand_break,ALL,0,25322.2105,,,,-3.0,0.184367,25249.75,25132.5,25191.125,117.25,4.23,24753.7825,25251.75,25006.25,10,09:39,25123.25,4,11,3,09:40,25122.75,5,96,20,11:05,25026.5,ratchet_stop,,none,5m_hi_confirm_1m_close,0,96.25,95.75,0.5,86,196.25,38.5,1,0,0,ALL_EXPAND_RATCHET_HI_T423,25249.75,25125.25,124.5,1.0618,1.0,0.0
M26,2026-04-09,SHORT,1m_expand_break,expand_break,ALL,0,25155.721,,,,-7.0,-0.667477,25103.5,25019.0,25061.25,84.5,4.23,24746.065,25105.5,24989.25,46,10:15,24996.0,40,47,10,10:16,24995.75,41,74,15,10:43,24990.5,ratchet_stop,,none,5m_hi_confirm_1m_close,0,5.25,4.75,0.5,28,35.25,12.25,0,0,0,ALL_EXPAND_RATCHET_HI_T423,25111.5,25001.0,110.5,1.3077,7.0,0.0
M26,2026-04-10,SHORT,1m_expand_break,expand_break,ALL,0,25406.33,,,,-1.0,-0.712675,25369.25,25309.25,25339.25,60.0,4.23,25115.45,25371.25,25336.75,10,09:39,25308.0,4,11,3,09:40,25307.5,5,25,5,09:54,25340.75,ratchet_stop,,none,5m_hi_confirm_1m_close,0,-33.25,-33.75,0.5,15,17.0,47.5,0,0,0,ALL_EXPAND_RATCHET_HI_T423,25369.25,25309.25,60.0,1.0,0.0,0.0
M26,2026-04-13,SHORT,1m_expand_break,expand_break,ALL,0,25264.0515,,,,4.0,-0.030149,25238.25,25196.5,25217.375,41.75,4.23,25061.6475,25240.25,25221.25,7,09:36,25182.0,1,8,2,09:37,25182.25,2,20,4,09:49,25271.0,ratchet_stop,,none,5m_hi_confirm_1m_close,0,-88.75,-89.25,0.5,13,22.25,96.5,0,0,0,ALL_EXPAND_RATCHET_HI_T423,25238.25,25196.5,41.75,1.0,0.0,0.0
M26,2026-04-15,SHORT,1m_expand_break,expand_break,ALL,0,26068.4645,,,,-1.0,-0.183802,26040.5,25995.25,26017.875,45.25,4.23,25849.0925,26042.5,26042.5,15,09:44,25989.0,9,16,4,09:45,25990.0,10,18,4,09:47,26047.0,init_stop,,none,5m_hi_confirm_1m_close,0,-57.0,-57.5,0.5,3,0.0,57.0,0,0,0,ALL_EXPAND_RATCHET_HI_T423,26049.5,25995.25,54.25,1.1989,1.0,4.0
M26,2026-04-16,SHORT,1m_expand_break,expand_break,ALL,0,26506.089,,,,-3.0,0.318792,26453.25,26367.75,26410.5,85.5,4.23,26091.585,26455.25,26327.0,7,09:36,26364.25,1,8,2,09:37,26365.25,2,36,8,10:05,26337.0,ratchet_stop,,none,5m_hi_confirm_1m_close,0,28.25,27.75,0.5,29,89.75,43.5,0,0,0,ALL_EXPAND_RATCHET_HI_T423,26453.25,26367.75,85.5,1.0,0.0,0.0
M26,2026-04-20,SHORT,1m_expand_break,expand_break,ALL,0,26877.0355,,,,6.0,0.571968,26827.75,26748.0,26787.875,79.75,4.23,26490.4075,26829.75,26764.75,10,09:39,26747.5,4,11,3,09:40,26747.75,5,23,5,09:52,26768.0,ratchet_stop,,none,5m_hi_confirm_1m_close,0,-20.25,-20.75,0.5,13,32.0,25.25,0,0,0,ALL_EXPAND_RATCHET_HI_T423,26827.75,26748.0,79.75,1.0,0.0,0.0
M26,2026-04-21,SHORT,1m_expand_break,expand_break,ALL,0,26881.3475,,,,-3.0,0.185597,26826.5,26737.75,26782.125,88.75,4.23,26451.0875,26828.5,26752.5,91,11:00,26718.0,85,92,19,11:01,26719.0,86,101,21,11:10,26766.0,ratchet_stop,,none,5m_hi_confirm_1m_close,0,-47.0,-47.5,0.5,10,56.5,50.25,0,0,0,ALL_EXPAND_RATCHET_HI_T423,26859.5,26726.75,132.75,1.4958,6.0,19.0
M26,2026-04-23,SHORT,1m_expand_break,expand_break,ALL,0,27049.5405,,,,3.0,0.788404,27017.25,26965.0,26991.125,52.25,4.23,26796.2325,27019.25,26902.75,220,13:09,26954.5,214,221,45,13:10,26953.75,215,245,49,13:34,26931.5,ratchet_stop,,none,5m_hi_confirm_1m_close,0,22.25,21.75,0.5,25,101.75,13.25,1,0,0,ALL_EXPAND_RATCHET_HI_T423,27099.0,26965.0,134.0,2.5646,11.0,150.0
M26,2026-04-24,SHORT,1m_expand_break,expand_break,ALL,0,27287.892,,,,4.0,0.607756,27245.25,27176.25,27210.75,69.0,4.23,26953.38,27247.25,27200.0,25,09:54,27173.25,19,26,6,09:55,27173.0,20,39,8,10:08,27209.25,ratchet_stop,,none,5m_hi_confirm_1m_close,0,-36.25,-36.75,0.5,14,42.75,51.25,0,0,0,ALL_EXPAND_RATCHET_HI_T423,27260.0,27176.25,83.75,1.2138,1.0,3.0
M26,2026-04-27,SHORT,1m_expand_break,expand_break,ALL,0,27479.9595,,,,-7.0,-0.497537,27435.0,27362.25,27398.625,72.75,4.23,27127.2675,27437.0,27388.25,18,09:47,27345.75,12,19,4,09:48,27346.25,13,28,6,09:57,27394.25,ratchet_stop,,none,5m_hi_confirm_1m_close,0,-48.0,-48.5,0.5,10,47.75,52.5,0,0,0,ALL_EXPAND_RATCHET_HI_T423,27435.0,27350.0,85.0,1.1684,3.0,0.0
M26,2026-04-28,SHORT,1m_expand_break,expand_break,ALL,0,27220.7465,,,,3.0,0.863509,27162.5,27068.25,27115.375,94.25,4.23,26763.8225,27164.5,27062.0,69,10:38,27058.0,63,70,14,10:39,27058.0,64,91,19,11:00,27107.0,ratchet_stop,,none,5m_hi_confirm_1m_close,0,-49.0,-49.5,0.5,22,45.5,55.5,0,0,0,ALL_EXPAND_RATCHET_HI_T423,27188.25,27068.25,120.0,1.2732,3.0,50.0
M26,2026-04-30,SHORT,1m_expand_break,expand_break,ALL,0,27584.3545,,,,-8.0,-0.401337,27491.5,27341.25,27416.375,150.25,4.23,26855.9425,27493.5,27265.25,6,09:35,27332.5,0,7,2,09:36,27333.5,1,36,8,10:05,27277.0,ratchet_stop,,none,5m_hi_confirm_1m_close,0,56.5,56.0,0.5,30,130.5,39.5,0,0,0,ALL_EXPAND_RATCHET_HI_T423,27491.5,27341.25,150.25,1.0,0.0,0.0
M26,2026-05-04,SHORT,1m_expand_break,expand_break,ALL,0,27914.361,,,,-3.0,-0.184355,27874.5,27810.0,27842.25,64.5,4.23,27601.665,27876.5,27688.0,110,11:19,27782.75,104,111,23,11:20,27782.25,105,171,35,12:20,27720.25,ratchet_stop,,none,5m_hi_confirm_1m_close,0,62.0,61.5,0.5,61,169.25,11.0,1,1,0,ALL_EXPAND_RATCHET_HI_T423,27935.75,27808.25,127.5,1.9767,10.0,18.0
M26,2026-05-07,SHORT,1m_expand_break,expand_break,ALL,0,28799.6275,,,,5.0,0.676927,28769.5,28720.75,28745.125,48.75,4.23,28563.2875,28771.5,28771.5,16,09:45,28712.5,10,17,4,09:46,28712.25,11,25,5,09:54,28785.75,init_stop,,none,5m_hi_confirm_1m_close,0,-73.5,-74.0,0.5,9,4.25,76.5,0,0,0,ALL_EXPAND_RATCHET_HI_T423,28781.25,28720.75,60.5,1.241,2.0,3.0
M26,2026-05-11,SHORT,1m_expand_break,expand_break,ALL,0,29529.4585,,,,8.0,0.559471,29434.75,29281.5,29358.125,153.25,4.23,28786.5025,29436.75,29343.75,62,10:31,29260.75,56,63,13,10:32,29260.0,57,68,14,10:37,29345.0,ratchet_stop,,none,5m_hi_confirm_1m_close,0,-85.0,-85.5,0.5,6,13.25,90.25,0,0,0,ALL_EXPAND_RATCHET_HI_T423,29434.75,29274.5,160.25,1.0457,1.0,0.0
M26,2026-05-12,SHORT,1m_expand_break,expand_break,ALL,0,29277.617,,,,1.0,0.857379,29227.25,29145.75,29186.5,81.5,4.23,28882.505,29229.25,29093.5,60,10:29,29085.0,54,61,13,10:30,29085.75,55,73,15,10:42,29112.0,ratchet_stop,,none,5m_hi_confirm_1m_close,0,-26.25,-26.75,0.5,13,79.25,29.25,1,0,0,ALL_EXPAND_RATCHET_HI_T423,29265.0,29088.25,176.75,2.1687,9.0,7.0
M26,2026-05-13,SHORT,1m_expand_break,expand_break,ALL,0,29333.305,,,,-1.0,0.525645,29288.5,29216.0,29252.25,72.5,4.23,28981.825,29290.5,29184.75,6,09:35,29215.5,0,7,2,09:36,29214.5,1,52,11,10:21,29204.75,ratchet_stop,,none,5m_hi_confirm_1m_close,0,9.75,9.25,0.5,46,139.5,50.5,1,0,0,ALL_EXPAND_RATCHET_HI_T423,29288.5,29216.0,72.5,1.0,0.0,0.0
M26,2026-05-15,SHORT,1m_expand_break,expand_break,ALL,0,29354.1905,,,,1.0,0.571939,29291.0,29188.75,29239.875,102.25,4.23,28858.4825,29293.0,29243.75,8,09:37,29166.75,2,9,2,09:38,29166.25,3,25,5,09:54,29262.25,ratchet_stop,,none,5m_hi_confirm_1m_close,0,-96.0,-96.5,0.5,17,76.5,107.5,0,0,0,ALL_EXPAND_RATCHET_HI_T423,29291.0,29188.75,102.25,1.0,0.0,0.0
M26,2026-05-18,SHORT,1m_expand_break,expand_break,ALL,0,29405.69,,,,-5.0,-0.532795,29356.25,29276.25,29316.25,80.0,4.23,29017.85,29358.25,29206.0,7,09:36,29258.25,1,8,2,09:37,29257.75,2,26,6,09:55,29278.25,ratchet_stop,,none,5m_hi_confirm_1m_close,0,-20.5,-21.0,0.5,19,122.75,31.75,1,0,0,ALL_EXPAND_RATCHET_HI_T423,29356.25,29271.25,85.0,1.0625,1.0,0.0
M26,2026-05-19,SHORT,1m_expand_break,expand_break,ALL,0,29090.9275,,,,4.0,-0.408276,28999.0,28850.25,28924.625,148.75,4.23,28369.7875,29001.0,28729.0,36,10:05,28836.5,30,37,8,10:06,28837.0,31,61,13,10:30,28739.5,ratchet_stop,,none,5m_hi_confirm_1m_close,0,97.5,97.0,0.5,25,174.0,33.25,0,0,0,ALL_EXPAND_RATCHET_HI_T423,29044.25,28850.25,194.0,1.3042,1.0,4.0
M26,2026-05-20,SHORT,1m_expand_break,expand_break,ALL,0,29207.03,,,,7.0,-0.009964,29154.5,29069.5,29112.0,85.0,4.23,28794.95,29156.5,29142.0,6,09:35,29066.75,0,7,2,09:36,29066.75,1,17,4,09:46,29193.0,ratchet_stop,,none,5m_hi_confirm_1m_close,0,-126.25,-126.75,0.5,11,43.5,127.0,0,0,0,ALL_EXPAND_RATCHET_HI_T423,29154.5,29069.5,85.0,1.0,0.0,0.0
M26,2026-05-21,SHORT,1m_expand_break,expand_break,ALL,0,29323.2605,,,,7.0,0.941161,29266.25,29174.0,29220.125,92.25,4.23,28876.0325,29268.25,29193.25,51,10:20,29144.75,45,52,11,10:21,29144.25,46,61,13,10:30,29221.25,ratchet_stop,,none,5m_hi_confirm_1m_close,0,-77.0,-77.5,0.5,10,17.25,92.75,0,0,0,ALL_EXPAND_RATCHET_HI_T423,29323.75,29174.0,149.75,1.6233,7.0,9.0
M26,2026-05-22,SHORT,1m_expand_break,expand_break,ALL,0,29723.567,,,,7.0,0.566821,29657.75,29551.25,29604.5,106.5,4.23,29207.255,29659.75,29559.0,54,10:23,29492.5,48,55,11,10:24,29492.75,49,61,13,10:30,29567.25,ratchet_stop,,none,5m_hi_confirm_1m_close,0,-74.5,-75.0,0.5,7,2.5,83.0,0,0,0,ALL_EXPAND_RATCHET_HI_T423,29676.75,29515.5,161.25,1.5141,4.0,5.0
M26,2026-05-26,SHORT,1m_expand_break,expand_break,ALL,0,29992.474,,,,-7.0,-0.72972,29935.0,29842.0,29888.5,93.0,4.23,29541.61,29937.0,29864.75,6,09:35,29840.5,0,7,2,09:36,29840.75,1,16,4,09:45,29962.25,ratchet_stop,,none,5m_hi_confirm_1m_close,0,-121.5,-122.0,0.5,10,6.25,122.5,0,0,0,ALL_EXPAND_RATCHET_HI_T423,29935.0,29842.0,93.0,1.0,0.0,0.0
M26,2026-05-27,SHORT,1m_expand_break,expand_break,ALL,0,30232.9425,,,,-6.0,-0.012362,30192.0,30125.75,30158.875,66.25,4.23,29911.7625,30194.0,30032.25,6,09:35,30116.0,0,7,2,09:36,30116.5,1,28,6,09:57,30043.25,ratchet_stop,,none,5m_hi_confirm_1m_close,0,73.25,72.75,0.5,22,179.5,14.75,1,1,0,ALL_EXPAND_RATCHET_HI_T423,30192.0,30125.75,66.25,1.0,0.0,0.0
M26,2026-05-28,SHORT,1m_expand_break,expand_break,ALL,0,30177.817,,,,-4.0,-0.895902,30112.0,30005.5,30058.75,106.5,4.23,29661.505,30114.0,29993.5,10,09:39,29981.75,4,11,3,09:40,29981.5,5,23,5,09:52,29995.5,ratchet_stop,,none,5m_hi_confirm_1m_close,0,-14.0,-14.5,0.5,13,61.25,15.25,0,0,0,ALL_EXPAND_RATCHET_HI_T423,30112.0,29984.75,127.25,1.1948,1.0,0.0
M26,2026-05-29,SHORT,1m_expand_break,expand_break,ALL,0,30463.8525,,,,-5.0,-0.897001,30426.0,30364.75,30395.375,61.25,4.23,30166.9125,30428.0,30428.0,57,10:26,30350.25,51,58,12,10:27,30349.0,52,65,13,10:34,30437.0,init_stop,,none,5m_hi_confirm_1m_close,0,-88.0,-88.5,0.5,8,1.0,88.5,0,0,0,ALL_EXPAND_RATCHET_HI_T423,30443.0,30364.75,78.25,1.2776,4.0,41.0
M26,2026-06-02,SHORT,1m_expand_break,expand_break,ALL,0,30630.0135,,,,-8.0,-0.277285,30567.75,30467.0,30517.375,100.75,4.23,30141.5775,30569.75,30489.25,6,09:35,30456.0,0,7,2,09:36,30457.25,1,16,4,09:45,30507.75,ratchet_stop,,none,5m_hi_confirm_1m_close,0,-50.5,-51.0,0.5,10,33.5,64.75,0,0,0,ALL_EXPAND_RATCHET_HI_T423,30567.75,30467.0,100.75,1.0,0.0,0.0
M26,2026-06-03,SHORT,1m_expand_break,expand_break,ALL,0,30865.6875,,,,-6.0,-0.980843,30807.75,30714.0,30760.875,93.75,4.23,30411.1875,30809.75,30625.0,6,09:35,30680.0,0,7,2,09:36,30680.5,1,33,7,10:02,30631.25,ratchet_stop,,none,5m_hi_confirm_1m_close,0,49.25,48.75,0.5,27,184.5,57.0,1,0,0,ALL_EXPAND_RATCHET_HI_T423,30807.75,30714.0,93.75,1.0,0.0,0.0
M26,2026-06-04,SHORT,1m_expand_break,expand_break,ALL,0,30442.5875,,,,5.0,0.671927,30353.75,30210.0,30281.875,143.75,4.23,29745.6875,30355.75,30284.25,16,09:45,30199.0,10,17,4,09:46,30198.75,11,29,6,09:58,30291.5,ratchet_stop,,none,5m_hi_confirm_1m_close,0,-92.75,-93.25,0.5,13,7.25,117.25,0,0,0,ALL_EXPAND_RATCHET_HI_T423,30364.5,30210.0,154.5,1.0748,1.0,0.0
M26,2026-06-05,SHORT,1m_expand_break,expand_break,ALL,0,30163.3815,,,,0.0,-0.042651,30100.5,29998.75,30049.625,101.75,4.23,29670.0975,30102.5,29829.75,9,09:38,29985.5,3,10,2,09:39,29985.5,4,41,9,10:10,29856.5,ratchet_stop,,none,5m_hi_confirm_1m_close,0,129.0,128.5,0.5,32,227.5,24.0,1,1,0,ALL_EXPAND_RATCHET_HI_T423,30100.5,29996.0,104.5,1.027,1.0,0.0
M26,2026-06-08,SHORT,1m_expand_break,expand_break,ALL,0,29690.296,,,,-7.0,-0.860368,29584.0,29412.0,29498.0,172.0,4.23,28856.44,29586.0,29432.0,28,09:57,29379.25,22,29,6,09:58,29378.5,23,42,9,10:11,29459.75,ratchet_stop,,none,5m_hi_confirm_1m_close,0,-81.25,-81.75,0.5,14,47.0,89.0,0,0,0,ALL_EXPAND_RATCHET_HI_T423,29584.0,29397.5,186.5,1.0843,1.0,0.0
M26,2026-06-09,SHORT,1m_expand_break,expand_break,ALL,0,29818.9155,,,,-7.0,-0.227781,29748.0,29633.25,29690.625,114.75,4.23,29262.6075,29750.0,29464.0,41,10:10,29566.0,35,42,9,10:11,29565.0,36,71,15,10:40,29465.25,ratchet_stop,,none,5m_hi_confirm_1m_close,0,99.75,99.25,0.5,30,200.0,13.5,1,1,0,ALL_EXPAND_RATCHET_HI_T423,29783.75,29624.0,159.75,1.3922,3.0,11.0
M26,2026-06-10,SHORT,1m_expand_break,expand_break,ALL,0,29061.5545,,,,-7.0,-0.943786,28953.25,28778.0,28865.625,175.25,4.23,28211.9425,28955.25,28840.75,103,11:12,28751.75,97,104,21,11:13,28753.0,98,114,23,11:23,28842.0,ratchet_stop,,none,5m_hi_confirm_1m_close,0,-89.0,-89.5,0.5,11,89.5,94.25,0,0,0,ALL_EXPAND_RATCHET_HI_T423,29047.5,28761.75,285.75,1.6305,4.0,76.0
M26,2026-06-11,SHORT,1m_expand_break,expand_break,ALL,0,28857.4745,,,,-7.0,-0.358151,28786.25,28671.0,28728.625,115.25,4.23,28298.7425,28788.25,28699.25,89,10:58,28630.0,83,90,18,10:59,28625.0,84,101,21,11:10,28743.5,ratchet_stop,,none,5m_hi_confirm_1m_close,0,-118.5,-119.0,0.5,12,47.5,135.5,0,0,0,ALL_EXPAND_RATCHET_HI_T423,28940.0,28650.75,289.25,2.5098,6.0,35.0
M26,2026-06-12,SHORT,1m_expand_break,expand_break,ALL,0,29623.364,,,,-6.0,0.286895,29501.0,29303.0,29402.0,198.0,4.23,28663.46,29503.0,29341.25,13,09:42,29269.25,7,14,3,09:43,29265.5,8,26,6,09:55,29342.5,ratchet_stop,,none,5m_hi_confirm_1m_close,0,-77.0,-77.5,0.5,13,35.5,96.75,0,0,0,ALL_EXPAND_RATCHET_HI_T423,29501.0,29303.0,198.0,1.0,0.0,0.0
U26,2026-06-16,SHORT,1m_expand_break,expand_break,ALL,0,30861.1785,,,,1.0,0.696492,30819.0,30750.75,30784.875,68.25,4.23,30530.3025,30821.0,30682.25,50,10:19,30740.25,44,51,11,10:20,30739.75,45,71,15,10:40,30697.75,ratchet_stop,,none,5m_hi_confirm_1m_close,0,42.0,41.5,0.5,21,148.75,31.25,1,1,0,ALL_EXPAND_RATCHET_HI_T423,30867.75,30750.75,117.0,1.7143,4.0,15.0
U26,2026-06-17,SHORT,1m_expand_break,expand_break,ALL,0,30594.3395,,,,-6.0,0.161032,30527.75,30420.0,30473.875,107.75,4.23,30071.9675,30529.75,30474.25,9,09:38,30407.0,3,10,2,09:39,30408.25,4,16,4,09:45,30506.25,ratchet_stop,,none,5m_hi_confirm_1m_close,0,-98.0,-98.5,0.5,7,10.0,134.0,0,0,0,ALL_EXPAND_RATCHET_HI_T423,30527.75,30420.0,107.75,1.0,0.0,0.0
U26,2026-06-18,SHORT,1m_expand_break,expand_break,ALL,0,30697.8485,,,,-8.0,-0.802222,30615.5,30482.25,30548.875,133.25,4.23,30051.8525,30617.5,30483.5,6,09:35,30469.0,0,7,2,09:36,30468.75,1,21,5,09:50,30492.0,ratchet_stop,,none,5m_hi_confirm_1m_close,0,-23.25,-23.75,0.5,15,77.75,41.25,0,0,0,ALL_EXPAND_RATCHET_HI_T423,30615.5,30482.25,133.25,1.0,0.0,0.0
U26,2026-06-22,SHORT,1m_expand_break,expand_break,ALL,0,30995.0005,,,,-3.0,-0.437804,30904.0,30756.75,30830.375,147.25,4.23,30281.1325,30906.0,30656.0,58,10:27,30746.0,52,59,12,10:28,30745.5,53,91,19,11:00,30663.25,ratchet_stop,,none,5m_hi_confirm_1m_close,0,82.25,81.75,0.5,33,200.5,42.5,0,0,0,ALL_EXPAND_RATCHET_HI_T423,30968.0,30756.75,211.25,1.4346,4.0,5.0
U26,2026-06-23,SHORT,1m_expand_break,expand_break,ALL,0,29869.717,,,,7.0,0.888324,29773.0,29616.5,29694.75,156.5,4.23,29111.005,29775.0,29635.5,316,14:45,29607.25,310,317,64,14:46,29607.75,311,331,67,15:00,29638.25,ratchet_stop,,none,5m_hi_confirm_1m_close,0,-30.5,-31.0,0.5,15,30.5,49.75,0,0,0,ALL_EXPAND_RATCHET_HI_T423,29907.25,29616.5,290.75,1.8578,10.0,93.0
U26,2026-06-24,SHORT,1m_expand_break,expand_break,ALL,0,29966.69,,,,6.0,0.638927,29840.0,29635.0,29737.5,205.0,4.23,28972.85,29842.0,29741.5,12,09:41,29629.75,6,13,3,09:42,29630.0,7,22,5,09:51,29768.0,ratchet_stop,,none,5m_hi_confirm_1m_close,0,-138.0,-138.5,0.5,10,67.75,142.75,0,0,0,ALL_EXPAND_RATCHET_HI_T423,29841.5,29635.0,206.5,1.0073,1.0,0.0
U26,2026-06-25,SHORT,1m_expand_break,expand_break,ALL,0,30287.554,,,,-7.0,-0.333068,30193.0,30040.0,30116.5,153.0,4.23,29545.81,30195.0,30090.5,8,09:37,30029.75,2,9,2,09:38,30029.5,3,19,4,09:48,29545.81,target_4.23,,none,5m_hi_confirm_1m_close,0,483.69,483.19,0.5,11,499.25,6.25,1,1,1,ALL_EXPAND_RATCHET_HI_T423,30193.0,30040.0,153.0,1.0,0.0,0.0
U26,2026-06-29,SHORT,1m_expand_break,expand_break,ALL,0,29900.4205,,,,7.0,0.676306,29769.25,29557.0,29663.125,212.25,4.23,28871.4325,29771.25,29388.0,36,10:05,29505.25,30,37,8,10:06,29507.0,31,56,12,10:25,29448.5,ratchet_stop,,none,5m_hi_confirm_1m_close,0,58.5,58.0,0.5,20,233.25,48.0,0,0,0,ALL_EXPAND_RATCHET_HI_T423,29840.0,29531.75,308.25,1.4523,5.0,5.0
U26,2026-07-01,SHORT,1m_expand_break,expand_break,ALL,0,30355.9445,,,,-8.0,-0.690181,30260.0,30104.75,30182.375,155.25,4.23,29603.2925,30262.0,30162.5,6,09:35,30102.5,0,7,2,09:36,30102.5,1,17,4,09:46,30197.5,ratchet_stop,,none,5m_hi_confirm_1m_close,0,-95.0,-95.5,0.5,11,8.0,104.75,0,0,0,ALL_EXPAND_RATCHET_HI_T423,30260.0,30104.75,155.25,1.0,0.0,0.0
U26,2026-07-02,SHORT,1m_expand_break,expand_break,ALL,0,30218.899,,,,8.0,0.921593,30138.25,30007.75,30073.0,130.5,4.23,29586.235,30140.25,29722.5,58,10:27,29951.75,52,59,12,10:28,29952.5,53,122,25,11:31,29726.25,ratchet_stop,,none,5m_hi_confirm_1m_close,0,226.25,225.75,0.5,64,341.75,53.75,1,1,0,ALL_EXPAND_RATCHET_HI_T423,30253.75,30007.75,246.0,1.8851,8.0,13.0
U26,2026-07-07,SHORT,1m_expand_break,expand_break,ALL,0,29791.119,,,,-7.0,-0.793934,29685.75,29515.25,29600.5,170.5,4.23,28964.535,29687.75,29274.75,9,09:38,29502.75,3,10,2,09:39,29501.5,4,81,17,10:50,29275.0,ratchet_stop,,none,5m_hi_confirm_1m_close,0,226.5,226.0,0.5,72,291.5,105.5,1,0,0,ALL_EXPAND_RATCHET_HI_T423,29685.75,29503.75,182.0,1.0674,1.0,0.0
U26,2026-07-08,SHORT,1m_expand_break,expand_break,ALL,0,29405.677,,,,7.0,0.052424,29327.5,29201.0,29264.25,126.5,4.23,28792.405,29329.5,29257.5,78,10:47,29184.25,72,79,16,10:48,29183.5,73,87,18,10:56,29257.5,ratchet_stop,,none,5m_hi_confirm_1m_close,0,-74.0,-74.5,0.5,9,32.5,114.0,0,0,0,ALL_EXPAND_RATCHET_HI_T423,29394.75,29201.0,193.75,1.5316,5.0,10.0
U26,2026-07-09,SHORT,1m_expand_break,expand_break,ALL,0,29849.171,,,,6.0,0.952843,29781.5,29672.0,29726.75,109.5,4.23,29318.315,29783.5,29714.25,51,10:20,29641.0,45,52,11,10:21,29641.75,46,61,13,10:30,29749.75,ratchet_stop,,none,5m_hi_confirm_1m_close,0,-108.0,-108.5,0.5,10,27.25,135.75,0,0,0,ALL_EXPAND_RATCHET_HI_T423,29803.5,29672.0,131.5,1.2009,1.0,40.0
U26,2026-07-10,SHORT,1m_expand_break,expand_break,ALL,0,29988.4575,,,,7.0,0.196243,29921.25,29812.5,29866.875,108.75,4.23,29461.2375,29923.25,29923.25,11,09:40,29806.0,5,12,3,09:41,29807.0,6,20,4,09:49,29940.75,init_stop,,none,5m_hi_confirm_1m_close,0,-133.75,-134.25,0.5,9,7.75,142.75,0,0,0,ALL_EXPAND_RATCHET_HI_T423,29936.75,29812.5,124.25,1.1425,3.0,0.0
U26,2026-07-13,SHORT,1m_expand_break,expand_break,ALL,0,29802.449,,,,-7.0,-0.493283,29737.25,29631.75,29684.5,105.5,4.23,29290.985,29739.25,29600.75,8,09:37,29619.75,2,9,2,09:38,29620.25,3,29,6,09:58,29607.25,ratchet_stop,,none,5m_hi_confirm_1m_close,0,13.0,12.5,0.5,21,102.25,46.5,0,0,0,ALL_EXPAND_RATCHET_HI_T423,29737.25,29626.25,111.0,1.0521,1.0,0.0
U26,2026-07-14,SHORT,1m_expand_break,expand_break,ALL,0,29893.618,,,,-8.0,-0.274942,29815.75,29689.75,29752.75,126.0,4.23,29282.77,29817.75,29690.5,36,10:05,29670.0,30,37,8,10:06,29669.75,31,53,11,10:22,29708.5,ratchet_stop,,none,5m_hi_confirm_1m_close,0,-38.75,-39.25,0.5,17,102.25,45.25,0,0,0,ALL_EXPAND_RATCHET_HI_T423,29815.75,29685.0,130.75,1.0377,1.0,0.0
U26,2026-07-15,SHORT,1m_expand_break,expand_break,ALL,0,30017.67,,,,1.0,0.17024,29977.5,29912.5,29945.0,65.0,4.23,29702.55,29979.5,29801.75,8,09:37,29878.75,2,9,2,09:38,29879.0,3,31,7,10:00,29838.25,ratchet_stop,,none,5m_hi_confirm_1m_close,0,40.75,40.25,0.5,23,124.5,15.0,1,1,0,ALL_EXPAND_RATCHET_HI_T423,29977.5,29910.5,67.0,1.0308,1.0,0.0
U26,2026-07-16,SHORT,1m_expand_break,expand_break,ALL,0,29595.1905,,,,-6.0,-0.94826,29532.0,29429.75,29480.875,102.25,4.23,29099.4825,29534.0,29342.75,6,09:35,29417.25,0,7,2,09:36,29418.75,1,30,6,09:59,29347.5,ratchet_stop,,none,5m_hi_confirm_1m_close,0,71.25,70.75,0.5,24,163.25,52.25,1,0,0,ALL_EXPAND_RATCHET_HI_T423,29532.0,29429.75,102.25,1.0,0.0,0.0
U26,2026-07-17,SHORT,1m_expand_break,expand_break,ALL,0,28776.3825,,,,-6.0,-0.82075,28686.0,28539.75,28612.875,146.25,4.23,28067.3625,28688.0,28512.0,7,09:36,28523.25,1,8,2,09:37,28523.75,2,21,5,09:50,28520.75,ratchet_stop,,none,5m_hi_confirm_1m_close,0,3.0,2.5,0.5,14,115.5,14.25,0,0,0,ALL_EXPAND_RATCHET_HI_T423,28686.0,28530.75,155.25,1.0615,1.0,0.0
U26,2026-07-20,SHORT,1m_expand_break,expand_break,ALL,0,29206.966,,,,8.0,0.546112,29137.75,29025.75,29081.75,112.0,4.23,28663.99,29139.75,29005.5,28,09:57,28999.25,22,29,6,09:58,28999.25,23,57,12,10:26,29005.75,ratchet_stop,,none,5m_hi_confirm_1m_close,0,-6.5,-7.0,0.5,29,91.25,49.75,0,0,0,ALL_EXPAND_RATCHET_HI_T423,29160.75,29018.5,142.25,1.2701,5.0,7.0
U26,2026-07-21,SHORT,1m_expand_break,expand_break,ALL,0,29316.2385,,,,-7.0,-0.461546,29246.25,29133.0,29189.625,113.25,4.23,28767.2025,29248.25,29153.5,17,09:46,29114.75,11,18,4,09:47,29114.5,12,31,7,10:00,29170.0,ratchet_stop,,none,5m_hi_confirm_1m_close,0,-55.5,-56.0,0.5,14,22.0,74.0,0,0,0,ALL_EXPAND_RATCHET_HI_T423,29246.25,29126.0,120.25,1.0618,2.0,0.0
U26,2026-07-23,SHORT,1m_expand_break,expand_break,ALL,0,28830.935,,,,5.0,0.869255,28764.5,28657.0,28710.75,107.5,4.23,28309.775,28766.5,28743.0,64,10:33,28649.25,58,65,13,10:34,28649.25,59,68,14,10:37,28758.0,ratchet_stop,,none,5m_hi_confirm_1m_close,0,-108.75,-109.25,0.5,4,9.25,112.75,0,0,0,ALL_EXPAND_RATCHET_HI_T423,28834.5,28657.0,177.5,1.6512,3.0,14.0
U26,2026-07-24,SHORT,1m_expand_break,expand_break,ALL,0,28673.0305,,,,6.0,0.883,28606.75,28499.5,28553.125,107.25,4.23,28153.0825,28608.75,28368.5,11,09:40,28492.0,5,12,3,09:41,28493.0,6,36,8,10:05,28373.25,ratchet_stop,,none,5m_hi_confirm_1m_close,0,119.75,119.25,0.5,25,188.75,18.75,1,0,0,ALL_EXPAND_RATCHET_HI_T423,28622.0,28499.5,122.5,1.1422,1.0,0.0
U26,2026-07-27,SHORT,1m_expand_break,expand_break,ALL,0,28695.3175,,,,-2.0,0.270207,28615.75,28487.0,28551.375,128.75,4.23,28071.1375,28617.75,28261.0,13,09:42,28458.25,7,14,3,09:43,28459.0,8,61,13,10:30,28071.1375,target_4.23,,none,5m_hi_confirm_1m_close,0,387.8625,387.3625,0.5,48,407.25,45.0,1,1,1,ALL_EXPAND_RATCHET_HI_T423,28615.75,28487.0,128.75,1.0,0.0,0.0
U26,2026-07-28,SHORT,1m_expand_break,expand_break,ALL,0,28066.6235,,,,-5.0,-0.525227,27992.0,27871.25,27931.625,120.75,4.23,27481.2275,27994.0,27720.5,7,09:36,27860.5,1,8,2,09:37,27861.0,2,36,8,10:05,27766.25,ratchet_stop,,none,5m_hi_confirm_1m_close,0,94.75,94.25,0.5,29,219.25,17.5,1,0,0,ALL_EXPAND_RATCHET_HI_T423,27992.0,27871.25,120.75,1.0,0.0,0.0
U26,2026-07-29,SHORT,1m_expand_break,expand_break,ALL,0,28074.7505,,,,6.0,0.579231,27983.75,27836.5,27910.125,147.25,4.23,27360.8825,27985.75,27752.75,21,09:50,27796.75,15,22,5,09:51,27796.25,16,36,8,10:05,27793.25,ratchet_stop,,none,5m_hi_confirm_1m_close,0,3.0,2.5,0.5,15,128.5,30.25,0,0,0,ALL_EXPAND_RATCHET_HI_T423,27996.0,27816.0,180.0,1.2224,3.0,0.0
U26,2026-07-31,SHORT,1m_expand_break,expand_break,ALL,0,28812.706,,,,4.0,0.023717,28709.5,28542.5,28626.0,167.0,4.23,28003.09,28711.5,28192.0,11,09:40,28537.25,5,12,3,09:41,28536.0,6,51,11,10:20,28224.0,ratchet_stop,,none,5m_hi_confirm_1m_close,0,312.0,311.5,0.5,40,456.25,42.25,1,1,0,ALL_EXPAND_RATCHET_HI_T423,28725.75,28542.5,183.25,1.0973,1.0,0.0
U26,2026-08-05,SHORT,1m_expand_break,expand_break,ALL,0,30061.2995,,,,7.0,0.889587,30013.25,29935.5,29974.375,77.75,4.23,29684.3675,30015.25,30015.25,7,09:36,29929.25,1,8,2,09:37,29930.5,2,12,3,09:41,30017.0,init_stop,,none,5m_hi_confirm_1m_close,0,-86.5,-87.0,0.5,5,20.25,107.75,0,0,0,ALL_EXPAND_RATCHET_HI_T423,30023.5,29935.5,88.0,1.1318,1.0,0.0
U26,2026-08-07,SHORT,1m_expand_break,expand_break,ALL,0,29894.9805,,,,6.0,0.659785,29813.25,29681.0,29747.125,132.25,4.23,29253.8325,29815.25,29684.75,28,09:57,29666.5,22,29,6,09:58,29666.25,23,49,10,10:18,29692.25,ratchet_stop,,none,5m_hi_confirm_1m_close,0,-26.0,-26.5,0.5,21,101.75,47.0,0,0,0,ALL_EXPAND_RATCHET_HI_T423,29820.0,29681.0,139.0,1.051,1.0,0.0
U26,2026-08-11,SHORT,1m_expand_break,expand_break,ALL,0,29914.188,,,,-8.0,-0.335205,29842.5,29726.5,29784.5,116.0,4.23,29351.82,29844.5,29725.0,6,09:35,29698.25,0,7,2,09:36,29697.25,1,30,6,09:59,29732.75,ratchet_stop,,none,5m_hi_confirm_1m_close,0,-35.5,-36.0,0.5,24,65.5,59.0,0,0,0,ALL_EXPAND_RATCHET_HI_T423,29842.5,29726.5,116.0,1.0,0.0,0.0
U26,2026-08-12,SHORT,1m_expand_break,expand_break,ALL,0,30078.382,,,,-8.0,-0.443299,30001.75,29877.75,29939.75,124.0,4.23,29477.23,30003.75,29842.5,124,11:33,29826.0,118,125,25,11:34,29825.5,119,143,29,11:52,29847.75,ratchet_stop,,none,5m_hi_confirm_1m_close,0,-22.25,-22.75,0.5,19,7.0,32.75,0,0,0,ALL_EXPAND_RATCHET_HI_T423,30001.75,29828.25,173.5,1.3992,5.0,0.0
U26,2026-08-14,SHORT,1m_expand_break,expand_break,ALL,0,30308.8975,,,,-5.0,-0.843128,30269.5,30205.75,30237.625,63.75,4.23,29999.8375,30271.5,30222.0,6,09:35,30199.75,0,7,2,09:36,30200.5,1,16,4,09:45,30265.75,ratchet_stop,,none,5m_hi_confirm_1m_close,0,-65.25,-65.75,0.5,10,30.75,74.75,0,0,0,ALL_EXPAND_RATCHET_HI_T423,30269.5,30205.75,63.75,1.0,0.0,0.0
U26,2026-08-17,SHORT,1m_expand_break,expand_break,ALL,0,30312.35,,,,-5.0,-0.817748,30266.0,30191.0,30228.5,75.0,4.23,29948.75,30268.0,30113.5,223,13:12,30149.0,217,224,45,13:13,30149.25,218,252,51,13:41,30114.0,ratchet_stop,,none,5m_hi_confirm_1m_close,0,35.25,34.75,0.5,29,62.75,1.25,0,0,0,ALL_EXPAND_RATCHET_HI_T423,30278.0,30152.25,125.75,1.6767,10.0,6.0
U26,2026-08-18,SHORT,1m_expand_break,expand_break,ALL,0,29831.882,,,,-1.0,0.164331,29755.25,29631.25,29693.25,124.0,4.23,29230.73,29757.25,29665.25,26,09:55,29614.0,20,27,6,09:56,29613.75,21,38,8,10:07,29666.25,ratchet_stop,,none,5m_hi_confirm_1m_close,0,-52.5,-53.0,0.5,12,5.75,92.0,0,0,0,ALL_EXPAND_RATCHET_HI_T423,29767.0,29631.25,135.75,1.0948,1.0,2.0
U26,2026-08-19,SHORT,1m_expand_break,expand_break,ALL,0,29800.9965,,,,-5.0,-0.435983,29742.75,29648.5,29695.625,94.25,4.23,29344.0725,29744.75,29462.0,7,09:36,29626.5,1,8,2,09:37,29627.25,2,60,12,10:29,29482.5,ratchet_stop,,none,5m_hi_confirm_1m_close,0,144.75,144.25,0.5,53,251.5,23.0,1,1,0,ALL_EXPAND_RATCHET_HI_T423,29742.75,29648.5,94.25,1.0,0.0,0.0
U26,2026-08-20,SHORT,1m_expand_break,expand_break,ALL,0,29492.8645,,,,2.0,-0.169914,29434.0,29338.75,29386.375,95.25,4.23,29031.0925,29436.0,29391.75,23,09:52,29322.5,17,24,5,09:53,29321.75,18,41,9,10:10,29395.75,ratchet_stop,,none,5m_hi_confirm_1m_close,0,-74.0,-74.5,0.5,18,13.0,87.25,0,0,0,ALL_EXPAND_RATCHET_HI_T423,29460.0,29337.0,123.0,1.2913,6.0,5.0
U26,2026-08-21,SHORT,1m_expand_break,expand_break,ALL,0,29549.0785,,,,-8.0,-0.72187,29476.0,29357.75,29416.875,118.25,4.23,28975.8025,29478.0,29320.25,14,09:43,29314.5,8,15,3,09:44,29314.5,9,36,8,10:05,29320.75,ratchet_stop,,none,5m_hi_confirm_1m_close,0,-6.25,-6.75,0.5,22,58.75,44.75,0,0,0,ALL_EXPAND_RATCHET_HI_T423,29476.0,29319.0,157.0,1.3277,3.0,0.0
U26,2026-08-24,SHORT,1m_expand_break,expand_break,ALL,0,29341.7255,,,,-5.0,0.095868,29243.0,29083.25,29163.125,159.75,4.23,28567.2575,29245.0,29030.75,9,09:38,29075.5,3,10,2,09:39,29074.0,4,29,6,09:58,29033.0,ratchet_stop,,none,5m_hi_confirm_1m_close,0,41.0,40.5,0.5,20,127.25,18.0,0,0,0,ALL_EXPAND_RATCHET_HI_T423,29243.0,29083.25,159.75,1.0,0.0,0.0
U26,2026-08-25,SHORT,1m_expand_break,expand_break,ALL,0,29436.196,,,,9.0,0.584572,29376.25,29279.25,29327.75,97.0,4.23,28965.94,29378.25,29252.25,33,10:02,29272.75,27,34,7,10:03,29274.25,28,69,14,10:38,29253.75,ratchet_stop,,none,5m_hi_confirm_1m_close,0,20.5,20.0,0.5,36,136.25,15.0,0,0,0,ALL_EXPAND_RATCHET_HI_T423,29396.25,29275.0,121.25,1.25,4.0,3.0
H26,2025-12-17,SHORT,1m_expand_break,expand_break,ALL,1,25481.431,,,,-8.0,-0.564224,25447.75,25393.25,25420.5,54.5,4.23,25217.215,25449.75,25337.5,6,09:35,25379.25,0,7,2,09:36,25379.0,1,28,6,09:57,25335.5,hold_exit_above_dvwap,above_dvwap,vwap,5m_hi_confirm_1m_close,21,43.5,43.0,0.5,22,133.5,1.75,1,1,0,ALL_EXPAND_INV1618_HOLD_VWAP_T423,25447.75,25393.25,54.5,1.0,0.0,0.0
H26,2025-12-18,SHORT,1m_expand_break,expand_break,ALL,1,25374.7685,,,,-6.0,-0.772303,25329.5,25256.25,25292.875,73.25,4.23,25019.6525,25331.5,25227.5,6,09:35,25242.25,0,7,2,09:36,25241.75,1,23,5,09:52,25237.0,ratchet_stop,,vwap,5m_hi_confirm_1m_close,16,4.75,4.25,0.5,17,80.5,25.5,0,0,0,ALL_EXPAND_INV1618_HOLD_VWAP_T423,25329.5,25256.25,73.25,1.0,0.0,0.0
H26,2025-12-22,SHORT,1m_expand_break,expand_break,ALL,1,25856.859,,,,-7.0,-0.506942,25794.75,25694.25,25744.5,100.5,4.23,25369.635,25796.75,25674.5,66,10:35,25660.25,60,67,14,10:36,25660.5,61,76,16,10:45,25676.25,ratchet_stop,,vwap,5m_hi_confirm_1m_close,9,-15.75,-16.25,0.5,10,32.5,20.5,0,0,0,ALL_EXPAND_INV1618_HOLD_VWAP_T423,25794.75,25668.0,126.75,1.2612,3.0,0.0
H26,2025-12-23,SHORT,1m_expand_break,expand_break,ALL,1,25799.8,,,,2.0,-0.354881,25738.0,25638.0,25688.0,100.0,4.23,25315.0,25740.0,25660.0,34,10:03,25637.5,28,35,7,10:04,25637.5,29,47,10,10:16,25671.0,ratchet_stop,,vwap,5m_hi_confirm_1m_close,12,-33.5,-34.0,0.5,13,7.25,35.5,0,0,0,ALL_EXPAND_INV1618_HOLD_VWAP_T423,25751.25,25638.0,113.25,1.1325,3.0,1.0
H26,2025-12-26,SHORT,1m_expand_break,expand_break,ALL,1,25939.737,,,,2.0,-0.027713,25911.0,25864.5,25887.75,46.5,4.23,25714.305,25913.0,25868.5,32,10:01,25850.75,26,33,7,10:02,25851.0,27,51,11,10:20,25879.5,ratchet_stop,,vwap,5m_hi_confirm_1m_close,18,-28.5,-29.0,0.5,19,16.75,30.5,0,0,0,ALL_EXPAND_INV1618_HOLD_VWAP_T423,25935.25,25864.5,70.75,1.5215,4.0,2.0
H26,2025-12-30,SHORT,1m_expand_break,expand_break,ALL,1,25761.001,,,,3.0,-0.356949,25733.5,25689.0,25711.25,44.5,4.23,25545.265,25735.5,25725.5,16,09:45,25680.75,10,17,4,09:46,25680.5,11,19,4,09:48,25718.25,hold_exit_above_dvwap,above_dvwap,vwap,5m_hi_confirm_1m_close,2,-37.75,-38.25,0.5,3,6.25,38.25,0,0,0,ALL_EXPAND_INV1618_HOLD_VWAP_T423,25733.5,25681.75,51.75,1.1629,3.0,0.0
H26,2025-12-31,SHORT,1m_expand_break,expand_break,ALL,1,25717.338,,,,-2.0,-0.111601,25692.0,25651.0,25671.5,41.0,4.23,25518.57,25694.0,25568.25,7,09:36,25634.75,1,8,2,09:37,25635.25,2,106,22,11:15,25568.75,ratchet_stop,,vwap,5m_hi_confirm_1m_close,98,66.5,66.0,0.5,99,92.75,3.0,1,1,0,ALL_EXPAND_INV1618_HOLD_VWAP_T423,25692.0,25651.0,41.0,1.0,0.0,0.0
H26,2026-01-02,SHORT,1m_expand_break,expand_break,ALL,1,25782.4765,,,,-3.0,-0.274003,25733.5,25654.25,25693.875,79.25,4.23,25398.2725,25735.5,25735.5,11,09:40,25645.0,5,12,3,09:41,25645.25,6,15,3,09:44,25690.75,hold_exit_above_dvwap,above_dvwap,vwap,5m_hi_confirm_1m_close,3,-45.5,-46.0,0.5,4,7.0,51.5,0,0,0,ALL_EXPAND_INV1618_HOLD_VWAP_T423,25733.5,25650.75,82.75,1.0442,2.0,0.0
H26,2026-01-05,SHORT,1m_expand_break,expand_break,ALL,1,25728.5835,,,,-7.0,-0.844601,25672.5,25581.75,25627.125,90.75,4.23,25288.6275,25674.5,25674.5,6,09:35,25573.25,0,7,2,09:36,25573.0,1,15,3,09:44,25602.0,hold_exit_above_dvwap,above_dvwap,vwap,5m_hi_confirm_1m_close,8,-29.0,-29.5,0.5,9,34.5,40.25,0,0,0,ALL_EXPAND_INV1618_HOLD_VWAP_T423,25672.5,25581.75,90.75,1.0,0.0,0.0
H26,2026-01-06,SHORT,1m_expand_break,expand_break,ALL,1,25703.501,,,,-4.0,-0.792122,25676.0,25631.5,25653.75,44.5,4.23,25487.765,25678.0,25678.0,11,09:40,25625.0,5,12,3,09:41,25624.75,6,15,3,09:44,25664.5,hold_exit_above_dvwap,above_dvwap,vwap,5m_hi_confirm_1m_close,3,-39.75,-40.25,0.5,4,16.75,42.0,0,0,0,ALL_EXPAND_INV1618_HOLD_VWAP_T423,25677.75,25627.0,50.75,1.1404,2.0,0.0
H26,2026-01-08,SHORT,1m_expand_break,expand_break,ALL,1,25871.289,,,,-8.0,-0.241331,25803.0,25692.5,25747.75,110.5,4.23,25335.585,25805.0,25658.5,9,09:38,25688.5,3,10,2,09:39,25688.25,4,39,8,10:08,25671.25,ratchet_stop,,vwap,5m_hi_confirm_1m_close,29,17.0,16.5,0.5,30,119.25,19.75,0,0,0,ALL_EXPAND_INV1618_HOLD_VWAP_T423,25803.0,25692.5,110.5,1.0,0.0,0.0
H26,2026-01-14,SHORT,1m_expand_break,expand_break,ALL,1,25862.8145,,,,7.0,0.873807,25788.5,25668.25,25728.375,120.25,4.23,25279.8425,25790.5,25587.5,12,09:41,25662.5,6,13,3,09:42,25662.25,7,42,9,10:11,25613.0,ratchet_stop,,vwap,5m_hi_confirm_1m_close,29,49.25,48.75,0.5,30,131.75,12.25,0,0,0,ALL_EXPAND_INV1618_HOLD_VWAP_T423,25790.25,25668.25,122.0,1.0146,1.0,0.0
H26,2026-01-15,SHORT,1m_expand_break,expand_break,ALL,1,25986.42,,,,-5.0,-0.511924,25946.25,25881.25,25913.75,65.0,4.23,25671.3,25948.25,25948.25,6,09:35,25881.0,0,7,2,09:36,25881.0,1,14,3,09:43,25902.25,hold_exit_above_dvwap,above_dvwap,vwap,5m_hi_confirm_1m_close,7,-21.25,-21.75,0.5,8,27.5,29.75,0,0,0,ALL_EXPAND_INV1618_HOLD_VWAP_T423,25946.25,25881.25,65.0,1.0,0.0,0.0
H26,2026-01-16,SHORT,1m_expand_break,expand_break,ALL,1,25925.7625,,,,-1.0,-0.131119,25891.0,25834.75,25862.875,56.25,4.23,25653.0625,25893.0,25729.25,15,09:44,25820.5,9,16,4,09:45,25820.75,10,64,13,10:33,25653.0625,target_4.23,,vwap,5m_hi_confirm_1m_close,48,167.6875,167.1875,0.5,49,168.0,23.25,1,1,1,ALL_EXPAND_INV1618_HOLD_VWAP_T423,25891.0,25832.75,58.25,1.0356,1.0,0.0
H26,2026-01-21,SHORT,1m_expand_break,expand_break,ALL,1,25268.364,,,,-6.0,-0.259412,25223.25,25150.25,25186.75,73.0,4.23,24914.46,25225.25,25225.25,11,09:40,25135.0,5,12,3,09:41,25134.75,6,14,3,09:43,25193.75,hold_exit_above_dvwap,above_dvwap,vwap,5m_hi_confirm_1m_close,2,-59.0,-59.5,0.5,3,7.25,69.25,0,0,0,ALL_EXPAND_INV1618_HOLD_VWAP_T423,25223.25,25141.75,81.5,1.1164,2.0,0.0
H26,2026-01-22,SHORT,1m_expand_break,expand_break,ALL,1,25773.156,,,,-9.0,-0.333606,25731.75,25664.75,25698.25,67.0,4.23,25448.34,25733.75,25733.75,6,09:35,25651.75,0,7,2,09:36,25652.75,1,8,2,09:37,25676.5,hold_exit_above_dvwap,above_dvwap,vwap,5m_hi_confirm_1m_close,1,-23.75,-24.25,0.5,2,17.0,24.75,0,0,0,ALL_EXPAND_INV1618_HOLD_VWAP_T423,25731.75,25664.75,67.0,1.0,0.0,0.0
H26,2026-01-23,SHORT,1m_expand_break,expand_break,ALL,1,25694.0605,,,,-5.0,-0.802518,25652.5,25585.25,25618.875,67.25,4.23,25368.0325,25654.5,25654.5,8,09:37,25570.0,2,9,2,09:38,25571.5,3,12,3,09:41,25616.25,hold_exit_above_dvwap,above_dvwap,vwap,5m_hi_confirm_1m_close,3,-44.75,-45.25,0.5,4,7.5,48.0,0,0,0,ALL_EXPAND_INV1618_HOLD_VWAP_T423,25652.5,25579.75,72.75,1.0818,1.0,0.0
H26,2026-01-27,SHORT,1m_expand_break,expand_break,ALL,1,26048.035,,,,-6.0,-0.793903,26012.5,25955.0,25983.75,57.5,4.23,25769.275,26014.5,26014.5,6,09:35,25951.0,0,7,2,09:36,25951.75,1,12,3,09:41,25966.75,hold_exit_above_dvwap,above_dvwap,vwap,5m_hi_confirm_1m_close,5,-15.0,-15.5,0.5,6,34.5,16.25,0,0,0,ALL_EXPAND_INV1618_HOLD_VWAP_T423,26012.5,25955.0,57.5,1.0,0.0,0.0
H26,2026-01-28,SHORT,1m_expand_break,expand_break,ALL,1,26323.844,,,,-3.0,0.30085,26288.0,26230.0,26259.0,58.0,4.23,26042.66,26290.0,26290.0,7,09:36,26224.5,1,8,2,09:37,26224.75,2,11,3,09:40,26263.25,hold_exit_above_dvwap,above_dvwap,vwap,5m_hi_confirm_1m_close,3,-38.5,-39.0,0.5,4,8.75,43.75,0,0,0,ALL_EXPAND_INV1618_HOLD_VWAP_T423,26288.0,26230.0,58.0,1.0,0.0,0.0
H26,2026-01-29,SHORT,1m_expand_break,expand_break,ALL,1,26231.547,,,,-6.0,-0.65788,26175.0,26083.5,26129.25,91.5,4.23,25787.955,26177.0,25988.25,6,09:35,26062.5,0,7,2,09:36,26064.0,1,32,7,10:01,25787.955,target_4.23,,vwap,5m_hi_confirm_1m_close,25,276.045,275.545,0.5,26,279.5,4.5,1,1,1,ALL_EXPAND_INV1618_HOLD_VWAP_T423,26175.0,26083.5,91.5,1.0,0.0,0.0
H26,2026-01-30,SHORT,1m_expand_break,expand_break,ALL,1,25982.9855,,,,7.0,0.277932,25918.25,25813.5,25865.875,104.75,4.23,25475.1575,25920.25,25862.5,60,10:29,25794.0,54,61,13,10:30,25794.0,55,66,14,10:35,25882.5,ratchet_stop,,vwap,5m_hi_confirm_1m_close,5,-88.5,-89.0,0.5,6,23.25,88.75,0,0,0,ALL_EXPAND_INV1618_HOLD_VWAP_T423,25933.0,25806.25,126.75,1.21,2.0,2.0
H26,2026-02-03,SHORT,1m_expand_break,expand_break,ALL,1,26022.393,,,,-5.0,-0.029144,25952.25,25838.75,25895.5,113.5,4.23,25472.145,25954.25,25594.0,12,09:41,25806.0,6,13,3,09:42,25807.0,7,56,12,10:25,25472.145,target_4.23,,vwap,5m_hi_confirm_1m_close,43,334.855,334.355,0.5,44,336.75,8.5,1,1,1,ALL_EXPAND_INV1618_HOLD_VWAP_T423,25952.25,25810.0,142.25,1.2533,3.0,0.0
H26,2026-02-04,SHORT,1m_expand_break,expand_break,ALL,1,25483.6215,,,,-3.0,0.513147,25386.75,25230.0,25308.375,156.75,4.23,24723.6975,25388.75,25194.25,29,09:58,25193.75,23,30,6,09:59,25193.5,24,41,9,10:10,25215.0,ratchet_stop,,vwap,5m_hi_confirm_1m_close,11,-21.5,-22.0,0.5,12,85.5,60.0,0,0,0,ALL_EXPAND_INV1618_HOLD_VWAP_T423,25390.0,25224.75,165.25,1.0542,2.0,0.0
H26,2026-02-10,SHORT,1m_expand_break,expand_break,ALL,1,25449.552,,,,-4.0,-0.452235,25410.0,25346.0,25378.0,64.0,4.23,25139.28,25412.0,25334.5,7,09:36,25335.0,1,8,2,09:37,25336.0,2,23,5,09:52,25330.75,hold_exit_above_dvwap,above_dvwap,vwap,5m_hi_confirm_1m_close,15,5.25,4.75,0.5,16,80.25,4.5,0,0,0,ALL_EXPAND_INV1618_HOLD_VWAP_T423,25410.0,25346.0,64.0,1.0,0.0,0.0
H26,2026-02-11,SHORT,1m_expand_break,expand_break,ALL,1,25526.5865,,,,-6.0,-0.813482,25465.25,25366.0,25415.625,99.25,4.23,25045.4225,25467.25,25416.5,7,09:36,25360.75,1,8,2,09:37,25362.0,2,16,4,09:45,25425.75,ratchet_stop,,vwap,5m_hi_confirm_1m_close,8,-63.75,-64.25,0.5,9,22.75,64.25,0,0,0,ALL_EXPAND_INV1618_HOLD_VWAP_T423,25465.25,25361.75,103.5,1.0428,1.0,0.0
H26,2026-02-12,SHORT,1m_expand_break,expand_break,ALL,1,25413.0575,,,,4.0,0.234767,25376.75,25318.0,25347.375,58.75,4.23,25128.2375,25378.75,25241.5,15,09:44,25308.25,9,16,4,09:45,25309.0,10,47,10,10:16,25245.75,ratchet_stop,,vwap,5m_hi_confirm_1m_close,31,63.25,62.75,0.5,32,139.25,14.75,1,1,0,ALL_EXPAND_INV1618_HOLD_VWAP_T423,25392.5,25318.0,74.5,1.2681,1.0,0.0
H26,2026-02-13,SHORT,1m_expand_break,expand_break,ALL,1,24869.893,,,,-4.0,-0.673237,24799.75,24686.25,24743.0,113.5,4.23,24319.645,24801.75,24801.75,8,09:37,24679.25,2,9,2,09:38,24680.0,3,15,3,09:44,24716.0,hold_exit_above_dvwap,above_dvwap,vwap,5m_hi_confirm_1m_close,6,-36.0,-36.5,0.5,7,101.25,46.75,0,0,0,ALL_EXPAND_INV1618_HOLD_VWAP_T423,24799.75,24685.75,114.0,1.0044,1.0,0.0
H26,2026-02-17,SHORT,1m_expand_break,expand_break,ALL,1,24861.394,,,,7.0,0.843438,24763.75,24605.75,24684.75,158.0,4.23,24095.41,24765.75,24549.25,21,09:50,24584.75,15,22,5,09:51,24584.25,16,36,8,10:05,24554.0,ratchet_stop,,vwap,5m_hi_confirm_1m_close,14,30.25,29.75,0.5,15,122.0,12.5,0,0,0,ALL_EXPAND_INV1618_HOLD_VWAP_T423,24795.5,24605.75,189.75,1.2009,1.0,7.0
H26,2026-02-19,SHORT,1m_expand_break,expand_break,ALL,1,24926.451,,,,-4.0,0.016707,24883.5,24814.0,24848.75,69.5,4.23,24589.515,24885.5,24885.5,6,09:35,24806.5,0,7,2,09:36,24806.0,1,15,3,09:44,24846.0,hold_exit_above_dvwap,above_dvwap,vwap,5m_hi_confirm_1m_close,8,-40.0,-40.5,0.5,9,43.0,51.5,0,0,0,ALL_EXPAND_INV1618_HOLD_VWAP_T423,24883.5,24814.0,69.5,1.0,0.0,0.0
H26,2026-02-23,SHORT,1m_expand_break,expand_break,ALL,1,25082.951,,,,0.0,-0.424021,25040.0,24970.5,25005.25,69.5,4.23,24746.015,25042.0,24923.25,11,09:40,24929.0,5,12,3,09:41,24929.0,6,32,7,10:01,24923.75,ratchet_stop,,vwap,5m_hi_confirm_1m_close,20,5.25,4.75,0.5,21,71.25,36.25,1,0,0,ALL_EXPAND_INV1618_HOLD_VWAP_T423,25040.0,24965.0,75.0,1.0791,2.0,0.0
H26,2026-02-26,SHORT,1m_expand_break,expand_break,ALL,1,25395.148,,,,-7.0,-0.21623,25342.0,25256.0,25299.0,86.0,4.23,24978.22,25344.0,25178.0,7,09:36,25234.0,1,8,2,09:37,25234.0,2,49,10,10:18,24978.22,target_4.23,,vwap,5m_hi_confirm_1m_close,41,255.78,255.28,0.5,42,269.0,61.75,1,1,1,ALL_EXPAND_INV1618_HOLD_VWAP_T423,25342.0,25256.0,86.0,1.0,0.0,0.0
H26,2026-02-27,SHORT,1m_expand_break,expand_break,ALL,1,24965.5865,,,,5.0,0.087199,24904.25,24805.0,24854.625,99.25,4.23,24484.4225,24906.25,24906.25,14,09:43,24798.5,8,15,3,09:44,24798.75,9,16,4,09:45,24857.5,hold_exit_above_dvwap,above_dvwap,vwap,5m_hi_confirm_1m_close,1,-58.75,-59.25,0.5,2,2.5,73.5,0,0,0,ALL_EXPAND_INV1618_HOLD_VWAP_T423,24909.0,24805.0,104.0,1.0479,1.0,0.0
H26,2026-03-03,SHORT,1m_expand_break,expand_break,ALL,1,24696.0615,,,,-4.0,-0.275975,24627.0,24515.25,24571.125,111.75,4.23,24154.2975,24629.0,24402.25,20,09:49,24502.25,14,21,5,09:50,24502.0,15,66,14,10:35,24411.25,ratchet_stop,,vwap,5m_hi_confirm_1m_close,45,90.75,90.25,0.5,46,150.0,67.75,0,0,0,ALL_EXPAND_INV1618_HOLD_VWAP_T423,24661.25,24502.5,158.75,1.4206,2.0,2.0
H26,2026-03-06,SHORT,1m_expand_break,expand_break,ALL,1,24781.322,,,,6.0,0.487005,24732.5,24653.5,24693.0,79.0,4.23,24398.33,24734.5,24734.5,6,09:35,24650.25,0,7,2,09:36,24651.5,1,9,2,09:38,24688.0,hold_exit_above_dvwap,above_dvwap,vwap,5m_hi_confirm_1m_close,2,-36.5,-37.0,0.5,3,42.75,46.75,0,0,0,ALL_EXPAND_INV1618_HOLD_VWAP_T423,24732.5,24653.5,79.0,1.0,0.0,0.0
H26,2026-03-09,SHORT,1m_expand_break,expand_break,ALL,1,24587.8225,,,,0.0,-0.622601,24525.25,24424.0,24474.625,101.25,4.23,24096.9625,24527.25,24385.25,8,09:37,24413.25,2,9,2,09:38,24412.25,3,33,7,10:02,24399.5,ratchet_stop,,vwap,5m_hi_confirm_1m_close,24,12.75,12.25,0.5,25,99.25,15.0,0,0,0,ALL_EXPAND_INV1618_HOLD_VWAP_T423,24525.25,24424.0,101.25,1.0,0.0,0.0
H26,2026-03-10,SHORT,1m_expand_break,expand_break,ALL,1,25138.1425,,,,0.0,-0.767934,25081.75,24990.5,25036.125,91.25,4.23,24695.7625,25083.75,25083.75,13,09:42,24980.25,7,14,3,09:43,24980.25,8,15,3,09:44,25029.25,hold_exit_above_dvwap,above_dvwap,vwap,5m_hi_confirm_1m_close,1,-49.0,-49.5,0.5,2,20.75,56.0,0,0,0,ALL_EXPAND_INV1618_HOLD_VWAP_T423,25081.75,24982.5,99.25,1.0877,1.0,0.0
H26,2026-03-11,SHORT,1m_expand_break,expand_break,ALL,1,25139.5155,,,,-2.0,-0.346548,25099.5,25034.75,25067.125,64.75,4.23,24825.6075,25101.5,25097.25,21,09:50,25028.75,15,22,5,09:51,25029.0,16,29,6,09:58,25100.0,ratchet_stop,,vwap,5m_hi_confirm_1m_close,7,-71.0,-71.5,0.5,8,13.75,79.25,0,0,0,ALL_EXPAND_INV1618_HOLD_VWAP_T423,25115.5,25034.75,80.75,1.2471,5.0,2.0
H26,2026-03-12,SHORT,1m_expand_break,expand_break,ALL,1,24884.2295,,,,7.0,0.572308,24830.0,24742.25,24786.125,87.75,4.23,24458.8175,24832.0,24678.25,16,09:45,24729.5,10,17,4,09:46,24729.25,11,36,8,10:05,24713.75,ratchet_stop,,vwap,5m_hi_confirm_1m_close,19,15.5,15.0,0.5,20,98.75,38.0,0,0,0,ALL_EXPAND_INV1618_HOLD_VWAP_T423,24834.5,24742.25,92.25,1.0513,1.0,0.0
H26,2026-03-13,SHORT,1m_expand_break,expand_break,ALL,1,24741.42,,,,0.0,-0.708376,24701.25,24636.25,24668.75,65.0,4.23,24426.3,24703.25,24703.25,6,09:35,24633.25,0,7,2,09:36,24633.5,1,8,2,09:37,24659.5,hold_exit_above_dvwap,above_dvwap,vwap,5m_hi_confirm_1m_close,1,-26.0,-26.5,0.5,2,22.5,32.0,0,0,0,ALL_EXPAND_INV1618_HOLD_VWAP_T423,24701.25,24636.25,65.0,1.0,0.0,0.0
M26,2026-03-17,SHORT,1m_expand_break,expand_break,ALL,1,25139.9575,,,,7.0,0.650859,25072.75,24964.0,25018.375,108.75,4.23,24612.7375,25074.75,24998.0,127,11:36,24954.75,121,128,26,11:37,24955.25,122,141,29,11:50,25001.0,ratchet_stop,,vwap,5m_hi_confirm_1m_close,13,-45.75,-46.25,0.5,14,4.0,57.5,0,0,0,ALL_EXPAND_INV1618_HOLD_VWAP_T423,25093.75,24964.0,129.75,1.1931,3.0,18.0
M26,2026-03-19,SHORT,1m_expand_break,expand_break,ALL,1,24490.8955,,,,-4.0,0.273538,24429.25,24329.5,24379.375,99.75,4.23,24007.3075,24431.25,24431.25,6,09:35,24329.25,0,7,2,09:36,24329.75,1,8,2,09:37,24372.0,hold_exit_above_dvwap,above_dvwap,vwap,5m_hi_confirm_1m_close,1,-42.25,-42.75,0.5,2,3.0,42.75,0,0,0,ALL_EXPAND_INV1618_HOLD_VWAP_T423,24429.25,24329.5,99.75,1.0,0.0,0.0
M26,2026-03-20,SHORT,1m_expand_break,expand_break,ALL,1,24557.685,,,,-5.0,0.022098,24491.25,24383.75,24437.5,107.5,4.23,24036.525,24493.25,24292.0,21,09:50,24362.25,15,22,5,09:51,24361.5,16,61,13,10:30,24295.5,ratchet_stop,,vwap,5m_hi_confirm_1m_close,39,66.0,65.5,0.5,40,121.0,9.75,0,0,0,ALL_EXPAND_INV1618_HOLD_VWAP_T423,24491.25,24380.0,111.25,1.0349,1.0,0.0
M26,2026-03-24,SHORT,1m_expand_break,expand_break,ALL,1,24373.429,,,,6.0,0.409724,24317.5,24227.0,24272.25,90.5,4.23,23934.685,24319.5,24212.25,10,09:39,24209.25,4,11,3,09:40,24209.25,5,30,6,09:59,24215.75,ratchet_stop,,vwap,5m_hi_confirm_1m_close,19,-6.5,-7.0,0.5,20,75.25,19.5,0,0,0,ALL_EXPAND_INV1618_HOLD_VWAP_T423,24317.5,24227.0,90.5,1.0,0.0,0.0
M26,2026-03-26,SHORT,1m_expand_break,expand_break,ALL,1,24198.1195,,,,1.0,0.827021,24156.25,24088.5,24122.375,67.75,4.23,23869.6675,24158.25,24158.25,10,09:39,24068.5,4,11,3,09:40,24069.5,5,13,3,09:42,24105.75,hold_exit_above_dvwap,above_dvwap,vwap,5m_hi_confirm_1m_close,2,-36.25,-36.75,0.5,3,3.25,41.5,0,0,0,ALL_EXPAND_INV1618_HOLD_VWAP_T423,24156.25,24086.5,69.75,1.0295,1.0,0.0
M26,2026-03-27,SHORT,1m_expand_break,expand_break,ALL,1,23730.2805,,,,-7.0,-0.385654,23664.0,23556.75,23610.375,107.25,4.23,23210.3325,23666.0,23666.0,6,09:35,23554.25,0,7,2,09:36,23554.0,1,9,2,09:38,23597.75,hold_exit_above_dvwap,above_dvwap,vwap,5m_hi_confirm_1m_close,2,-43.75,-44.25,0.5,3,22.0,52.25,0,0,0,ALL_EXPAND_INV1618_HOLD_VWAP_T423,23664.0,23556.75,107.25,1.0,0.0,0.0
M26,2026-03-30,SHORT,1m_expand_break,expand_break,ALL,1,23588.1535,,,,-6.0,-0.714987,23538.25,23457.5,23497.875,80.75,4.23,23196.6775,23540.25,23340.75,6,09:35,23443.75,0,7,2,09:36,23444.25,1,42,9,10:11,23355.25,ratchet_stop,,vwap,5m_hi_confirm_1m_close,35,89.0,88.5,0.5,36,151.5,5.0,1,0,0,ALL_EXPAND_INV1618_HOLD_VWAP_T423,23538.25,23457.5,80.75,1.0,0.0,0.0
M26,2026-04-02,SHORT,1m_expand_break,expand_break,ALL,1,23853.358,,,,-1.0,-0.674805,23818.75,23762.75,23790.75,56.0,4.23,23581.87,23820.75,23788.25,6,09:35,23734.75,0,7,2,09:36,23734.25,1,17,4,09:46,23773.25,hold_exit_above_dvwap,above_dvwap,vwap,5m_hi_confirm_1m_close,10,-39.0,-39.5,0.5,11,56.25,41.75,0,0,0,ALL_EXPAND_INV1618_HOLD_VWAP_T423,23818.75,23762.75,56.0,1.0,0.0,0.0
M26,2026-04-06,SHORT,1m_expand_break,expand_break,ALL,1,24436.2215,,,,7.0,0.139547,24370.25,24263.5,24316.875,106.75,4.23,23918.6975,24372.25,24372.25,7,09:36,24255.0,1,8,2,09:37,24253.0,2,12,3,09:41,24312.75,hold_exit_above_dvwap,above_dvwap,vwap,5m_hi_confirm_1m_close,4,-59.75,-60.25,0.5,5,7.25,66.25,0,0,0,ALL_EXPAND_INV1618_HOLD_VWAP_T423,24373.75,24263.5,110.25,1.0328,1.0,0.0
M26,2026-04-07,SHORT,1m_expand_break,expand_break,ALL,1,24375.98,,,,-7.0,-0.380328,24308.0,24198.0,24253.0,110.0,4.23,23842.7,24310.0,24044.0,18,09:47,24159.75,12,19,4,09:48,24160.75,13,51,11,10:20,24067.25,ratchet_stop,,vwap,5m_hi_confirm_1m_close,32,93.5,93.0,0.5,33,166.75,47.0,1,0,0,ALL_EXPAND_INV1618_HOLD_VWAP_T423,24308.0,24177.0,131.0,1.1909,3.0,0.0
M26,2026-04-08,SHORT,1m_expand_break,expand_break,ALL,1,25322.2105,,,,-3.0,0.184367,25249.75,25132.5,25191.125,117.25,4.23,24753.7825,25251.75,25180.75,10,09:39,25123.25,4,11,3,09:40,25122.75,5,17,4,09:46,25148.0,hold_exit_above_dvwap,above_dvwap,vwap,5m_hi_confirm_1m_close,6,-25.25,-25.75,0.5,7,33.0,26.75,0,0,0,ALL_EXPAND_INV1618_HOLD_VWAP_T423,25249.75,25125.25,124.5,1.0618,1.0,0.0
M26,2026-04-09,SHORT,1m_expand_break,expand_break,ALL,1,25155.721,,,,-7.0,-0.667477,25103.5,25019.0,25061.25,84.5,4.23,24746.065,25105.5,24989.25,46,10:15,24996.0,40,47,10,10:16,24995.75,41,74,15,10:43,24990.5,ratchet_stop,,vwap,5m_hi_confirm_1m_close,27,5.25,4.75,0.5,28,35.25,12.25,0,0,0,ALL_EXPAND_INV1618_HOLD_VWAP_T423,25111.5,25001.0,110.5,1.3077,7.0,0.0
M26,2026-04-10,SHORT,1m_expand_break,expand_break,ALL,1,25406.33,,,,-1.0,-0.712675,25369.25,25309.25,25339.25,60.0,4.23,25115.45,25371.25,25357.5,10,09:39,25308.0,4,11,3,09:40,25307.5,5,16,4,09:45,25333.25,hold_exit_above_dvwap,above_dvwap,vwap,5m_hi_confirm_1m_close,5,-25.75,-26.25,0.5,6,17.0,35.75,0,0,0,ALL_EXPAND_INV1618_HOLD_VWAP_T423,25369.25,25309.25,60.0,1.0,0.0,0.0
M26,2026-04-13,SHORT,1m_expand_break,expand_break,ALL,1,25264.0515,,,,4.0,-0.030149,25238.25,25196.5,25217.375,41.75,4.23,25061.6475,25240.25,25221.25,7,09:36,25182.0,1,8,2,09:37,25182.25,2,19,4,09:48,25215.25,hold_exit_above_dvwap,above_dvwap,vwap,5m_hi_confirm_1m_close,11,-33.0,-33.5,0.5,12,22.25,49.75,0,0,0,ALL_EXPAND_INV1618_HOLD_VWAP_T423,25238.25,25196.5,41.75,1.0,0.0,0.0
M26,2026-04-15,SHORT,1m_expand_break,expand_break,ALL,1,26068.4645,,,,-1.0,-0.183802,26040.5,25995.25,26017.875,45.25,4.23,25849.0925,26042.5,26042.5,15,09:44,25989.0,9,16,4,09:45,25990.0,10,18,4,09:47,26047.0,init_stop,,vwap,5m_hi_confirm_1m_close,2,-57.0,-57.5,0.5,3,0.0,57.0,0,0,0,ALL_EXPAND_INV1618_HOLD_VWAP_T423,26049.5,25995.25,54.25,1.1989,1.0,4.0
M26,2026-04-16,SHORT,1m_expand_break,expand_break,ALL,1,26506.089,,,,-3.0,0.318792,26453.25,26367.75,26410.5,85.5,4.23,26091.585,26455.25,26455.25,7,09:36,26364.25,1,8,2,09:37,26365.25,2,11,3,09:40,26400.75,hold_exit_above_dvwap,above_dvwap,vwap,5m_hi_confirm_1m_close,3,-35.5,-36.0,0.5,4,7.0,43.5,0,0,0,ALL_EXPAND_INV1618_HOLD_VWAP_T423,26453.25,26367.75,85.5,1.0,0.0,0.0
M26,2026-04-20,SHORT,1m_expand_break,expand_break,ALL,1,26877.0355,,,,6.0,0.571968,26827.75,26748.0,26787.875,79.75,4.23,26490.4075,26829.75,26764.75,10,09:39,26747.5,4,11,3,09:40,26747.75,5,23,5,09:52,26768.0,ratchet_stop,,vwap,5m_hi_confirm_1m_close,12,-20.25,-20.75,0.5,13,32.0,25.25,0,0,0,ALL_EXPAND_INV1618_HOLD_VWAP_T423,26827.75,26748.0,79.75,1.0,0.0,0.0
M26,2026-04-24,SHORT,1m_expand_break,expand_break,ALL,1,27287.892,,,,4.0,0.607756,27245.25,27176.25,27210.75,69.0,4.23,26953.38,27247.25,27200.0,25,09:54,27173.25,19,26,6,09:55,27173.0,20,39,8,10:08,27209.25,ratchet_stop,,vwap,5m_hi_confirm_1m_close,13,-36.25,-36.75,0.5,14,42.75,51.25,0,0,0,ALL_EXPAND_INV1618_HOLD_VWAP_T423,27260.0,27176.25,83.75,1.2138,1.0,3.0
M26,2026-04-27,SHORT,1m_expand_break,expand_break,ALL,1,27479.9595,,,,-7.0,-0.497537,27435.0,27362.25,27398.625,72.75,4.23,27127.2675,27437.0,27401.0,18,09:47,27345.75,12,19,4,09:48,27346.25,13,25,5,09:54,27378.75,hold_exit_above_dvwap,above_dvwap,vwap,5m_hi_confirm_1m_close,6,-32.5,-33.0,0.5,7,47.75,35.75,0,0,0,ALL_EXPAND_INV1618_HOLD_VWAP_T423,27435.0,27350.0,85.0,1.1684,3.0,0.0
M26,2026-04-30,SHORT,1m_expand_break,expand_break,ALL,1,27584.3545,,,,-8.0,-0.401337,27491.5,27341.25,27416.375,150.25,4.23,26855.9425,27493.5,27373.0,6,09:35,27332.5,0,7,2,09:36,27333.5,1,16,4,09:45,27359.75,hold_exit_above_dvwap,above_dvwap,vwap,5m_hi_confirm_1m_close,9,-26.25,-26.75,0.5,10,62.5,39.5,0,0,0,ALL_EXPAND_INV1618_HOLD_VWAP_T423,27491.5,27341.25,150.25,1.0,0.0,0.0
M26,2026-05-07,SHORT,1m_expand_break,expand_break,ALL,1,28799.6275,,,,5.0,0.676927,28769.5,28720.75,28745.125,48.75,4.23,28563.2875,28771.5,28771.5,16,09:45,28712.5,10,17,4,09:46,28712.25,11,21,5,09:50,28750.75,hold_exit_above_dvwap,above_dvwap,vwap,5m_hi_confirm_1m_close,4,-38.5,-39.0,0.5,5,4.25,39.0,0,0,0,ALL_EXPAND_INV1618_HOLD_VWAP_T423,28781.25,28720.75,60.5,1.241,2.0,3.0
M26,2026-05-11,SHORT,1m_expand_break,expand_break,ALL,1,29529.4585,,,,8.0,0.559471,29434.75,29281.5,29358.125,153.25,4.23,28786.5025,29436.75,29343.75,62,10:31,29260.75,56,63,13,10:32,29260.0,57,68,14,10:37,29345.0,ratchet_stop,,vwap,5m_hi_confirm_1m_close,5,-85.0,-85.5,0.5,6,13.25,90.25,0,0,0,ALL_EXPAND_INV1618_HOLD_VWAP_T423,29434.75,29274.5,160.25,1.0457,1.0,0.0
M26,2026-05-13,SHORT,1m_expand_break,expand_break,ALL,1,29333.305,,,,-1.0,0.525645,29288.5,29216.0,29252.25,72.5,4.23,28981.825,29290.5,29290.5,6,09:35,29215.5,0,7,2,09:36,29214.5,1,12,3,09:41,29254.0,hold_exit_above_dvwap,above_dvwap,vwap,5m_hi_confirm_1m_close,5,-39.5,-40.0,0.5,6,34.0,43.0,0,0,0,ALL_EXPAND_INV1618_HOLD_VWAP_T423,29288.5,29216.0,72.5,1.0,0.0,0.0
M26,2026-05-15,SHORT,1m_expand_break,expand_break,ALL,1,29354.1905,,,,1.0,0.571939,29291.0,29188.75,29239.875,102.25,4.23,28858.4825,29293.0,29293.0,8,09:37,29166.75,2,9,2,09:38,29166.25,3,11,3,09:40,29240.0,hold_exit_above_dvwap,above_dvwap,vwap,5m_hi_confirm_1m_close,2,-73.75,-74.25,0.5,3,15.25,77.5,0,0,0,ALL_EXPAND_INV1618_HOLD_VWAP_T423,29291.0,29188.75,102.25,1.0,0.0,0.0
M26,2026-05-18,SHORT,1m_expand_break,expand_break,ALL,1,29405.69,,,,-5.0,-0.532795,29356.25,29276.25,29316.25,80.0,4.23,29017.85,29358.25,29282.75,7,09:36,29258.25,1,8,2,09:37,29257.75,2,25,5,09:54,29272.5,hold_exit_above_dvwap,above_dvwap,vwap,5m_hi_confirm_1m_close,17,-14.75,-15.25,0.5,18,122.75,29.25,1,0,0,ALL_EXPAND_INV1618_HOLD_VWAP_T423,29356.25,29271.25,85.0,1.0625,1.0,0.0
M26,2026-05-19,SHORT,1m_expand_break,expand_break,ALL,1,29090.9275,,,,4.0,-0.408276,28999.0,28850.25,28924.625,148.75,4.23,28369.7875,29001.0,28729.0,36,10:05,28836.5,30,37,8,10:06,28837.0,31,61,13,10:30,28739.5,ratchet_stop,,vwap,5m_hi_confirm_1m_close,24,97.5,97.0,0.5,25,174.0,33.25,0,0,0,ALL_EXPAND_INV1618_HOLD_VWAP_T423,29044.25,28850.25,194.0,1.3042,1.0,4.0
M26,2026-05-20,SHORT,1m_expand_break,expand_break,ALL,1,29207.03,,,,7.0,-0.009964,29154.5,29069.5,29112.0,85.0,4.23,28794.95,29156.5,29156.5,6,09:35,29066.75,0,7,2,09:36,29066.75,1,11,3,09:40,29117.0,hold_exit_above_dvwap,above_dvwap,vwap,5m_hi_confirm_1m_close,4,-50.25,-50.75,0.5,5,43.5,52.25,0,0,0,ALL_EXPAND_INV1618_HOLD_VWAP_T423,29154.5,29069.5,85.0,1.0,0.0,0.0
M26,2026-05-22,SHORT,1m_expand_break,expand_break,ALL,1,29723.567,,,,7.0,0.566821,29657.75,29551.25,29604.5,106.5,4.23,29207.255,29659.75,29559.0,54,10:23,29492.5,48,55,11,10:24,29492.75,49,61,13,10:30,29567.25,ratchet_stop,,vwap,5m_hi_confirm_1m_close,6,-74.5,-75.0,0.5,7,2.5,83.0,0,0,0,ALL_EXPAND_INV1618_HOLD_VWAP_T423,29676.75,29515.5,161.25,1.5141,4.0,5.0
M26,2026-05-26,SHORT,1m_expand_break,expand_break,ALL,1,29992.474,,,,-7.0,-0.72972,29935.0,29842.0,29888.5,93.0,4.23,29541.61,29937.0,29937.0,6,09:35,29840.5,0,7,2,09:36,29840.75,1,12,3,09:41,29903.5,hold_exit_above_dvwap,above_dvwap,vwap,5m_hi_confirm_1m_close,5,-62.75,-63.25,0.5,6,6.25,69.25,0,0,0,ALL_EXPAND_INV1618_HOLD_VWAP_T423,29935.0,29842.0,93.0,1.0,0.0,0.0
M26,2026-05-27,SHORT,1m_expand_break,expand_break,ALL,1,30232.9425,,,,-6.0,-0.012362,30192.0,30125.75,30158.875,66.25,4.23,29911.7625,30194.0,30068.75,6,09:35,30116.0,0,7,2,09:36,30116.5,1,23,5,09:52,30066.5,hold_exit_above_dvwap,above_dvwap,vwap,5m_hi_confirm_1m_close,16,50.0,49.5,0.5,17,179.5,14.75,1,1,0,ALL_EXPAND_INV1618_HOLD_VWAP_T423,30192.0,30125.75,66.25,1.0,0.0,0.0
M26,2026-05-28,SHORT,1m_expand_break,expand_break,ALL,1,30177.817,,,,-4.0,-0.895902,30112.0,30005.5,30058.75,106.5,4.23,29661.505,30114.0,29993.5,10,09:39,29981.75,4,11,3,09:40,29981.5,5,23,5,09:52,29995.5,ratchet_stop,,vwap,5m_hi_confirm_1m_close,12,-14.0,-14.5,0.5,13,61.25,15.25,0,0,0,ALL_EXPAND_INV1618_HOLD_VWAP_T423,30112.0,29984.75,127.25,1.1948,1.0,0.0
M26,2026-06-02,SHORT,1m_expand_break,expand_break,ALL,1,30630.0135,,,,-8.0,-0.277285,30567.75,30467.0,30517.375,100.75,4.23,30141.5775,30569.75,30569.75,6,09:35,30456.0,0,7,2,09:36,30457.25,1,14,3,09:43,30485.0,hold_exit_above_dvwap,above_dvwap,vwap,5m_hi_confirm_1m_close,7,-27.75,-28.25,0.5,8,33.5,30.0,0,0,0,ALL_EXPAND_INV1618_HOLD_VWAP_T423,30567.75,30467.0,100.75,1.0,0.0,0.0
M26,2026-06-03,SHORT,1m_expand_break,expand_break,ALL,1,30865.6875,,,,-6.0,-0.980843,30807.75,30714.0,30760.875,93.75,4.23,30411.1875,30809.75,30625.0,6,09:35,30680.0,0,7,2,09:36,30680.5,1,33,7,10:02,30631.25,ratchet_stop,,vwap,5m_hi_confirm_1m_close,26,49.25,48.75,0.5,27,184.5,57.0,1,0,0,ALL_EXPAND_INV1618_HOLD_VWAP_T423,30807.75,30714.0,93.75,1.0,0.0,0.0
M26,2026-06-04,SHORT,1m_expand_break,expand_break,ALL,1,30442.5875,,,,5.0,0.671927,30353.75,30210.0,30281.875,143.75,4.23,29745.6875,30355.75,30341.5,16,09:45,30199.0,10,17,4,09:46,30198.75,11,22,5,09:51,30291.0,hold_exit_above_dvwap,above_dvwap,vwap,5m_hi_confirm_1m_close,5,-92.25,-92.75,0.5,6,7.25,95.5,0,0,0,ALL_EXPAND_INV1618_HOLD_VWAP_T423,30364.5,30210.0,154.5,1.0748,1.0,0.0
M26,2026-06-05,SHORT,1m_expand_break,expand_break,ALL,1,30163.3815,,,,0.0,-0.042651,30100.5,29998.75,30049.625,101.75,4.23,29670.0975,30102.5,29829.75,9,09:38,29985.5,3,10,2,09:39,29985.5,4,41,9,10:10,29856.5,ratchet_stop,,vwap,5m_hi_confirm_1m_close,31,129.0,128.5,0.5,32,227.5,24.0,1,1,0,ALL_EXPAND_INV1618_HOLD_VWAP_T423,30100.5,29996.0,104.5,1.027,1.0,0.0
M26,2026-06-08,SHORT,1m_expand_break,expand_break,ALL,1,29690.296,,,,-7.0,-0.860368,29584.0,29412.0,29498.0,172.0,4.23,28856.44,29586.0,29432.0,28,09:57,29379.25,22,29,6,09:58,29378.5,23,42,9,10:11,29459.75,ratchet_stop,,vwap,5m_hi_confirm_1m_close,13,-81.25,-81.75,0.5,14,47.0,89.0,0,0,0,ALL_EXPAND_INV1618_HOLD_VWAP_T423,29584.0,29397.5,186.5,1.0843,1.0,0.0
M26,2026-06-12,SHORT,1m_expand_break,expand_break,ALL,1,29623.364,,,,-6.0,0.286895,29501.0,29303.0,29402.0,198.0,4.23,28663.46,29503.0,29455.5,13,09:42,29269.25,7,14,3,09:43,29265.5,8,23,5,09:52,29355.75,hold_exit_above_dvwap,above_dvwap,vwap,5m_hi_confirm_1m_close,9,-90.25,-90.75,0.5,10,35.5,90.5,0,0,0,ALL_EXPAND_INV1618_HOLD_VWAP_T423,29501.0,29303.0,198.0,1.0,0.0,0.0
U26,2026-06-17,SHORT,1m_expand_break,expand_break,ALL,1,30594.3395,,,,-6.0,0.161032,30527.75,30420.0,30473.875,107.75,4.23,30071.9675,30529.75,30529.75,9,09:38,30407.0,3,10,2,09:39,30408.25,4,12,3,09:41,30470.0,hold_exit_above_dvwap,above_dvwap,vwap,5m_hi_confirm_1m_close,2,-61.75,-62.25,0.5,3,10.0,71.25,0,0,0,ALL_EXPAND_INV1618_HOLD_VWAP_T423,30527.75,30420.0,107.75,1.0,0.0,0.0
U26,2026-06-18,SHORT,1m_expand_break,expand_break,ALL,1,30697.8485,,,,-8.0,-0.802222,30615.5,30482.25,30548.875,133.25,4.23,30051.8525,30617.5,30503.5,6,09:35,30469.0,0,7,2,09:36,30468.75,1,20,4,09:49,30497.0,hold_exit_above_dvwap,above_dvwap,vwap,5m_hi_confirm_1m_close,13,-28.25,-28.75,0.5,14,77.75,33.5,0,0,0,ALL_EXPAND_INV1618_HOLD_VWAP_T423,30615.5,30482.25,133.25,1.0,0.0,0.0
U26,2026-06-22,SHORT,1m_expand_break,expand_break,ALL,1,30995.0005,,,,-3.0,-0.437804,30904.0,30756.75,30830.375,147.25,4.23,30281.1325,30906.0,30656.0,58,10:27,30746.0,52,59,12,10:28,30745.5,53,91,19,11:00,30663.25,ratchet_stop,,vwap,5m_hi_confirm_1m_close,32,82.25,81.75,0.5,33,200.5,42.5,0,0,0,ALL_EXPAND_INV1618_HOLD_VWAP_T423,30968.0,30756.75,211.25,1.4346,4.0,5.0
U26,2026-06-24,SHORT,1m_expand_break,expand_break,ALL,1,29966.69,,,,6.0,0.638927,29840.0,29635.0,29737.5,205.0,4.23,28972.85,29842.0,29741.5,12,09:41,29629.75,6,13,3,09:42,29630.0,7,21,5,09:50,29721.25,hold_exit_above_dvwap,above_dvwap,vwap,5m_hi_confirm_1m_close,8,-91.25,-91.75,0.5,9,67.75,100.0,0,0,0,ALL_EXPAND_INV1618_HOLD_VWAP_T423,29841.5,29635.0,206.5,1.0073,1.0,0.0
U26,2026-06-25,SHORT,1m_expand_break,expand_break,ALL,1,30287.554,,,,-7.0,-0.333068,30193.0,30040.0,30116.5,153.0,4.23,29545.81,30195.0,30090.5,8,09:37,30029.75,2,9,2,09:38,30029.5,3,19,4,09:48,29545.81,target_4.23,,vwap,5m_hi_confirm_1m_close,10,483.69,483.19,0.5,11,499.25,6.25,1,1,1,ALL_EXPAND_INV1618_HOLD_VWAP_T423,30193.0,30040.0,153.0,1.0,0.0,0.0
U26,2026-06-29,SHORT,1m_expand_break,expand_break,ALL,1,29900.4205,,,,7.0,0.676306,29769.25,29557.0,29663.125,212.25,4.23,28871.4325,29771.25,29388.0,36,10:05,29505.25,30,37,8,10:06,29507.0,31,56,12,10:25,29448.5,ratchet_stop,,vwap,5m_hi_confirm_1m_close,19,58.5,58.0,0.5,20,233.25,48.0,0,0,0,ALL_EXPAND_INV1618_HOLD_VWAP_T423,29840.0,29531.75,308.25,1.4523,5.0,5.0
U26,2026-07-01,SHORT,1m_expand_break,expand_break,ALL,1,30355.9445,,,,-8.0,-0.690181,30260.0,30104.75,30182.375,155.25,4.23,29603.2925,30262.0,30262.0,6,09:35,30102.5,0,7,2,09:36,30102.5,1,12,3,09:41,30161.5,hold_exit_above_dvwap,above_dvwap,vwap,5m_hi_confirm_1m_close,5,-59.0,-59.5,0.5,6,8.0,81.75,0,0,0,ALL_EXPAND_INV1618_HOLD_VWAP_T423,30260.0,30104.75,155.25,1.0,0.0,0.0
U26,2026-07-07,SHORT,1m_expand_break,expand_break,ALL,1,29791.119,,,,-7.0,-0.793934,29685.75,29515.25,29600.5,170.5,4.23,28964.535,29687.75,29687.75,9,09:38,29502.75,3,10,2,09:39,29501.5,4,11,3,09:40,29586.5,hold_exit_above_dvwap,above_dvwap,vwap,5m_hi_confirm_1m_close,1,-85.0,-85.5,0.5,2,6.75,85.75,0,0,0,ALL_EXPAND_INV1618_HOLD_VWAP_T423,29685.75,29503.75,182.0,1.0674,1.0,0.0
U26,2026-07-08,SHORT,1m_expand_break,expand_break,ALL,1,29405.677,,,,7.0,0.052424,29327.5,29201.0,29264.25,126.5,4.23,28792.405,29329.5,29257.5,78,10:47,29184.25,72,79,16,10:48,29183.5,73,87,18,10:56,29257.5,ratchet_stop,,vwap,5m_hi_confirm_1m_close,8,-74.0,-74.5,0.5,9,32.5,114.0,0,0,0,ALL_EXPAND_INV1618_HOLD_VWAP_T423,29394.75,29201.0,193.75,1.5316,5.0,10.0
U26,2026-07-10,SHORT,1m_expand_break,expand_break,ALL,1,29988.4575,,,,7.0,0.196243,29921.25,29812.5,29866.875,108.75,4.23,29461.2375,29923.25,29923.25,11,09:40,29806.0,5,12,3,09:41,29807.0,6,16,4,09:45,29874.25,hold_exit_above_dvwap,above_dvwap,vwap,5m_hi_confirm_1m_close,4,-67.25,-67.75,0.5,5,7.75,81.25,0,0,0,ALL_EXPAND_INV1618_HOLD_VWAP_T423,29936.75,29812.5,124.25,1.1425,3.0,0.0
U26,2026-07-13,SHORT,1m_expand_break,expand_break,ALL,1,29802.449,,,,-7.0,-0.493283,29737.25,29631.75,29684.5,105.5,4.23,29290.985,29739.25,29600.75,8,09:37,29619.75,2,9,2,09:38,29620.25,3,29,6,09:58,29607.25,ratchet_stop,,vwap,5m_hi_confirm_1m_close,20,13.0,12.5,0.5,21,102.25,46.5,0,0,0,ALL_EXPAND_INV1618_HOLD_VWAP_T423,29737.25,29626.25,111.0,1.0521,1.0,0.0
U26,2026-07-14,SHORT,1m_expand_break,expand_break,ALL,1,29893.618,,,,-8.0,-0.274942,29815.75,29689.75,29752.75,126.0,4.23,29282.77,29817.75,29690.5,36,10:05,29670.0,30,37,8,10:06,29669.75,31,53,11,10:22,29708.5,ratchet_stop,,vwap,5m_hi_confirm_1m_close,16,-38.75,-39.25,0.5,17,102.25,45.25,0,0,0,ALL_EXPAND_INV1618_HOLD_VWAP_T423,29815.75,29685.0,130.75,1.0377,1.0,0.0
U26,2026-07-15,SHORT,1m_expand_break,expand_break,ALL,1,30017.67,,,,1.0,0.17024,29977.5,29912.5,29945.0,65.0,4.23,29702.55,29979.5,29801.75,8,09:37,29878.75,2,9,2,09:38,29879.0,3,31,7,10:00,29838.25,ratchet_stop,,vwap,5m_hi_confirm_1m_close,22,40.75,40.25,0.5,23,124.5,15.0,1,1,0,ALL_EXPAND_INV1618_HOLD_VWAP_T423,29977.5,29910.5,67.0,1.0308,1.0,0.0
U26,2026-07-16,SHORT,1m_expand_break,expand_break,ALL,1,29595.1905,,,,-6.0,-0.94826,29532.0,29429.75,29480.875,102.25,4.23,29099.4825,29534.0,29342.75,6,09:35,29417.25,0,7,2,09:36,29418.75,1,30,6,09:59,29347.5,ratchet_stop,,vwap,5m_hi_confirm_1m_close,23,71.25,70.75,0.5,24,163.25,52.25,1,0,0,ALL_EXPAND_INV1618_HOLD_VWAP_T423,29532.0,29429.75,102.25,1.0,0.0,0.0
U26,2026-07-17,SHORT,1m_expand_break,expand_break,ALL,1,28776.3825,,,,-6.0,-0.82075,28686.0,28539.75,28612.875,146.25,4.23,28067.3625,28688.0,28512.0,7,09:36,28523.25,1,8,2,09:37,28523.75,2,21,5,09:50,28520.75,ratchet_stop,,vwap,5m_hi_confirm_1m_close,13,3.0,2.5,0.5,14,115.5,14.25,0,0,0,ALL_EXPAND_INV1618_HOLD_VWAP_T423,28686.0,28530.75,155.25,1.0615,1.0,0.0
U26,2026-07-20,SHORT,1m_expand_break,expand_break,ALL,1,29206.966,,,,8.0,0.546112,29137.75,29025.75,29081.75,112.0,4.23,28663.99,29139.75,29005.5,28,09:57,28999.25,22,29,6,09:58,28999.25,23,57,12,10:26,29005.75,ratchet_stop,,vwap,5m_hi_confirm_1m_close,28,-6.5,-7.0,0.5,29,91.25,49.75,0,0,0,ALL_EXPAND_INV1618_HOLD_VWAP_T423,29160.75,29018.5,142.25,1.2701,5.0,7.0
U26,2026-07-21,SHORT,1m_expand_break,expand_break,ALL,1,29316.2385,,,,-7.0,-0.461546,29246.25,29133.0,29189.625,113.25,4.23,28767.2025,29248.25,29153.5,17,09:46,29114.75,11,18,4,09:47,29114.5,12,31,7,10:00,29170.0,ratchet_stop,,vwap,5m_hi_confirm_1m_close,13,-55.5,-56.0,0.5,14,22.0,74.0,0,0,0,ALL_EXPAND_INV1618_HOLD_VWAP_T423,29246.25,29126.0,120.25,1.0618,2.0,0.0
U26,2026-07-24,SHORT,1m_expand_break,expand_break,ALL,1,28673.0305,,,,6.0,0.883,28606.75,28499.5,28553.125,107.25,4.23,28153.0825,28608.75,28368.5,11,09:40,28492.0,5,12,3,09:41,28493.0,6,36,8,10:05,28373.25,ratchet_stop,,vwap,5m_hi_confirm_1m_close,24,119.75,119.25,0.5,25,188.75,18.75,1,0,0,ALL_EXPAND_INV1618_HOLD_VWAP_T423,28622.0,28499.5,122.5,1.1422,1.0,0.0
U26,2026-07-27,SHORT,1m_expand_break,expand_break,ALL,1,28695.3175,,,,-2.0,0.270207,28615.75,28487.0,28551.375,128.75,4.23,28071.1375,28617.75,28261.0,13,09:42,28458.25,7,14,3,09:43,28459.0,8,61,13,10:30,28071.1375,target_4.23,,vwap,5m_hi_confirm_1m_close,47,387.8625,387.3625,0.5,48,407.25,45.0,1,1,1,ALL_EXPAND_INV1618_HOLD_VWAP_T423,28615.75,28487.0,128.75,1.0,0.0,0.0
U26,2026-07-28,SHORT,1m_expand_break,expand_break,ALL,1,28066.6235,,,,-5.0,-0.525227,27992.0,27871.25,27931.625,120.75,4.23,27481.2275,27994.0,27720.5,7,09:36,27860.5,1,8,2,09:37,27861.0,2,36,8,10:05,27766.25,ratchet_stop,,vwap,5m_hi_confirm_1m_close,28,94.75,94.25,0.5,29,219.25,17.5,1,0,0,ALL_EXPAND_INV1618_HOLD_VWAP_T423,27992.0,27871.25,120.75,1.0,0.0,0.0
U26,2026-07-29,SHORT,1m_expand_break,expand_break,ALL,1,28074.7505,,,,6.0,0.579231,27983.75,27836.5,27910.125,147.25,4.23,27360.8825,27985.75,27752.75,21,09:50,27796.75,15,22,5,09:51,27796.25,16,36,8,10:05,27793.25,ratchet_stop,,vwap,5m_hi_confirm_1m_close,14,3.0,2.5,0.5,15,128.5,30.25,0,0,0,ALL_EXPAND_INV1618_HOLD_VWAP_T423,27996.0,27816.0,180.0,1.2224,3.0,0.0
U26,2026-07-31,SHORT,1m_expand_break,expand_break,ALL,1,28812.706,,,,4.0,0.023717,28709.5,28542.5,28626.0,167.0,4.23,28003.09,28711.5,28192.0,11,09:40,28537.25,5,12,3,09:41,28536.0,6,51,11,10:20,28224.0,ratchet_stop,,vwap,5m_hi_confirm_1m_close,39,312.0,311.5,0.5,40,456.25,42.25,1,1,0,ALL_EXPAND_INV1618_HOLD_VWAP_T423,28725.75,28542.5,183.25,1.0973,1.0,0.0
U26,2026-08-05,SHORT,1m_expand_break,expand_break,ALL,1,30061.2995,,,,7.0,0.889587,30013.25,29935.5,29974.375,77.75,4.23,29684.3675,30015.25,30015.25,7,09:36,29929.25,1,8,2,09:37,29930.5,2,9,2,09:38,29974.75,hold_exit_above_dvwap,above_dvwap,vwap,5m_hi_confirm_1m_close,1,-44.25,-44.75,0.5,2,20.25,69.5,0,0,0,ALL_EXPAND_INV1618_HOLD_VWAP_T423,30023.5,29935.5,88.0,1.1318,1.0,0.0
U26,2026-08-07,SHORT,1m_expand_break,expand_break,ALL,1,29894.9805,,,,6.0,0.659785,29813.25,29681.0,29747.125,132.25,4.23,29253.8325,29815.25,29684.75,28,09:57,29666.5,22,29,6,09:58,29666.25,23,49,10,10:18,29692.25,ratchet_stop,,vwap,5m_hi_confirm_1m_close,20,-26.0,-26.5,0.5,21,101.75,47.0,0,0,0,ALL_EXPAND_INV1618_HOLD_VWAP_T423,29820.0,29681.0,139.0,1.051,1.0,0.0
U26,2026-08-11,SHORT,1m_expand_break,expand_break,ALL,1,29914.188,,,,-8.0,-0.335205,29842.5,29726.5,29784.5,116.0,4.23,29351.82,29844.5,29844.5,6,09:35,29698.25,0,7,2,09:36,29697.25,1,12,3,09:41,29744.25,hold_exit_above_dvwap,above_dvwap,vwap,5m_hi_confirm_1m_close,5,-47.0,-47.5,0.5,6,18.25,58.5,0,0,0,ALL_EXPAND_INV1618_HOLD_VWAP_T423,29842.5,29726.5,116.0,1.0,0.0,0.0
U26,2026-08-12,SHORT,1m_expand_break,expand_break,ALL,1,30078.382,,,,-8.0,-0.443299,30001.75,29877.75,29939.75,124.0,4.23,29477.23,30003.75,29842.5,124,11:33,29826.0,118,125,25,11:34,29825.5,119,143,29,11:52,29847.75,ratchet_stop,,vwap,5m_hi_confirm_1m_close,18,-22.25,-22.75,0.5,19,7.0,32.75,0,0,0,ALL_EXPAND_INV1618_HOLD_VWAP_T423,30001.75,29828.25,173.5,1.3992,5.0,0.0
U26,2026-08-14,SHORT,1m_expand_break,expand_break,ALL,1,30308.8975,,,,-5.0,-0.843128,30269.5,30205.75,30237.625,63.75,4.23,29999.8375,30271.5,30271.5,6,09:35,30199.75,0,7,2,09:36,30200.5,1,13,3,09:42,30238.0,hold_exit_above_dvwap,above_dvwap,vwap,5m_hi_confirm_1m_close,6,-37.5,-38.0,0.5,7,30.75,39.75,0,0,0,ALL_EXPAND_INV1618_HOLD_VWAP_T423,30269.5,30205.75,63.75,1.0,0.0,0.0
U26,2026-08-17,SHORT,1m_expand_break,expand_break,ALL,1,30312.35,,,,-5.0,-0.817748,30266.0,30191.0,30228.5,75.0,4.23,29948.75,30268.0,30113.5,223,13:12,30149.0,217,224,45,13:13,30149.25,218,252,51,13:41,30114.0,ratchet_stop,,vwap,5m_hi_confirm_1m_close,28,35.25,34.75,0.5,29,62.75,1.25,0,0,0,ALL_EXPAND_INV1618_HOLD_VWAP_T423,30278.0,30152.25,125.75,1.6767,10.0,6.0
U26,2026-08-18,SHORT,1m_expand_break,expand_break,ALL,1,29831.882,,,,-1.0,0.164331,29755.25,29631.25,29693.25,124.0,4.23,29230.73,29757.25,29665.25,26,09:55,29614.0,20,27,6,09:56,29613.75,21,38,8,10:07,29666.25,ratchet_stop,,vwap,5m_hi_confirm_1m_close,11,-52.5,-53.0,0.5,12,5.75,92.0,0,0,0,ALL_EXPAND_INV1618_HOLD_VWAP_T423,29767.0,29631.25,135.75,1.0948,1.0,2.0
U26,2026-08-19,SHORT,1m_expand_break,expand_break,ALL,1,29800.9965,,,,-5.0,-0.435983,29742.75,29648.5,29695.625,94.25,4.23,29344.0725,29744.75,29462.0,7,09:36,29626.5,1,8,2,09:37,29627.25,2,60,12,10:29,29482.5,ratchet_stop,,vwap,5m_hi_confirm_1m_close,52,144.75,144.25,0.5,53,251.5,23.0,1,1,0,ALL_EXPAND_INV1618_HOLD_VWAP_T423,29742.75,29648.5,94.25,1.0,0.0,0.0
U26,2026-08-20,SHORT,1m_expand_break,expand_break,ALL,1,29492.8645,,,,2.0,-0.169914,29434.0,29338.75,29386.375,95.25,4.23,29031.0925,29436.0,29391.75,23,09:52,29322.5,17,24,5,09:53,29321.75,18,40,8,10:09,29391.5,hold_exit_above_dvwap,above_dvwap,vwap,5m_hi_confirm_1m_close,16,-69.75,-70.25,0.5,17,13.0,87.25,0,0,0,ALL_EXPAND_INV1618_HOLD_VWAP_T423,29460.0,29337.0,123.0,1.2913,6.0,5.0
U26,2026-08-21,SHORT,1m_expand_break,expand_break,ALL,1,29549.0785,,,,-8.0,-0.72187,29476.0,29357.75,29416.875,118.25,4.23,28975.8025,29478.0,29320.25,14,09:43,29314.5,8,15,3,09:44,29314.5,9,36,8,10:05,29320.75,ratchet_stop,,vwap,5m_hi_confirm_1m_close,21,-6.25,-6.75,0.5,22,58.75,44.75,0,0,0,ALL_EXPAND_INV1618_HOLD_VWAP_T423,29476.0,29319.0,157.0,1.3277,3.0,0.0
U26,2026-08-24,SHORT,1m_expand_break,expand_break,ALL,1,29341.7255,,,,-5.0,0.095868,29243.0,29083.25,29163.125,159.75,4.23,28567.2575,29245.0,29030.75,9,09:38,29075.5,3,10,2,09:39,29074.0,4,29,6,09:58,29033.0,ratchet_stop,,vwap,5m_hi_confirm_1m_close,19,41.0,40.5,0.5,20,127.25,18.0,0,0,0,ALL_EXPAND_INV1618_HOLD_VWAP_T423,29243.0,29083.25,159.75,1.0,0.0,0.0
U26,2026-08-25,SHORT,1m_expand_break,expand_break,ALL,1,29436.196,,,,9.0,0.584572,29376.25,29279.25,29327.75,97.0,4.23,28965.94,29378.25,29252.25,33,10:02,29272.75,27,34,7,10:03,29274.25,28,69,14,10:38,29253.75,ratchet_stop,,vwap,5m_hi_confirm_1m_close,35,20.5,20.0,0.5,36,136.25,15.0,0,0,0,ALL_EXPAND_INV1618_HOLD_VWAP_T423,29396.25,29275.0,121.25,1.25,4.0,3.0
H26,2025-12-17,SHORT,1m_expand_break,expand_break,ALL,1,25481.431,,,,-8.0,-0.564224,25447.75,25393.25,25420.5,54.5,4.23,25217.215,25449.75,25337.5,6,09:35,25379.25,0,7,2,09:36,25379.0,1,29,6,09:58,25338.5,ratchet_stop,,none,5m_hi_confirm_1m_close,0,40.5,40.0,0.5,23,133.5,1.75,1,1,0,ALL_EXPAND_INV1618_RATCHET_HI_T423,25447.75,25393.25,54.5,1.0,0.0,0.0
H26,2025-12-18,SHORT,1m_expand_break,expand_break,ALL,1,25374.7685,,,,-6.0,-0.772303,25329.5,25256.25,25292.875,73.25,4.23,25019.6525,25331.5,25227.5,6,09:35,25242.25,0,7,2,09:36,25241.75,1,23,5,09:52,25237.0,ratchet_stop,,none,5m_hi_confirm_1m_close,0,4.75,4.25,0.5,17,80.5,25.5,0,0,0,ALL_EXPAND_INV1618_RATCHET_HI_T423,25329.5,25256.25,73.25,1.0,0.0,0.0
H26,2025-12-22,SHORT,1m_expand_break,expand_break,ALL,1,25856.859,,,,-7.0,-0.506942,25794.75,25694.25,25744.5,100.5,4.23,25369.635,25796.75,25674.5,66,10:35,25660.25,60,67,14,10:36,25660.5,61,76,16,10:45,25676.25,ratchet_stop,,none,5m_hi_confirm_1m_close,0,-15.75,-16.25,0.5,10,32.5,20.5,0,0,0,ALL_EXPAND_INV1618_RATCHET_HI_T423,25794.75,25668.0,126.75,1.2612,3.0,0.0
H26,2025-12-23,SHORT,1m_expand_break,expand_break,ALL,1,25799.8,,,,2.0,-0.354881,25738.0,25638.0,25688.0,100.0,4.23,25315.0,25740.0,25660.0,34,10:03,25637.5,28,35,7,10:04,25637.5,29,47,10,10:16,25671.0,ratchet_stop,,none,5m_hi_confirm_1m_close,0,-33.5,-34.0,0.5,13,7.25,35.5,0,0,0,ALL_EXPAND_INV1618_RATCHET_HI_T423,25751.25,25638.0,113.25,1.1325,3.0,1.0
H26,2025-12-26,SHORT,1m_expand_break,expand_break,ALL,1,25939.737,,,,2.0,-0.027713,25911.0,25864.5,25887.75,46.5,4.23,25714.305,25913.0,25868.5,32,10:01,25850.75,26,33,7,10:02,25851.0,27,51,11,10:20,25879.5,ratchet_stop,,none,5m_hi_confirm_1m_close,0,-28.5,-29.0,0.5,19,16.75,30.5,0,0,0,ALL_EXPAND_INV1618_RATCHET_HI_T423,25935.25,25864.5,70.75,1.5215,4.0,2.0
H26,2025-12-30,SHORT,1m_expand_break,expand_break,ALL,1,25761.001,,,,3.0,-0.356949,25733.5,25689.0,25711.25,44.5,4.23,25545.265,25735.5,25725.5,16,09:45,25680.75,10,17,4,09:46,25680.5,11,20,4,09:49,25736.5,ratchet_stop,,none,5m_hi_confirm_1m_close,0,-56.0,-56.5,0.5,4,6.25,57.75,0,0,0,ALL_EXPAND_INV1618_RATCHET_HI_T423,25733.5,25681.75,51.75,1.1629,3.0,0.0
H26,2025-12-31,SHORT,1m_expand_break,expand_break,ALL,1,25717.338,,,,-2.0,-0.111601,25692.0,25651.0,25671.5,41.0,4.23,25518.57,25694.0,25568.25,7,09:36,25634.75,1,8,2,09:37,25635.25,2,106,22,11:15,25568.75,ratchet_stop,,none,5m_hi_confirm_1m_close,0,66.5,66.0,0.5,99,92.75,3.0,1,1,0,ALL_EXPAND_INV1618_RATCHET_HI_T423,25692.0,25651.0,41.0,1.0,0.0,0.0
H26,2026-01-02,SHORT,1m_expand_break,expand_break,ALL,1,25782.4765,,,,-3.0,-0.274003,25733.5,25654.25,25693.875,79.25,4.23,25398.2725,25735.5,25704.25,11,09:40,25645.0,5,12,3,09:41,25645.25,6,18,4,09:47,25757.75,ratchet_stop,,none,5m_hi_confirm_1m_close,0,-112.5,-113.0,0.5,7,7.0,115.25,0,0,0,ALL_EXPAND_INV1618_RATCHET_HI_T423,25733.5,25650.75,82.75,1.0442,2.0,0.0
H26,2026-01-05,SHORT,1m_expand_break,expand_break,ALL,1,25728.5835,,,,-7.0,-0.844601,25672.5,25581.75,25627.125,90.75,4.23,25288.6275,25674.5,25607.5,6,09:35,25573.25,0,7,2,09:36,25573.0,1,16,4,09:45,25624.25,ratchet_stop,,none,5m_hi_confirm_1m_close,0,-51.25,-51.75,0.5,10,34.5,57.75,0,0,0,ALL_EXPAND_INV1618_RATCHET_HI_T423,25672.5,25581.75,90.75,1.0,0.0,0.0
H26,2026-01-06,SHORT,1m_expand_break,expand_break,ALL,1,25703.501,,,,-4.0,-0.792122,25676.0,25631.5,25653.75,44.5,4.23,25487.765,25678.0,25677.75,11,09:40,25625.0,5,12,3,09:41,25624.75,6,16,4,09:45,25687.5,ratchet_stop,,none,5m_hi_confirm_1m_close,0,-62.75,-63.25,0.5,5,16.75,65.25,0,0,0,ALL_EXPAND_INV1618_RATCHET_HI_T423,25677.75,25627.0,50.75,1.1404,2.0,0.0
H26,2026-01-08,SHORT,1m_expand_break,expand_break,ALL,1,25871.289,,,,-8.0,-0.241331,25803.0,25692.5,25747.75,110.5,4.23,25335.585,25805.0,25658.5,9,09:38,25688.5,3,10,2,09:39,25688.25,4,39,8,10:08,25671.25,ratchet_stop,,none,5m_hi_confirm_1m_close,0,17.0,16.5,0.5,30,119.25,19.75,0,0,0,ALL_EXPAND_INV1618_RATCHET_HI_T423,25803.0,25692.5,110.5,1.0,0.0,0.0
H26,2026-01-14,SHORT,1m_expand_break,expand_break,ALL,1,25862.8145,,,,7.0,0.873807,25788.5,25668.25,25728.375,120.25,4.23,25279.8425,25790.5,25587.5,12,09:41,25662.5,6,13,3,09:42,25662.25,7,42,9,10:11,25613.0,ratchet_stop,,none,5m_hi_confirm_1m_close,0,49.25,48.75,0.5,30,131.75,12.25,0,0,0,ALL_EXPAND_INV1618_RATCHET_HI_T423,25790.25,25668.25,122.0,1.0146,1.0,0.0
H26,2026-01-15,SHORT,1m_expand_break,expand_break,ALL,1,25986.42,,,,-5.0,-0.511924,25946.25,25881.25,25913.75,65.0,4.23,25671.3,25948.25,25895.75,6,09:35,25881.0,0,7,2,09:36,25881.0,1,16,4,09:45,25906.5,ratchet_stop,,none,5m_hi_confirm_1m_close,0,-25.5,-26.0,0.5,10,27.5,71.75,0,0,0,ALL_EXPAND_INV1618_RATCHET_HI_T423,25946.25,25881.25,65.0,1.0,0.0,0.0
H26,2026-01-16,SHORT,1m_expand_break,expand_break,ALL,1,25925.7625,,,,-1.0,-0.131119,25891.0,25834.75,25862.875,56.25,4.23,25653.0625,25893.0,25729.25,15,09:44,25820.5,9,16,4,09:45,25820.75,10,64,13,10:33,25653.0625,target_4.23,,none,5m_hi_confirm_1m_close,0,167.6875,167.1875,0.5,49,168.0,23.25,1,1,1,ALL_EXPAND_INV1618_RATCHET_HI_T423,25891.0,25832.75,58.25,1.0356,1.0,0.0
H26,2026-01-21,SHORT,1m_expand_break,expand_break,ALL,1,25268.364,,,,-6.0,-0.259412,25223.25,25150.25,25186.75,73.0,4.23,24914.46,25225.25,25219.75,11,09:40,25135.0,5,12,3,09:41,25134.75,6,18,4,09:47,25234.75,ratchet_stop,,none,5m_hi_confirm_1m_close,0,-100.0,-100.5,0.5,7,7.25,103.25,0,0,0,ALL_EXPAND_INV1618_RATCHET_HI_T423,25223.25,25141.75,81.5,1.1164,2.0,0.0
H26,2026-01-22,SHORT,1m_expand_break,expand_break,ALL,1,25773.156,,,,-9.0,-0.333606,25731.75,25664.75,25698.25,67.0,4.23,25448.34,25733.75,25569.25,6,09:35,25651.75,0,7,2,09:36,25652.75,1,46,10,10:15,25577.0,ratchet_stop,,none,5m_hi_confirm_1m_close,0,75.75,75.25,0.5,40,116.0,42.25,1,0,0,ALL_EXPAND_INV1618_RATCHET_HI_T423,25731.75,25664.75,67.0,1.0,0.0,0.0
H26,2026-01-23,SHORT,1m_expand_break,expand_break,ALL,1,25694.0605,,,,-5.0,-0.802518,25652.5,25585.25,25618.875,67.25,4.23,25368.0325,25654.5,25623.5,8,09:37,25570.0,2,9,2,09:38,25571.5,3,16,4,09:45,25626.75,ratchet_stop,,none,5m_hi_confirm_1m_close,0,-55.25,-55.75,0.5,8,7.5,68.5,0,0,0,ALL_EXPAND_INV1618_RATCHET_HI_T423,25652.5,25579.75,72.75,1.0818,1.0,0.0
H26,2026-01-27,SHORT,1m_expand_break,expand_break,ALL,1,26048.035,,,,-6.0,-0.793903,26012.5,25955.0,25983.75,57.5,4.23,25769.275,26014.5,25972.25,6,09:35,25951.0,0,7,2,09:36,25951.75,1,16,4,09:45,25974.0,ratchet_stop,,none,5m_hi_confirm_1m_close,0,-22.25,-22.75,0.5,10,34.5,32.0,0,0,0,ALL_EXPAND_INV1618_RATCHET_HI_T423,26012.5,25955.0,57.5,1.0,0.0,0.0
H26,2026-01-28,SHORT,1m_expand_break,expand_break,ALL,1,26323.844,,,,-3.0,0.30085,26288.0,26230.0,26259.0,58.0,4.23,26042.66,26290.0,26257.0,7,09:36,26224.5,1,8,2,09:37,26224.75,2,16,4,09:45,26291.75,ratchet_stop,,none,5m_hi_confirm_1m_close,0,-67.0,-67.5,0.5,9,8.75,76.25,0,0,0,ALL_EXPAND_INV1618_RATCHET_HI_T423,26288.0,26230.0,58.0,1.0,0.0,0.0
H26,2026-01-29,SHORT,1m_expand_break,expand_break,ALL,1,26231.547,,,,-6.0,-0.65788,26175.0,26083.5,26129.25,91.5,4.23,25787.955,26177.0,25988.25,6,09:35,26062.5,0,7,2,09:36,26064.0,1,32,7,10:01,25787.955,target_4.23,,none,5m_hi_confirm_1m_close,0,276.045,275.545,0.5,26,279.5,4.5,1,1,1,ALL_EXPAND_INV1618_RATCHET_HI_T423,26175.0,26083.5,91.5,1.0,0.0,0.0
H26,2026-01-30,SHORT,1m_expand_break,expand_break,ALL,1,25982.9855,,,,7.0,0.277932,25918.25,25813.5,25865.875,104.75,4.23,25475.1575,25920.25,25862.5,60,10:29,25794.0,54,61,13,10:30,25794.0,55,66,14,10:35,25882.5,ratchet_stop,,none,5m_hi_confirm_1m_close,0,-88.5,-89.0,0.5,6,23.25,88.75,0,0,0,ALL_EXPAND_INV1618_RATCHET_HI_T423,25933.0,25806.25,126.75,1.21,2.0,2.0
H26,2026-02-03,SHORT,1m_expand_break,expand_break,ALL,1,26022.393,,,,-5.0,-0.029144,25952.25,25838.75,25895.5,113.5,4.23,25472.145,25954.25,25594.0,12,09:41,25806.0,6,13,3,09:42,25807.0,7,56,12,10:25,25472.145,target_4.23,,none,5m_hi_confirm_1m_close,0,334.855,334.355,0.5,44,336.75,8.5,1,1,1,ALL_EXPAND_INV1618_RATCHET_HI_T423,25952.25,25810.0,142.25,1.2533,3.0,0.0
H26,2026-02-04,SHORT,1m_expand_break,expand_break,ALL,1,25483.6215,,,,-3.0,0.513147,25386.75,25230.0,25308.375,156.75,4.23,24723.6975,25388.75,25194.25,29,09:58,25193.75,23,30,6,09:59,25193.5,24,41,9,10:10,25215.0,ratchet_stop,,none,5m_hi_confirm_1m_close,0,-21.5,-22.0,0.5,12,85.5,60.0,0,0,0,ALL_EXPAND_INV1618_RATCHET_HI_T423,25390.0,25224.75,165.25,1.0542,2.0,0.0
H26,2026-02-10,SHORT,1m_expand_break,expand_break,ALL,1,25449.552,,,,-4.0,-0.452235,25410.0,25346.0,25378.0,64.0,4.23,25139.28,25412.0,25334.5,7,09:36,25335.0,1,8,2,09:37,25336.0,2,24,5,09:53,25346.0,ratchet_stop,,none,5m_hi_confirm_1m_close,0,-10.0,-10.5,0.5,17,80.25,17.5,0,0,0,ALL_EXPAND_INV1618_RATCHET_HI_T423,25410.0,25346.0,64.0,1.0,0.0,0.0
H26,2026-02-11,SHORT,1m_expand_break,expand_break,ALL,1,25526.5865,,,,-6.0,-0.813482,25465.25,25366.0,25415.625,99.25,4.23,25045.4225,25467.25,25416.5,7,09:36,25360.75,1,8,2,09:37,25362.0,2,16,4,09:45,25425.75,ratchet_stop,,none,5m_hi_confirm_1m_close,0,-63.75,-64.25,0.5,9,22.75,64.25,0,0,0,ALL_EXPAND_INV1618_RATCHET_HI_T423,25465.25,25361.75,103.5,1.0428,1.0,0.0
H26,2026-02-12,SHORT,1m_expand_break,expand_break,ALL,1,25413.0575,,,,4.0,0.234767,25376.75,25318.0,25347.375,58.75,4.23,25128.2375,25378.75,25241.5,15,09:44,25308.25,9,16,4,09:45,25309.0,10,47,10,10:16,25245.75,ratchet_stop,,none,5m_hi_confirm_1m_close,0,63.25,62.75,0.5,32,139.25,14.75,1,1,0,ALL_EXPAND_INV1618_RATCHET_HI_T423,25392.5,25318.0,74.5,1.2681,1.0,0.0
H26,2026-02-13,SHORT,1m_expand_break,expand_break,ALL,1,24869.893,,,,-4.0,-0.673237,24799.75,24686.25,24743.0,113.5,4.23,24319.645,24801.75,24738.0,8,09:37,24679.25,2,9,2,09:38,24680.0,3,16,4,09:45,24802.0,ratchet_stop,,none,5m_hi_confirm_1m_close,0,-122.0,-122.5,0.5,8,101.25,124.5,0,0,0,ALL_EXPAND_INV1618_RATCHET_HI_T423,24799.75,24685.75,114.0,1.0044,1.0,0.0
H26,2026-02-17,SHORT,1m_expand_break,expand_break,ALL,1,24861.394,,,,7.0,0.843438,24763.75,24605.75,24684.75,158.0,4.23,24095.41,24765.75,24549.25,21,09:50,24584.75,15,22,5,09:51,24584.25,16,36,8,10:05,24554.0,ratchet_stop,,none,5m_hi_confirm_1m_close,0,30.25,29.75,0.5,15,122.0,12.5,0,0,0,ALL_EXPAND_INV1618_RATCHET_HI_T423,24795.5,24605.75,189.75,1.2009,1.0,7.0
H26,2026-02-19,SHORT,1m_expand_break,expand_break,ALL,1,24926.451,,,,-4.0,0.016707,24883.5,24814.0,24848.75,69.5,4.23,24589.515,24885.5,24838.0,6,09:35,24806.5,0,7,2,09:36,24806.0,1,19,4,09:48,24838.75,ratchet_stop,,none,5m_hi_confirm_1m_close,0,-32.75,-33.25,0.5,13,43.0,51.5,0,0,0,ALL_EXPAND_INV1618_RATCHET_HI_T423,24883.5,24814.0,69.5,1.0,0.0,0.0
H26,2026-02-23,SHORT,1m_expand_break,expand_break,ALL,1,25082.951,,,,0.0,-0.424021,25040.0,24970.5,25005.25,69.5,4.23,24746.015,25042.0,24923.25,11,09:40,24929.0,5,12,3,09:41,24929.0,6,32,7,10:01,24923.75,ratchet_stop,,none,5m_hi_confirm_1m_close,0,5.25,4.75,0.5,21,71.25,36.25,1,0,0,ALL_EXPAND_INV1618_RATCHET_HI_T423,25040.0,24965.0,75.0,1.0791,2.0,0.0
H26,2026-02-26,SHORT,1m_expand_break,expand_break,ALL,1,25395.148,,,,-7.0,-0.21623,25342.0,25256.0,25299.0,86.0,4.23,24978.22,25344.0,25178.0,7,09:36,25234.0,1,8,2,09:37,25234.0,2,49,10,10:18,24978.22,target_4.23,,none,5m_hi_confirm_1m_close,0,255.78,255.28,0.5,42,269.0,61.75,1,1,1,ALL_EXPAND_INV1618_RATCHET_HI_T423,25342.0,25256.0,86.0,1.0,0.0,0.0
H26,2026-02-27,SHORT,1m_expand_break,expand_break,ALL,1,24965.5865,,,,5.0,0.087199,24904.25,24805.0,24854.625,99.25,4.23,24484.4225,24906.25,24906.25,14,09:43,24798.5,8,15,3,09:44,24798.75,9,19,4,09:48,24923.25,init_stop,,none,5m_hi_confirm_1m_close,0,-124.5,-125.0,0.5,5,2.5,129.25,0,0,0,ALL_EXPAND_INV1618_RATCHET_HI_T423,24909.0,24805.0,104.0,1.0479,1.0,0.0
H26,2026-03-03,SHORT,1m_expand_break,expand_break,ALL,1,24696.0615,,,,-4.0,-0.275975,24627.0,24515.25,24571.125,111.75,4.23,24154.2975,24629.0,24402.25,20,09:49,24502.25,14,21,5,09:50,24502.0,15,66,14,10:35,24411.25,ratchet_stop,,none,5m_hi_confirm_1m_close,0,90.75,90.25,0.5,46,150.0,67.75,0,0,0,ALL_EXPAND_INV1618_RATCHET_HI_T423,24661.25,24502.5,158.75,1.4206,2.0,2.0
H26,2026-03-06,SHORT,1m_expand_break,expand_break,ALL,1,24781.322,,,,6.0,0.487005,24732.5,24653.5,24693.0,79.0,4.23,24398.33,24734.5,24716.25,6,09:35,24650.25,0,7,2,09:36,24651.5,1,22,5,09:51,24723.0,ratchet_stop,,none,5m_hi_confirm_1m_close,0,-71.5,-72.0,0.5,16,42.75,91.0,0,0,0,ALL_EXPAND_INV1618_RATCHET_HI_T423,24732.5,24653.5,79.0,1.0,0.0,0.0
H26,2026-03-09,SHORT,1m_expand_break,expand_break,ALL,1,24587.8225,,,,0.0,-0.622601,24525.25,24424.0,24474.625,101.25,4.23,24096.9625,24527.25,24385.25,8,09:37,24413.25,2,9,2,09:38,24412.25,3,33,7,10:02,24399.5,ratchet_stop,,none,5m_hi_confirm_1m_close,0,12.75,12.25,0.5,25,99.25,15.0,0,0,0,ALL_EXPAND_INV1618_RATCHET_HI_T423,24525.25,24424.0,101.25,1.0,0.0,0.0
H26,2026-03-10,SHORT,1m_expand_break,expand_break,ALL,1,25138.1425,,,,0.0,-0.767934,25081.75,24990.5,25036.125,91.25,4.23,24695.7625,25083.75,25037.75,13,09:42,24980.25,7,14,3,09:43,24980.25,8,17,4,09:46,25049.0,ratchet_stop,,none,5m_hi_confirm_1m_close,0,-68.75,-69.25,0.5,4,20.75,70.75,0,0,0,ALL_EXPAND_INV1618_RATCHET_HI_T423,25081.75,24982.5,99.25,1.0877,1.0,0.0
H26,2026-03-11,SHORT,1m_expand_break,expand_break,ALL,1,25139.5155,,,,-2.0,-0.346548,25099.5,25034.75,25067.125,64.75,4.23,24825.6075,25101.5,25097.25,21,09:50,25028.75,15,22,5,09:51,25029.0,16,29,6,09:58,25100.0,ratchet_stop,,none,5m_hi_confirm_1m_close,0,-71.0,-71.5,0.5,8,13.75,79.25,0,0,0,ALL_EXPAND_INV1618_RATCHET_HI_T423,25115.5,25034.75,80.75,1.2471,5.0,2.0
H26,2026-03-12,SHORT,1m_expand_break,expand_break,ALL,1,24884.2295,,,,7.0,0.572308,24830.0,24742.25,24786.125,87.75,4.23,24458.8175,24832.0,24678.25,16,09:45,24729.5,10,17,4,09:46,24729.25,11,36,8,10:05,24713.75,ratchet_stop,,none,5m_hi_confirm_1m_close,0,15.5,15.0,0.5,20,98.75,38.0,0,0,0,ALL_EXPAND_INV1618_RATCHET_HI_T423,24834.5,24742.25,92.25,1.0513,1.0,0.0
H26,2026-03-13,SHORT,1m_expand_break,expand_break,ALL,1,24741.42,,,,0.0,-0.708376,24701.25,24636.25,24668.75,65.0,4.23,24426.3,24703.25,24703.25,6,09:35,24633.25,0,7,2,09:36,24633.5,1,13,3,09:42,24726.5,init_stop,,none,5m_hi_confirm_1m_close,0,-93.0,-93.5,0.5,7,22.5,95.75,0,0,0,ALL_EXPAND_INV1618_RATCHET_HI_T423,24701.25,24636.25,65.0,1.0,0.0,0.0
M26,2026-03-17,SHORT,1m_expand_break,expand_break,ALL,1,25139.9575,,,,7.0,0.650859,25072.75,24964.0,25018.375,108.75,4.23,24612.7375,25074.75,24998.0,127,11:36,24954.75,121,128,26,11:37,24955.25,122,141,29,11:50,25001.0,ratchet_stop,,none,5m_hi_confirm_1m_close,0,-45.75,-46.25,0.5,14,4.0,57.5,0,0,0,ALL_EXPAND_INV1618_RATCHET_HI_T423,25093.75,24964.0,129.75,1.1931,3.0,18.0
M26,2026-03-19,SHORT,1m_expand_break,expand_break,ALL,1,24490.8955,,,,-4.0,0.273538,24429.25,24329.5,24379.375,99.75,4.23,24007.3075,24431.25,24431.25,6,09:35,24329.25,0,7,2,09:36,24329.75,1,12,3,09:41,24446.75,init_stop,,none,5m_hi_confirm_1m_close,0,-117.0,-117.5,0.5,6,3.0,120.25,0,0,0,ALL_EXPAND_INV1618_RATCHET_HI_T423,24429.25,24329.5,99.75,1.0,0.0,0.0
M26,2026-03-20,SHORT,1m_expand_break,expand_break,ALL,1,24557.685,,,,-5.0,0.022098,24491.25,24383.75,24437.5,107.5,4.23,24036.525,24493.25,24292.0,21,09:50,24362.25,15,22,5,09:51,24361.5,16,61,13,10:30,24295.5,ratchet_stop,,none,5m_hi_confirm_1m_close,0,66.0,65.5,0.5,40,121.0,9.75,0,0,0,ALL_EXPAND_INV1618_RATCHET_HI_T423,24491.25,24380.0,111.25,1.0349,1.0,0.0
M26,2026-03-24,SHORT,1m_expand_break,expand_break,ALL,1,24373.429,,,,6.0,0.409724,24317.5,24227.0,24272.25,90.5,4.23,23934.685,24319.5,24212.25,10,09:39,24209.25,4,11,3,09:40,24209.25,5,30,6,09:59,24215.75,ratchet_stop,,none,5m_hi_confirm_1m_close,0,-6.5,-7.0,0.5,20,75.25,19.5,0,0,0,ALL_EXPAND_INV1618_RATCHET_HI_T423,24317.5,24227.0,90.5,1.0,0.0,0.0
M26,2026-03-26,SHORT,1m_expand_break,expand_break,ALL,1,24198.1195,,,,1.0,0.827021,24156.25,24088.5,24122.375,67.75,4.23,23869.6675,24158.25,24128.0,10,09:39,24068.5,4,11,3,09:40,24069.5,5,16,4,09:45,24172.25,ratchet_stop,,none,5m_hi_confirm_1m_close,0,-102.75,-103.25,0.5,6,3.25,123.25,0,0,0,ALL_EXPAND_INV1618_RATCHET_HI_T423,24156.25,24086.5,69.75,1.0295,1.0,0.0
M26,2026-03-27,SHORT,1m_expand_break,expand_break,ALL,1,23730.2805,,,,-7.0,-0.385654,23664.0,23556.75,23610.375,107.25,4.23,23210.3325,23666.0,23613.0,6,09:35,23554.25,0,7,2,09:36,23554.0,1,16,4,09:45,23619.5,ratchet_stop,,none,5m_hi_confirm_1m_close,0,-65.5,-66.0,0.5,10,22.0,76.0,0,0,0,ALL_EXPAND_INV1618_RATCHET_HI_T423,23664.0,23556.75,107.25,1.0,0.0,0.0
M26,2026-03-30,SHORT,1m_expand_break,expand_break,ALL,1,23588.1535,,,,-6.0,-0.714987,23538.25,23457.5,23497.875,80.75,4.23,23196.6775,23540.25,23340.75,6,09:35,23443.75,0,7,2,09:36,23444.25,1,42,9,10:11,23355.25,ratchet_stop,,none,5m_hi_confirm_1m_close,0,89.0,88.5,0.5,36,151.5,5.0,1,0,0,ALL_EXPAND_INV1618_RATCHET_HI_T423,23538.25,23457.5,80.75,1.0,0.0,0.0
M26,2026-04-02,SHORT,1m_expand_break,expand_break,ALL,1,23853.358,,,,-1.0,-0.674805,23818.75,23762.75,23790.75,56.0,4.23,23581.87,23820.75,23740.0,6,09:35,23734.75,0,7,2,09:36,23734.25,1,21,5,09:50,23784.25,ratchet_stop,,none,5m_hi_confirm_1m_close,0,-50.0,-50.5,0.5,15,56.25,58.0,0,0,0,ALL_EXPAND_INV1618_RATCHET_HI_T423,23818.75,23762.75,56.0,1.0,0.0,0.0
M26,2026-04-06,SHORT,1m_expand_break,expand_break,ALL,1,24436.2215,,,,7.0,0.139547,24370.25,24263.5,24316.875,106.75,4.23,23918.6975,24372.25,24347.75,7,09:36,24255.0,1,8,2,09:37,24253.0,2,21,5,09:50,24380.5,ratchet_stop,,none,5m_hi_confirm_1m_close,0,-127.5,-128.0,0.5,14,7.25,130.75,0,0,0,ALL_EXPAND_INV1618_RATCHET_HI_T423,24373.75,24263.5,110.25,1.0328,1.0,0.0
M26,2026-04-07,SHORT,1m_expand_break,expand_break,ALL,1,24375.98,,,,-7.0,-0.380328,24308.0,24198.0,24253.0,110.0,4.23,23842.7,24310.0,24044.0,18,09:47,24159.75,12,19,4,09:48,24160.75,13,51,11,10:20,24067.25,ratchet_stop,,none,5m_hi_confirm_1m_close,0,93.5,93.0,0.5,33,166.75,47.0,1,0,0,ALL_EXPAND_INV1618_RATCHET_HI_T423,24308.0,24177.0,131.0,1.1909,3.0,0.0
M26,2026-04-08,SHORT,1m_expand_break,expand_break,ALL,1,25322.2105,,,,-3.0,0.184367,25249.75,25132.5,25191.125,117.25,4.23,24753.7825,25251.75,25006.25,10,09:39,25123.25,4,11,3,09:40,25122.75,5,96,20,11:05,25026.5,ratchet_stop,,none,5m_hi_confirm_1m_close,0,96.25,95.75,0.5,86,196.25,38.5,1,0,0,ALL_EXPAND_INV1618_RATCHET_HI_T423,25249.75,25125.25,124.5,1.0618,1.0,0.0
M26,2026-04-09,SHORT,1m_expand_break,expand_break,ALL,1,25155.721,,,,-7.0,-0.667477,25103.5,25019.0,25061.25,84.5,4.23,24746.065,25105.5,24989.25,46,10:15,24996.0,40,47,10,10:16,24995.75,41,74,15,10:43,24990.5,ratchet_stop,,none,5m_hi_confirm_1m_close,0,5.25,4.75,0.5,28,35.25,12.25,0,0,0,ALL_EXPAND_INV1618_RATCHET_HI_T423,25111.5,25001.0,110.5,1.3077,7.0,0.0
M26,2026-04-10,SHORT,1m_expand_break,expand_break,ALL,1,25406.33,,,,-1.0,-0.712675,25369.25,25309.25,25339.25,60.0,4.23,25115.45,25371.25,25336.75,10,09:39,25308.0,4,11,3,09:40,25307.5,5,25,5,09:54,25340.75,ratchet_stop,,none,5m_hi_confirm_1m_close,0,-33.25,-33.75,0.5,15,17.0,47.5,0,0,0,ALL_EXPAND_INV1618_RATCHET_HI_T423,25369.25,25309.25,60.0,1.0,0.0,0.0
M26,2026-04-13,SHORT,1m_expand_break,expand_break,ALL,1,25264.0515,,,,4.0,-0.030149,25238.25,25196.5,25217.375,41.75,4.23,25061.6475,25240.25,25221.25,7,09:36,25182.0,1,8,2,09:37,25182.25,2,20,4,09:49,25271.0,ratchet_stop,,none,5m_hi_confirm_1m_close,0,-88.75,-89.25,0.5,13,22.25,96.5,0,0,0,ALL_EXPAND_INV1618_RATCHET_HI_T423,25238.25,25196.5,41.75,1.0,0.0,0.0
M26,2026-04-15,SHORT,1m_expand_break,expand_break,ALL,1,26068.4645,,,,-1.0,-0.183802,26040.5,25995.25,26017.875,45.25,4.23,25849.0925,26042.5,26042.5,15,09:44,25989.0,9,16,4,09:45,25990.0,10,18,4,09:47,26047.0,init_stop,,none,5m_hi_confirm_1m_close,0,-57.0,-57.5,0.5,3,0.0,57.0,0,0,0,ALL_EXPAND_INV1618_RATCHET_HI_T423,26049.5,25995.25,54.25,1.1989,1.0,4.0
M26,2026-04-16,SHORT,1m_expand_break,expand_break,ALL,1,26506.089,,,,-3.0,0.318792,26453.25,26367.75,26410.5,85.5,4.23,26091.585,26455.25,26327.0,7,09:36,26364.25,1,8,2,09:37,26365.25,2,36,8,10:05,26337.0,ratchet_stop,,none,5m_hi_confirm_1m_close,0,28.25,27.75,0.5,29,89.75,43.5,0,0,0,ALL_EXPAND_INV1618_RATCHET_HI_T423,26453.25,26367.75,85.5,1.0,0.0,0.0
M26,2026-04-20,SHORT,1m_expand_break,expand_break,ALL,1,26877.0355,,,,6.0,0.571968,26827.75,26748.0,26787.875,79.75,4.23,26490.4075,26829.75,26764.75,10,09:39,26747.5,4,11,3,09:40,26747.75,5,23,5,09:52,26768.0,ratchet_stop,,none,5m_hi_confirm_1m_close,0,-20.25,-20.75,0.5,13,32.0,25.25,0,0,0,ALL_EXPAND_INV1618_RATCHET_HI_T423,26827.75,26748.0,79.75,1.0,0.0,0.0
M26,2026-04-24,SHORT,1m_expand_break,expand_break,ALL,1,27287.892,,,,4.0,0.607756,27245.25,27176.25,27210.75,69.0,4.23,26953.38,27247.25,27200.0,25,09:54,27173.25,19,26,6,09:55,27173.0,20,39,8,10:08,27209.25,ratchet_stop,,none,5m_hi_confirm_1m_close,0,-36.25,-36.75,0.5,14,42.75,51.25,0,0,0,ALL_EXPAND_INV1618_RATCHET_HI_T423,27260.0,27176.25,83.75,1.2138,1.0,3.0
M26,2026-04-27,SHORT,1m_expand_break,expand_break,ALL,1,27479.9595,,,,-7.0,-0.497537,27435.0,27362.25,27398.625,72.75,4.23,27127.2675,27437.0,27388.25,18,09:47,27345.75,12,19,4,09:48,27346.25,13,28,6,09:57,27394.25,ratchet_stop,,none,5m_hi_confirm_1m_close,0,-48.0,-48.5,0.5,10,47.75,52.5,0,0,0,ALL_EXPAND_INV1618_RATCHET_HI_T423,27435.0,27350.0,85.0,1.1684,3.0,0.0
M26,2026-04-30,SHORT,1m_expand_break,expand_break,ALL,1,27584.3545,,,,-8.0,-0.401337,27491.5,27341.25,27416.375,150.25,4.23,26855.9425,27493.5,27265.25,6,09:35,27332.5,0,7,2,09:36,27333.5,1,36,8,10:05,27277.0,ratchet_stop,,none,5m_hi_confirm_1m_close,0,56.5,56.0,0.5,30,130.5,39.5,0,0,0,ALL_EXPAND_INV1618_RATCHET_HI_T423,27491.5,27341.25,150.25,1.0,0.0,0.0
M26,2026-05-07,SHORT,1m_expand_break,expand_break,ALL,1,28799.6275,,,,5.0,0.676927,28769.5,28720.75,28745.125,48.75,4.23,28563.2875,28771.5,28771.5,16,09:45,28712.5,10,17,4,09:46,28712.25,11,25,5,09:54,28785.75,init_stop,,none,5m_hi_confirm_1m_close,0,-73.5,-74.0,0.5,9,4.25,76.5,0,0,0,ALL_EXPAND_INV1618_RATCHET_HI_T423,28781.25,28720.75,60.5,1.241,2.0,3.0
M26,2026-05-11,SHORT,1m_expand_break,expand_break,ALL,1,29529.4585,,,,8.0,0.559471,29434.75,29281.5,29358.125,153.25,4.23,28786.5025,29436.75,29343.75,62,10:31,29260.75,56,63,13,10:32,29260.0,57,68,14,10:37,29345.0,ratchet_stop,,none,5m_hi_confirm_1m_close,0,-85.0,-85.5,0.5,6,13.25,90.25,0,0,0,ALL_EXPAND_INV1618_RATCHET_HI_T423,29434.75,29274.5,160.25,1.0457,1.0,0.0
M26,2026-05-13,SHORT,1m_expand_break,expand_break,ALL,1,29333.305,,,,-1.0,0.525645,29288.5,29216.0,29252.25,72.5,4.23,28981.825,29290.5,29184.75,6,09:35,29215.5,0,7,2,09:36,29214.5,1,52,11,10:21,29204.75,ratchet_stop,,none,5m_hi_confirm_1m_close,0,9.75,9.25,0.5,46,139.5,50.5,1,0,0,ALL_EXPAND_INV1618_RATCHET_HI_T423,29288.5,29216.0,72.5,1.0,0.0,0.0
M26,2026-05-15,SHORT,1m_expand_break,expand_break,ALL,1,29354.1905,,,,1.0,0.571939,29291.0,29188.75,29239.875,102.25,4.23,28858.4825,29293.0,29243.75,8,09:37,29166.75,2,9,2,09:38,29166.25,3,25,5,09:54,29262.25,ratchet_stop,,none,5m_hi_confirm_1m_close,0,-96.0,-96.5,0.5,17,76.5,107.5,0,0,0,ALL_EXPAND_INV1618_RATCHET_HI_T423,29291.0,29188.75,102.25,1.0,0.0,0.0
M26,2026-05-18,SHORT,1m_expand_break,expand_break,ALL,1,29405.69,,,,-5.0,-0.532795,29356.25,29276.25,29316.25,80.0,4.23,29017.85,29358.25,29206.0,7,09:36,29258.25,1,8,2,09:37,29257.75,2,26,6,09:55,29278.25,ratchet_stop,,none,5m_hi_confirm_1m_close,0,-20.5,-21.0,0.5,19,122.75,31.75,1,0,0,ALL_EXPAND_INV1618_RATCHET_HI_T423,29356.25,29271.25,85.0,1.0625,1.0,0.0
M26,2026-05-19,SHORT,1m_expand_break,expand_break,ALL,1,29090.9275,,,,4.0,-0.408276,28999.0,28850.25,28924.625,148.75,4.23,28369.7875,29001.0,28729.0,36,10:05,28836.5,30,37,8,10:06,28837.0,31,61,13,10:30,28739.5,ratchet_stop,,none,5m_hi_confirm_1m_close,0,97.5,97.0,0.5,25,174.0,33.25,0,0,0,ALL_EXPAND_INV1618_RATCHET_HI_T423,29044.25,28850.25,194.0,1.3042,1.0,4.0
M26,2026-05-20,SHORT,1m_expand_break,expand_break,ALL,1,29207.03,,,,7.0,-0.009964,29154.5,29069.5,29112.0,85.0,4.23,28794.95,29156.5,29142.0,6,09:35,29066.75,0,7,2,09:36,29066.75,1,17,4,09:46,29193.0,ratchet_stop,,none,5m_hi_confirm_1m_close,0,-126.25,-126.75,0.5,11,43.5,127.0,0,0,0,ALL_EXPAND_INV1618_RATCHET_HI_T423,29154.5,29069.5,85.0,1.0,0.0,0.0
M26,2026-05-22,SHORT,1m_expand_break,expand_break,ALL,1,29723.567,,,,7.0,0.566821,29657.75,29551.25,29604.5,106.5,4.23,29207.255,29659.75,29559.0,54,10:23,29492.5,48,55,11,10:24,29492.75,49,61,13,10:30,29567.25,ratchet_stop,,none,5m_hi_confirm_1m_close,0,-74.5,-75.0,0.5,7,2.5,83.0,0,0,0,ALL_EXPAND_INV1618_RATCHET_HI_T423,29676.75,29515.5,161.25,1.5141,4.0,5.0
M26,2026-05-26,SHORT,1m_expand_break,expand_break,ALL,1,29992.474,,,,-7.0,-0.72972,29935.0,29842.0,29888.5,93.0,4.23,29541.61,29937.0,29864.75,6,09:35,29840.5,0,7,2,09:36,29840.75,1,16,4,09:45,29962.25,ratchet_stop,,none,5m_hi_confirm_1m_close,0,-121.5,-122.0,0.5,10,6.25,122.5,0,0,0,ALL_EXPAND_INV1618_RATCHET_HI_T423,29935.0,29842.0,93.0,1.0,0.0,0.0
M26,2026-05-27,SHORT,1m_expand_break,expand_break,ALL,1,30232.9425,,,,-6.0,-0.012362,30192.0,30125.75,30158.875,66.25,4.23,29911.7625,30194.0,30032.25,6,09:35,30116.0,0,7,2,09:36,30116.5,1,28,6,09:57,30043.25,ratchet_stop,,none,5m_hi_confirm_1m_close,0,73.25,72.75,0.5,22,179.5,14.75,1,1,0,ALL_EXPAND_INV1618_RATCHET_HI_T423,30192.0,30125.75,66.25,1.0,0.0,0.0
M26,2026-05-28,SHORT,1m_expand_break,expand_break,ALL,1,30177.817,,,,-4.0,-0.895902,30112.0,30005.5,30058.75,106.5,4.23,29661.505,30114.0,29993.5,10,09:39,29981.75,4,11,3,09:40,29981.5,5,23,5,09:52,29995.5,ratchet_stop,,none,5m_hi_confirm_1m_close,0,-14.0,-14.5,0.5,13,61.25,15.25,0,0,0,ALL_EXPAND_INV1618_RATCHET_HI_T423,30112.0,29984.75,127.25,1.1948,1.0,0.0
M26,2026-06-02,SHORT,1m_expand_break,expand_break,ALL,1,30630.0135,,,,-8.0,-0.277285,30567.75,30467.0,30517.375,100.75,4.23,30141.5775,30569.75,30489.25,6,09:35,30456.0,0,7,2,09:36,30457.25,1,16,4,09:45,30507.75,ratchet_stop,,none,5m_hi_confirm_1m_close,0,-50.5,-51.0,0.5,10,33.5,64.75,0,0,0,ALL_EXPAND_INV1618_RATCHET_HI_T423,30567.75,30467.0,100.75,1.0,0.0,0.0
M26,2026-06-03,SHORT,1m_expand_break,expand_break,ALL,1,30865.6875,,,,-6.0,-0.980843,30807.75,30714.0,30760.875,93.75,4.23,30411.1875,30809.75,30625.0,6,09:35,30680.0,0,7,2,09:36,30680.5,1,33,7,10:02,30631.25,ratchet_stop,,none,5m_hi_confirm_1m_close,0,49.25,48.75,0.5,27,184.5,57.0,1,0,0,ALL_EXPAND_INV1618_RATCHET_HI_T423,30807.75,30714.0,93.75,1.0,0.0,0.0
M26,2026-06-04,SHORT,1m_expand_break,expand_break,ALL,1,30442.5875,,,,5.0,0.671927,30353.75,30210.0,30281.875,143.75,4.23,29745.6875,30355.75,30284.25,16,09:45,30199.0,10,17,4,09:46,30198.75,11,29,6,09:58,30291.5,ratchet_stop,,none,5m_hi_confirm_1m_close,0,-92.75,-93.25,0.5,13,7.25,117.25,0,0,0,ALL_EXPAND_INV1618_RATCHET_HI_T423,30364.5,30210.0,154.5,1.0748,1.0,0.0
M26,2026-06-05,SHORT,1m_expand_break,expand_break,ALL,1,30163.3815,,,,0.0,-0.042651,30100.5,29998.75,30049.625,101.75,4.23,29670.0975,30102.5,29829.75,9,09:38,29985.5,3,10,2,09:39,29985.5,4,41,9,10:10,29856.5,ratchet_stop,,none,5m_hi_confirm_1m_close,0,129.0,128.5,0.5,32,227.5,24.0,1,1,0,ALL_EXPAND_INV1618_RATCHET_HI_T423,30100.5,29996.0,104.5,1.027,1.0,0.0
M26,2026-06-08,SHORT,1m_expand_break,expand_break,ALL,1,29690.296,,,,-7.0,-0.860368,29584.0,29412.0,29498.0,172.0,4.23,28856.44,29586.0,29432.0,28,09:57,29379.25,22,29,6,09:58,29378.5,23,42,9,10:11,29459.75,ratchet_stop,,none,5m_hi_confirm_1m_close,0,-81.25,-81.75,0.5,14,47.0,89.0,0,0,0,ALL_EXPAND_INV1618_RATCHET_HI_T423,29584.0,29397.5,186.5,1.0843,1.0,0.0
M26,2026-06-12,SHORT,1m_expand_break,expand_break,ALL,1,29623.364,,,,-6.0,0.286895,29501.0,29303.0,29402.0,198.0,4.23,28663.46,29503.0,29341.25,13,09:42,29269.25,7,14,3,09:43,29265.5,8,26,6,09:55,29342.5,ratchet_stop,,none,5m_hi_confirm_1m_close,0,-77.0,-77.5,0.5,13,35.5,96.75,0,0,0,ALL_EXPAND_INV1618_RATCHET_HI_T423,29501.0,29303.0,198.0,1.0,0.0,0.0
U26,2026-06-17,SHORT,1m_expand_break,expand_break,ALL,1,30594.3395,,,,-6.0,0.161032,30527.75,30420.0,30473.875,107.75,4.23,30071.9675,30529.75,30474.25,9,09:38,30407.0,3,10,2,09:39,30408.25,4,16,4,09:45,30506.25,ratchet_stop,,none,5m_hi_confirm_1m_close,0,-98.0,-98.5,0.5,7,10.0,134.0,0,0,0,ALL_EXPAND_INV1618_RATCHET_HI_T423,30527.75,30420.0,107.75,1.0,0.0,0.0
U26,2026-06-18,SHORT,1m_expand_break,expand_break,ALL,1,30697.8485,,,,-8.0,-0.802222,30615.5,30482.25,30548.875,133.25,4.23,30051.8525,30617.5,30483.5,6,09:35,30469.0,0,7,2,09:36,30468.75,1,21,5,09:50,30492.0,ratchet_stop,,none,5m_hi_confirm_1m_close,0,-23.25,-23.75,0.5,15,77.75,41.25,0,0,0,ALL_EXPAND_INV1618_RATCHET_HI_T423,30615.5,30482.25,133.25,1.0,0.0,0.0
U26,2026-06-22,SHORT,1m_expand_break,expand_break,ALL,1,30995.0005,,,,-3.0,-0.437804,30904.0,30756.75,30830.375,147.25,4.23,30281.1325,30906.0,30656.0,58,10:27,30746.0,52,59,12,10:28,30745.5,53,91,19,11:00,30663.25,ratchet_stop,,none,5m_hi_confirm_1m_close,0,82.25,81.75,0.5,33,200.5,42.5,0,0,0,ALL_EXPAND_INV1618_RATCHET_HI_T423,30968.0,30756.75,211.25,1.4346,4.0,5.0
U26,2026-06-24,SHORT,1m_expand_break,expand_break,ALL,1,29966.69,,,,6.0,0.638927,29840.0,29635.0,29737.5,205.0,4.23,28972.85,29842.0,29741.5,12,09:41,29629.75,6,13,3,09:42,29630.0,7,22,5,09:51,29768.0,ratchet_stop,,none,5m_hi_confirm_1m_close,0,-138.0,-138.5,0.5,10,67.75,142.75,0,0,0,ALL_EXPAND_INV1618_RATCHET_HI_T423,29841.5,29635.0,206.5,1.0073,1.0,0.0
U26,2026-06-25,SHORT,1m_expand_break,expand_break,ALL,1,30287.554,,,,-7.0,-0.333068,30193.0,30040.0,30116.5,153.0,4.23,29545.81,30195.0,30090.5,8,09:37,30029.75,2,9,2,09:38,30029.5,3,19,4,09:48,29545.81,target_4.23,,none,5m_hi_confirm_1m_close,0,483.69,483.19,0.5,11,499.25,6.25,1,1,1,ALL_EXPAND_INV1618_RATCHET_HI_T423,30193.0,30040.0,153.0,1.0,0.0,0.0
U26,2026-06-29,SHORT,1m_expand_break,expand_break,ALL,1,29900.4205,,,,7.0,0.676306,29769.25,29557.0,29663.125,212.25,4.23,28871.4325,29771.25,29388.0,36,10:05,29505.25,30,37,8,10:06,29507.0,31,56,12,10:25,29448.5,ratchet_stop,,none,5m_hi_confirm_1m_close,0,58.5,58.0,0.5,20,233.25,48.0,0,0,0,ALL_EXPAND_INV1618_RATCHET_HI_T423,29840.0,29531.75,308.25,1.4523,5.0,5.0
U26,2026-07-01,SHORT,1m_expand_break,expand_break,ALL,1,30355.9445,,,,-8.0,-0.690181,30260.0,30104.75,30182.375,155.25,4.23,29603.2925,30262.0,30162.5,6,09:35,30102.5,0,7,2,09:36,30102.5,1,17,4,09:46,30197.5,ratchet_stop,,none,5m_hi_confirm_1m_close,0,-95.0,-95.5,0.5,11,8.0,104.75,0,0,0,ALL_EXPAND_INV1618_RATCHET_HI_T423,30260.0,30104.75,155.25,1.0,0.0,0.0
U26,2026-07-07,SHORT,1m_expand_break,expand_break,ALL,1,29791.119,,,,-7.0,-0.793934,29685.75,29515.25,29600.5,170.5,4.23,28964.535,29687.75,29274.75,9,09:38,29502.75,3,10,2,09:39,29501.5,4,81,17,10:50,29275.0,ratchet_stop,,none,5m_hi_confirm_1m_close,0,226.5,226.0,0.5,72,291.5,105.5,1,0,0,ALL_EXPAND_INV1618_RATCHET_HI_T423,29685.75,29503.75,182.0,1.0674,1.0,0.0
U26,2026-07-08,SHORT,1m_expand_break,expand_break,ALL,1,29405.677,,,,7.0,0.052424,29327.5,29201.0,29264.25,126.5,4.23,28792.405,29329.5,29257.5,78,10:47,29184.25,72,79,16,10:48,29183.5,73,87,18,10:56,29257.5,ratchet_stop,,none,5m_hi_confirm_1m_close,0,-74.0,-74.5,0.5,9,32.5,114.0,0,0,0,ALL_EXPAND_INV1618_RATCHET_HI_T423,29394.75,29201.0,193.75,1.5316,5.0,10.0
U26,2026-07-10,SHORT,1m_expand_break,expand_break,ALL,1,29988.4575,,,,7.0,0.196243,29921.25,29812.5,29866.875,108.75,4.23,29461.2375,29923.25,29923.25,11,09:40,29806.0,5,12,3,09:41,29807.0,6,20,4,09:49,29940.75,init_stop,,none,5m_hi_confirm_1m_close,0,-133.75,-134.25,0.5,9,7.75,142.75,0,0,0,ALL_EXPAND_INV1618_RATCHET_HI_T423,29936.75,29812.5,124.25,1.1425,3.0,0.0
U26,2026-07-13,SHORT,1m_expand_break,expand_break,ALL,1,29802.449,,,,-7.0,-0.493283,29737.25,29631.75,29684.5,105.5,4.23,29290.985,29739.25,29600.75,8,09:37,29619.75,2,9,2,09:38,29620.25,3,29,6,09:58,29607.25,ratchet_stop,,none,5m_hi_confirm_1m_close,0,13.0,12.5,0.5,21,102.25,46.5,0,0,0,ALL_EXPAND_INV1618_RATCHET_HI_T423,29737.25,29626.25,111.0,1.0521,1.0,0.0
U26,2026-07-14,SHORT,1m_expand_break,expand_break,ALL,1,29893.618,,,,-8.0,-0.274942,29815.75,29689.75,29752.75,126.0,4.23,29282.77,29817.75,29690.5,36,10:05,29670.0,30,37,8,10:06,29669.75,31,53,11,10:22,29708.5,ratchet_stop,,none,5m_hi_confirm_1m_close,0,-38.75,-39.25,0.5,17,102.25,45.25,0,0,0,ALL_EXPAND_INV1618_RATCHET_HI_T423,29815.75,29685.0,130.75,1.0377,1.0,0.0
U26,2026-07-15,SHORT,1m_expand_break,expand_break,ALL,1,30017.67,,,,1.0,0.17024,29977.5,29912.5,29945.0,65.0,4.23,29702.55,29979.5,29801.75,8,09:37,29878.75,2,9,2,09:38,29879.0,3,31,7,10:00,29838.25,ratchet_stop,,none,5m_hi_confirm_1m_close,0,40.75,40.25,0.5,23,124.5,15.0,1,1,0,ALL_EXPAND_INV1618_RATCHET_HI_T423,29977.5,29910.5,67.0,1.0308,1.0,0.0
U26,2026-07-16,SHORT,1m_expand_break,expand_break,ALL,1,29595.1905,,,,-6.0,-0.94826,29532.0,29429.75,29480.875,102.25,4.23,29099.4825,29534.0,29342.75,6,09:35,29417.25,0,7,2,09:36,29418.75,1,30,6,09:59,29347.5,ratchet_stop,,none,5m_hi_confirm_1m_close,0,71.25,70.75,0.5,24,163.25,52.25,1,0,0,ALL_EXPAND_INV1618_RATCHET_HI_T423,29532.0,29429.75,102.25,1.0,0.0,0.0
U26,2026-07-17,SHORT,1m_expand_break,expand_break,ALL,1,28776.3825,,,,-6.0,-0.82075,28686.0,28539.75,28612.875,146.25,4.23,28067.3625,28688.0,28512.0,7,09:36,28523.25,1,8,2,09:37,28523.75,2,21,5,09:50,28520.75,ratchet_stop,,none,5m_hi_confirm_1m_close,0,3.0,2.5,0.5,14,115.5,14.25,0,0,0,ALL_EXPAND_INV1618_RATCHET_HI_T423,28686.0,28530.75,155.25,1.0615,1.0,0.0
U26,2026-07-20,SHORT,1m_expand_break,expand_break,ALL,1,29206.966,,,,8.0,0.546112,29137.75,29025.75,29081.75,112.0,4.23,28663.99,29139.75,29005.5,28,09:57,28999.25,22,29,6,09:58,28999.25,23,57,12,10:26,29005.75,ratchet_stop,,none,5m_hi_confirm_1m_close,0,-6.5,-7.0,0.5,29,91.25,49.75,0,0,0,ALL_EXPAND_INV1618_RATCHET_HI_T423,29160.75,29018.5,142.25,1.2701,5.0,7.0
U26,2026-07-21,SHORT,1m_expand_break,expand_break,ALL,1,29316.2385,,,,-7.0,-0.461546,29246.25,29133.0,29189.625,113.25,4.23,28767.2025,29248.25,29153.5,17,09:46,29114.75,11,18,4,09:47,29114.5,12,31,7,10:00,29170.0,ratchet_stop,,none,5m_hi_confirm_1m_close,0,-55.5,-56.0,0.5,14,22.0,74.0,0,0,0,ALL_EXPAND_INV1618_RATCHET_HI_T423,29246.25,29126.0,120.25,1.0618,2.0,0.0
U26,2026-07-24,SHORT,1m_expand_break,expand_break,ALL,1,28673.0305,,,,6.0,0.883,28606.75,28499.5,28553.125,107.25,4.23,28153.0825,28608.75,28368.5,11,09:40,28492.0,5,12,3,09:41,28493.0,6,36,8,10:05,28373.25,ratchet_stop,,none,5m_hi_confirm_1m_close,0,119.75,119.25,0.5,25,188.75,18.75,1,0,0,ALL_EXPAND_INV1618_RATCHET_HI_T423,28622.0,28499.5,122.5,1.1422,1.0,0.0
U26,2026-07-27,SHORT,1m_expand_break,expand_break,ALL,1,28695.3175,,,,-2.0,0.270207,28615.75,28487.0,28551.375,128.75,4.23,28071.1375,28617.75,28261.0,13,09:42,28458.25,7,14,3,09:43,28459.0,8,61,13,10:30,28071.1375,target_4.23,,none,5m_hi_confirm_1m_close,0,387.8625,387.3625,0.5,48,407.25,45.0,1,1,1,ALL_EXPAND_INV1618_RATCHET_HI_T423,28615.75,28487.0,128.75,1.0,0.0,0.0
U26,2026-07-28,SHORT,1m_expand_break,expand_break,ALL,1,28066.6235,,,,-5.0,-0.525227,27992.0,27871.25,27931.625,120.75,4.23,27481.2275,27994.0,27720.5,7,09:36,27860.5,1,8,2,09:37,27861.0,2,36,8,10:05,27766.25,ratchet_stop,,none,5m_hi_confirm_1m_close,0,94.75,94.25,0.5,29,219.25,17.5,1,0,0,ALL_EXPAND_INV1618_RATCHET_HI_T423,27992.0,27871.25,120.75,1.0,0.0,0.0
U26,2026-07-29,SHORT,1m_expand_break,expand_break,ALL,1,28074.7505,,,,6.0,0.579231,27983.75,27836.5,27910.125,147.25,4.23,27360.8825,27985.75,27752.75,21,09:50,27796.75,15,22,5,09:51,27796.25,16,36,8,10:05,27793.25,ratchet_stop,,none,5m_hi_confirm_1m_close,0,3.0,2.5,0.5,15,128.5,30.25,0,0,0,ALL_EXPAND_INV1618_RATCHET_HI_T423,27996.0,27816.0,180.0,1.2224,3.0,0.0
U26,2026-07-31,SHORT,1m_expand_break,expand_break,ALL,1,28812.706,,,,4.0,0.023717,28709.5,28542.5,28626.0,167.0,4.23,28003.09,28711.5,28192.0,11,09:40,28537.25,5,12,3,09:41,28536.0,6,51,11,10:20,28224.0,ratchet_stop,,none,5m_hi_confirm_1m_close,0,312.0,311.5,0.5,40,456.25,42.25,1,1,0,ALL_EXPAND_INV1618_RATCHET_HI_T423,28725.75,28542.5,183.25,1.0973,1.0,0.0
U26,2026-08-05,SHORT,1m_expand_break,expand_break,ALL,1,30061.2995,,,,7.0,0.889587,30013.25,29935.5,29974.375,77.75,4.23,29684.3675,30015.25,30015.25,7,09:36,29929.25,1,8,2,09:37,29930.5,2,12,3,09:41,30017.0,init_stop,,none,5m_hi_confirm_1m_close,0,-86.5,-87.0,0.5,5,20.25,107.75,0,0,0,ALL_EXPAND_INV1618_RATCHET_HI_T423,30023.5,29935.5,88.0,1.1318,1.0,0.0
U26,2026-08-07,SHORT,1m_expand_break,expand_break,ALL,1,29894.9805,,,,6.0,0.659785,29813.25,29681.0,29747.125,132.25,4.23,29253.8325,29815.25,29684.75,28,09:57,29666.5,22,29,6,09:58,29666.25,23,49,10,10:18,29692.25,ratchet_stop,,none,5m_hi_confirm_1m_close,0,-26.0,-26.5,0.5,21,101.75,47.0,0,0,0,ALL_EXPAND_INV1618_RATCHET_HI_T423,29820.0,29681.0,139.0,1.051,1.0,0.0
U26,2026-08-11,SHORT,1m_expand_break,expand_break,ALL,1,29914.188,,,,-8.0,-0.335205,29842.5,29726.5,29784.5,116.0,4.23,29351.82,29844.5,29725.0,6,09:35,29698.25,0,7,2,09:36,29697.25,1,30,6,09:59,29732.75,ratchet_stop,,none,5m_hi_confirm_1m_close,0,-35.5,-36.0,0.5,24,65.5,59.0,0,0,0,ALL_EXPAND_INV1618_RATCHET_HI_T423,29842.5,29726.5,116.0,1.0,0.0,0.0
U26,2026-08-12,SHORT,1m_expand_break,expand_break,ALL,1,30078.382,,,,-8.0,-0.443299,30001.75,29877.75,29939.75,124.0,4.23,29477.23,30003.75,29842.5,124,11:33,29826.0,118,125,25,11:34,29825.5,119,143,29,11:52,29847.75,ratchet_stop,,none,5m_hi_confirm_1m_close,0,-22.25,-22.75,0.5,19,7.0,32.75,0,0,0,ALL_EXPAND_INV1618_RATCHET_HI_T423,30001.75,29828.25,173.5,1.3992,5.0,0.0
U26,2026-08-14,SHORT,1m_expand_break,expand_break,ALL,1,30308.8975,,,,-5.0,-0.843128,30269.5,30205.75,30237.625,63.75,4.23,29999.8375,30271.5,30222.0,6,09:35,30199.75,0,7,2,09:36,30200.5,1,16,4,09:45,30265.75,ratchet_stop,,none,5m_hi_confirm_1m_close,0,-65.25,-65.75,0.5,10,30.75,74.75,0,0,0,ALL_EXPAND_INV1618_RATCHET_HI_T423,30269.5,30205.75,63.75,1.0,0.0,0.0
U26,2026-08-17,SHORT,1m_expand_break,expand_break,ALL,1,30312.35,,,,-5.0,-0.817748,30266.0,30191.0,30228.5,75.0,4.23,29948.75,30268.0,30113.5,223,13:12,30149.0,217,224,45,13:13,30149.25,218,252,51,13:41,30114.0,ratchet_stop,,none,5m_hi_confirm_1m_close,0,35.25,34.75,0.5,29,62.75,1.25,0,0,0,ALL_EXPAND_INV1618_RATCHET_HI_T423,30278.0,30152.25,125.75,1.6767,10.0,6.0
U26,2026-08-18,SHORT,1m_expand_break,expand_break,ALL,1,29831.882,,,,-1.0,0.164331,29755.25,29631.25,29693.25,124.0,4.23,29230.73,29757.25,29665.25,26,09:55,29614.0,20,27,6,09:56,29613.75,21,38,8,10:07,29666.25,ratchet_stop,,none,5m_hi_confirm_1m_close,0,-52.5,-53.0,0.5,12,5.75,92.0,0,0,0,ALL_EXPAND_INV1618_RATCHET_HI_T423,29767.0,29631.25,135.75,1.0948,1.0,2.0
U26,2026-08-19,SHORT,1m_expand_break,expand_break,ALL,1,29800.9965,,,,-5.0,-0.435983,29742.75,29648.5,29695.625,94.25,4.23,29344.0725,29744.75,29462.0,7,09:36,29626.5,1,8,2,09:37,29627.25,2,60,12,10:29,29482.5,ratchet_stop,,none,5m_hi_confirm_1m_close,0,144.75,144.25,0.5,53,251.5,23.0,1,1,0,ALL_EXPAND_INV1618_RATCHET_HI_T423,29742.75,29648.5,94.25,1.0,0.0,0.0
U26,2026-08-20,SHORT,1m_expand_break,expand_break,ALL,1,29492.8645,,,,2.0,-0.169914,29434.0,29338.75,29386.375,95.25,4.23,29031.0925,29436.0,29391.75,23,09:52,29322.5,17,24,5,09:53,29321.75,18,41,9,10:10,29395.75,ratchet_stop,,none,5m_hi_confirm_1m_close,0,-74.0,-74.5,0.5,18,13.0,87.25,0,0,0,ALL_EXPAND_INV1618_RATCHET_HI_T423,29460.0,29337.0,123.0,1.2913,6.0,5.0
U26,2026-08-21,SHORT,1m_expand_break,expand_break,ALL,1,29549.0785,,,,-8.0,-0.72187,29476.0,29357.75,29416.875,118.25,4.23,28975.8025,29478.0,29320.25,14,09:43,29314.5,8,15,3,09:44,29314.5,9,36,8,10:05,29320.75,ratchet_stop,,none,5m_hi_confirm_1m_close,0,-6.25,-6.75,0.5,22,58.75,44.75,0,0,0,ALL_EXPAND_INV1618_RATCHET_HI_T423,29476.0,29319.0,157.0,1.3277,3.0,0.0
U26,2026-08-24,SHORT,1m_expand_break,expand_break,ALL,1,29341.7255,,,,-5.0,0.095868,29243.0,29083.25,29163.125,159.75,4.23,28567.2575,29245.0,29030.75,9,09:38,29075.5,3,10,2,09:39,29074.0,4,29,6,09:58,29033.0,ratchet_stop,,none,5m_hi_confirm_1m_close,0,41.0,40.5,0.5,20,127.25,18.0,0,0,0,ALL_EXPAND_INV1618_RATCHET_HI_T423,29243.0,29083.25,159.75,1.0,0.0,0.0
U26,2026-08-25,SHORT,1m_expand_break,expand_break,ALL,1,29436.196,,,,9.0,0.584572,29376.25,29279.25,29327.75,97.0,4.23,28965.94,29378.25,29252.25,33,10:02,29272.75,27,34,7,10:03,29274.25,28,69,14,10:38,29253.75,ratchet_stop,,none,5m_hi_confirm_1m_close,0,20.5,20.0,0.5,36,136.25,15.0,0,0,0,ALL_EXPAND_INV1618_RATCHET_HI_T423,29396.25,29275.0,121.25,1.25,4.0,3.0
